start,end,type,death_toll,damage_cost_billion,location,other_keyword
2023-08-26,2023-09-08,hurricane,7,5.0,"southeaster,Florida",Idalia
2023-03-31,2023-04-01,tornado,33,4.3,"Midwestern,Southern,Eastern",
2023-08-08,2023-08-11,wildfire,110,6.0,"Hawaii,Maui",
2023-03-24,2023-03-27,tornado,25,1.9,Southern,
2023-03-01,2023-03-04,"flood,tornado",13,4.5,"Southwestern,Southeastern",
2023-02-21,2023-02-28,"tornado,winter storm,derecho",14,,"Western,Southern,Midwestern",
2022-12-21,2022-12-26,winter storm,106,5.4,"Western,Midwestern,Great Lakes",
2022-12-20,2022-12-20,earthquake,2,,"Ferndale,North Coast,California",
2022-11-17,2022-11-20,winter storm,4,,Great Lakes,
2022-11-07,2022-11-11,hurricane,11,1.0,Southeastern,Nicole
2022-09-23,2022-09-30,hurricane,157,113.1,"Southeast,Florida,Carolinas",Ian
2022-07-24,2022-08-27,flood,44,1.2,"Southern,Southwestern",
2022-06-13,2022-06-24,flood,1,0.029,Montana,
2022-04-04,2023-04-07,tornado,3,1.3,"Southern,Midwestern,Eastern",
2022-03-29,2023-03-31,tornado,3,1.3,"Southern,Midwestern,Eastern",
2022-03-21,2023-03-23,tornado,7,0.049,"Southern,Eastern",
2022-03-05,2023-03-07,tornado,9,1.0,"Midwestern,Mississippi Valley",
2022-02-01,2022-02-09,winter storm,8,0.35,"Central,Southeastern,Northeastern,Midwestern",
2022-01-27,2022-01-31,blizzard,4,0.05,Northeastern,
2021-12-13,2021-12-18,"tornado,derecho",7,1.8,"Western,Midwestern",
2021-12-15,2021-12-23,wildfire,2,2.3,Kansas,
2021-12-10,2021-12-11,tornado,90,3.9,"Kentucky,Illinois,Tennessee,Missouri,Arkansas",
2021-11-14,2021-12-17,flood,5,7.5,"Northwestern,Washington",
2021-08-26,2021-09-05,hurricane,107,75.25,"Louisiana,New Jersey,Gulf Coast,Northeastern",Ida
2021-06-25,2021-07-07,heat wave,229,8.9,West,
2021-06-20,2021-06-21,"flood,tornado",3,0.053,"Iowa,Illinois,Indiana,",
2021-02-13,2021-02-20,winter storm,276,196.5,"entire,Texas",
2021-10-19,2021-10-26,bomb cyclone,2,0.4,west,
2020-02-15,2021-01-05,wildfire,47,19.9,"California,Oregon,Washington",
2020-08-10,2020-08-11,derecho,4,11.0,"Nebraska,Iowa,Illinois,Wisconsin,Indiana,Midwestern",
2020-10-31,2020-11-14,hurricane,211,7.9," Eastern,Virginia,Carolinas,Florida",Eta
2020-10-24,2020-10-30,hurricane,8,3.6,"Louisiana,Mississippi,Alabama,East Coast",Zeta
2020-10-04,2020-10-12,hurricane,6,3.1,"Louisiana,Mississippi,Alabama,Georgia,Carolinas",Delta
2020-09-11,2020-09-18,hurricane,8,7.3,"Florida,Alabama",Sally
2020-08-20,2020-08-29,hurricane,77,19.1,"Puerto Rico,Florida,Louisiana,Texas,Mississippi,Arkansas",Laura
2020-07-30,2020-08-05,hurricane,18,4.72,"Florida,The Carolinas,Mid-Atlantic,Pennsylvania,New Jersey,New York,New England",Isaias
2020-07-23,2020-07-26,hurricane,9,1.2,Texas,Hanna
2019-07-04,2019-07-06,earthquake,1,5.3,"California,Nevada,Arizona",Ridgecrest
2019-08-24,2019-09-10,hurricane,84,5.1,"Florida,Carolinas",Dorian
2019-09-17,2019-09-19,tropical storm,7,5.0,"Texas,Louisiana,Oklahoma,Arkansas",Imelda
