webPublicationDate,webTitle,webUrl,type,disaster_type,path
2018-04-18T10:00:21Z,"California mudslides: as wealthy town recovers, undocumented are left behind",https://www.theguardian.com/us-news/2018/apr/18/california-mudslides-montecito-undocumented-immigrants,article,,../data/disaster_news/articles/2018_04_18_gardian_0.txt
2018-04-18T03:28:55Z,Attack of the giant tumbleweed: California town swamped in invasion,https://www.theguardian.com/us-news/2018/apr/18/attack-of-the-giant-tumbleweed-california-town-swamped-in-invasion,article,,../data/disaster_news/articles/2018_04_18_gardian_1.txt
2018-04-18T07:41:05Z,"Barbara Bush, former first lady, dies aged 92",https://www.theguardian.com/us-news/2018/apr/18/barbara-bush-former-first-lady-dies-aged-92,article,,../data/disaster_news/articles/2018_04_18_gardian_2.txt
2018-04-09T17:05:02Z,Zuckerberg's testimony: CEO will defend Facebook as 'positive force',https://www.theguardian.com/us-news/2018/apr/09/mark-zuckerberg-facebook-testimony-congress,article,,../data/disaster_news/articles/2018_04_09_gardian_3.txt
2018-04-11T21:19:46Z,'It's a turning point': Oklahoma teachers buoyed by success of 110-mile march,https://www.theguardian.com/us-news/2018/apr/11/oklahoma-teachers-110-mile-march-for-jobs,article,,../data/disaster_news/articles/2018_04_11_gardian_4.txt
2018-04-21T06:00:06Z,What happened to winter? Vanishing ice convulses Alaskans' way of life,https://www.theguardian.com/us-news/2018/apr/21/alaska-climate-change-winter-way-of-life,article,,../data/disaster_news/articles/2018_04_21_gardian_5.txt
2018-04-15T11:00:11Z,"Alabama police shot a teen dead, but his friend got 30 years for the murder",https://www.theguardian.com/us-news/2018/apr/15/alabama-accomplice-law-lakeith-smith,article,,../data/disaster_news/articles/2018_04_15_gardian_6.txt
2018-04-11T18:45:33Z,Trump's Russia tweets show how misinformation can lead to global crisis,https://www.theguardian.com/us-news/2018/apr/11/trumps-russia-tweets-show-how-misinformation-can-lead-to-global-crisis,article,,../data/disaster_news/articles/2018_04_11_gardian_7.txt
2018-04-04T13:37:22Z,"Illegal tactics used to force confessions from California prisoners, ACLU alleges",https://www.theguardian.com/us-news/2018/apr/04/orange-county-prison-aclu-lawsuit-illegal-scheme-confessions,article,,../data/disaster_news/articles/2018_04_04_gardian_8.txt
2018-04-14T05:00:13Z,A Higher Loyalty review: Comey is unsparing in his disgust at Trump,https://www.theguardian.com/us-news/2018/apr/14/a-higher-loyalty-review-james-comey-trump-book,article,,../data/disaster_news/articles/2018_04_14_gardian_9.txt
2018-04-07T11:00:01Z,EPA insiders bemoan low point in agency's history: 'People are so done',https://www.theguardian.com/us-news/2018/apr/07/epa-scott-pruitt-criticism-environment,article,,../data/disaster_news/articles/2018_04_07_gardian_10.txt
2018-04-10T16:02:17Z,You're fired! I quit! The major Trump administration departures,https://www.theguardian.com/us-news/2018/mar/07/donald-trump-white-house-resignations-firings-full-list,article,,../data/disaster_news/articles/2018_04_10_gardian_11.txt
