webPublicationDate,webTitle,webUrl,type,disaster_type,path
2018-08-25T03:00:05Z,Hurricane Lane pummels Hawaii with floods and fire as thousands lose power,https://www.theguardian.com/us-news/2018/aug/24/hurricane-lane-hawaii-power-outages-flooding,article,flood,../data/disaster_news/articles/2018_08_25_gardian_0.txt
2018-08-23T09:00:39Z,"Hawaii braces for Hurricane Lane in year of floods, quakes and volcanic eruptions",https://www.theguardian.com/us-news/2018/aug/23/hawaii-hurricane-lane-floods-earthquakes-volcano,article,flood,../data/disaster_news/articles/2018_08_23_gardian_1.txt
2018-08-28T10:00:08Z,Wildfire fighters see record death toll as climate pushes teams 'to the limit',https://www.theguardian.com/us-news/2018/aug/28/california-wildfire-firefighters-deaths-climate-change,article,wildfire,../data/disaster_news/articles/2018_08_28_gardian_2.txt
2018-08-08T01:08:09Z,'Dear Ivanka': celebrities flood Trump's Instagram over family separations,https://www.theguardian.com/us-news/2018/aug/08/dear-ivanka-trump-instagram-campaign-celebrities,article,flood,../data/disaster_news/articles/2018_08_08_gardian_3.txt
2018-08-08T10:00:05Z,Another Flint? Why Puerto Ricans no longer trust water after the hurricane,https://www.theguardian.com/us-news/2018/aug/08/puerto-rico-hurricane-maria-water-quality,article,hurricane,../data/disaster_news/articles/2018_08_08_gardian_4.txt
2018-08-26T12:59:08Z,Hawaii's daredevil surfers grab their boards to ride hurricane's epic waves,https://www.theguardian.com/us-news/2018/aug/26/hawaii-surfing-hurricane-lane-waves-storm,article,hurricane,../data/disaster_news/articles/2018_08_26_gardian_5.txt
2018-08-07T10:00:23Z,Caribbean states beg Trump to grasp climate change threat: 'War has come to us',https://www.theguardian.com/us-news/2018/aug/07/trump-climate-change-threat-caribbean-islands-warning,article,,../data/disaster_news/articles/2018_08_07_gardian_6.txt
2018-08-09T15:11:38Z,Ricanstruction: how Puerto Rico's artists responded to the storm,https://www.theguardian.com/world/2018/aug/09/ricanstruction-puerto-ricos-artists-storm-maria,article,storm,../data/disaster_news/articles/2018_08_09_gardian_7.txt
2018-08-22T20:30:23Z,Weatherwatch: California's wildfires worsened by local wind conditions,https://www.theguardian.com/us-news/2018/aug/22/weatherwatch-californias-wildfires-worsened-by-local-wind-conditions,article,wildfire,../data/disaster_news/articles/2018_08_22_gardian_8.txt
2018-08-02T10:00:17Z,What happens after Ice tears your family apart: 'The storm descended',https://www.theguardian.com/us-news/2018/aug/02/what-happens-after-ice-tears-your-family-apart-the-storm-descended,article,storm,../data/disaster_news/articles/2018_08_02_gardian_9.txt
2018-08-07T10:00:24Z,Despair and anxiety:  Puerto Rico's 'living emergency' as a mental health crisis unfolds,https://www.theguardian.com/world/2018/aug/07/despair-and-anxiety-puerto-ricos-living-emergency-as-a-mental-health-crisis-unfolds,article,,../data/disaster_news/articles/2018_08_07_gardian_10.txt
2018-08-17T22:42:46Z,Californians watch wildfires burn their houses via home security cameras,https://www.theguardian.com/us-news/2018/aug/17/california-wildfires-livestream-security-cameras,article,wildfire,../data/disaster_news/articles/2018_08_17_gardian_11.txt
2018-08-09T10:00:16Z,Exiled in Florida: the Puerto Ricans struggling to build a new life off island,https://www.theguardian.com/world/2018/aug/09/exiled-in-florida-puerto-ricans-struggling-to-build-a-new-life-off-island,article,,../data/disaster_news/articles/2018_08_09_gardian_12.txt
2018-08-14T10:00:04Z,Hawaiian town rocked by up to 800 earthquakes daily as volcano erupts,https://www.theguardian.com/us-news/2018/aug/14/kilauea-volcano-hawaii-earthquakes-tourism,article,earthquake,../data/disaster_news/articles/2018_08_14_gardian_13.txt
2018-08-09T10:00:16Z,Photo essay: Puerto Ricans write their untold stories the news didn't cover,https://www.theguardian.com/world/2018/aug/09/photo-essay-puerto-ricans-write-their-untold-stories-the-news-didnt-cover,article,,../data/disaster_news/articles/2018_08_09_gardian_14.txt
2018-08-17T10:00:14Z,"US interior secretary's school friend blocking climate research, scientists say",https://www.theguardian.com/us-news/2018/aug/17/interior-secretarys-school-friend-crippling-climate-research-scientists-say,article,,../data/disaster_news/articles/2018_08_17_gardian_15.txt
2018-08-29T16:10:02Z,California moves towards 100% carbon-free electricity after landmark vote,https://www.theguardian.com/us-news/2018/aug/29/california-electricity-fossil-fuels-wind-solar-vote,article,,../data/disaster_news/articles/2018_08_29_gardian_16.txt
2018-08-08T17:34:16Z,The key election takeaways: a Democratic surge and big wins for women,https://www.theguardian.com/us-news/2018/aug/08/the-key-takeaways-from-ohios-special-election-a-democratic-surge-and-trump-endorsed-flops,article,,../data/disaster_news/articles/2018_08_08_gardian_17.txt
2018-08-08T09:54:57Z,Ohio special election: Republican scrapes ahead in tight race that tests Trump's clout,https://www.theguardian.com/us-news/2018/aug/07/ohio-special-election-troy-balderson-congress-republicans,article,,../data/disaster_news/articles/2018_08_08_gardian_18.txt
2018-08-25T14:30:54Z,Trump comes out swinging in Ohio – and doesn't mention McCain,https://www.theguardian.com/us-news/2018/aug/25/donald-trump-ohio-speech-mollie-tibbetts-mccain,article,,../data/disaster_news/articles/2018_08_25_gardian_19.txt
2018-08-23T17:43:00Z,Donald Trump's land seizures tweet sparks anger in South Africa,https://www.theguardian.com/us-news/2018/aug/23/trump-orders-close-study-of-south-africa-farmer-killings,article,,../data/disaster_news/articles/2018_08_23_gardian_20.txt
2018-08-20T10:00:45Z,Beto O'Rourke: can the upstart Texas Democrat eject Ted Cruz?,https://www.theguardian.com/us-news/2018/aug/20/beto-orourke-texas-democrat-gains-ground-ted-cruz-senate,article,,../data/disaster_news/articles/2018_08_20_gardian_21.txt
2018-08-09T13:33:44Z,Louisiana’s Democratic governor an ally at influential rightwing conference,https://www.theguardian.com/us-news/2018/aug/09/louisiana-john-bel-edwards-alec,article,,../data/disaster_news/articles/2018_08_09_gardian_22.txt
2018-08-07T10:00:23Z,"'This is human trafficking': After Maria, Puerto Rico to move 3,200 inmates to Arizona",https://www.theguardian.com/world/2018/aug/07/puerto-rico-prisons-inmates,article,,../data/disaster_news/articles/2018_08_07_gardian_23.txt
2018-08-25T05:00:34Z,Trump's terrible week: stunning news and whispers of impeachment,https://www.theguardian.com/us-news/2018/aug/25/trumps-terrible-week-stunning-news-and-whispers-of-impeachment,article,,../data/disaster_news/articles/2018_08_25_gardian_24.txt
2018-08-14T05:00:52Z,Toxic 'red tide' algae bloom is killing Florida wildlife and menacing tourism,https://www.theguardian.com/us-news/2018/aug/13/florida-gulf-coast-red-tide-toxic-algae-bloom-killing-florida-wildlife,article,,../data/disaster_news/articles/2018_08_14_gardian_25.txt
