webPublicationDate,webTitle,webUrl,type,disaster_type,path
2018-01-03T19:26:33Z,The 'bomb cyclone' heading for the eastern US – is that even a thing?,https://www.theguardian.com/us-news/2018/jan/03/the-bomb-cyclone-heading-for-the-eastern-us-is-that-even-a-thing,article,cyclone,../data/disaster_news/articles/2018_01_03_gardian_0.txt
2018-01-14T07:00:20Z,'It was like Niagara Falls': how California's rich and poor united against a tide of mud,https://www.theguardian.com/us-news/2018/jan/14/california-mudslides-montecito-verdugo-los-angeles,article,,../data/disaster_news/articles/2018_01_14_gardian_1.txt
2018-01-25T22:53:17Z,"Harvey was second-most expensive US hurricane on record, official report says",https://www.theguardian.com/us-news/2018/jan/25/hurricane-harvey-costs-storms,article,hurricane,../data/disaster_news/articles/2018_01_25_gardian_2.txt
2018-01-04T23:29:13Z,Winter storm causes thousands of flight cancellations in eastern US,https://www.theguardian.com/us-news/2018/jan/04/winter-storm-usa-new-york-flight-cancellations,article,storm,../data/disaster_news/articles/2018_01_04_gardian_3.txt
2018-01-05T01:53:19Z,Lizard blizzard: iguanas rain from trees as animals struggle with US cold snap,https://www.theguardian.com/us-news/2018/jan/04/cold-weather-us-how-are-animals-coping-frozen-iguana-florida,article,blizzard,../data/disaster_news/articles/2018_01_05_gardian_4.txt
2018-01-10T21:30:07Z,Deadly California mudslide 'like Niagara falls' as hills turn to rivers of debris,https://www.theguardian.com/us-news/2018/jan/10/california-mudslide-montecito-death-toll-wildfires-climate-change,article,,../data/disaster_news/articles/2018_01_10_gardian_5.txt
2018-01-10T12:00:47Z,Hospitals face critical shortage of IV bags due to Puerto Rico hurricane,https://www.theguardian.com/us-news/2018/jan/10/hurricane-maria-puerto-rico-iv-bag-shortage-hospitals,article,hurricane,../data/disaster_news/articles/2018_01_10_gardian_6.txt
2018-01-13T01:18:20Z,California mudslide: hope fades for survivors after deadly disaster,https://www.theguardian.com/us-news/2018/jan/11/california-mudslide-hope-fades-for-survivors-after-deadly-disaster,article,,../data/disaster_news/articles/2018_01_13_gardian_7.txt
2018-01-10T23:10:11Z,Chronicling homelessness: inside our investigation on homeless bus programs,https://www.theguardian.com/us-news/2018/jan/10/chronicling-homelessness-bussed-out-behind-the-scenes,article,,../data/disaster_news/articles/2018_01_10_gardian_8.txt
2018-01-29T10:00:44Z,"After Harvey, Houston suburb suffers a persistent problem: waves of foul air",https://www.theguardian.com/us-news/2018/jan/29/houston-manchester-hurricane-harvey-texas-foul-air,article,,../data/disaster_news/articles/2018_01_29_gardian_9.txt
2018-01-11T19:58:07Z,'A really big deal': New York City's fossil fuel divestment could spur global shift,https://www.theguardian.com/us-news/2018/jan/11/new-york-city-fossil-fuel-divestment-spur-global-movement,article,,../data/disaster_news/articles/2018_01_11_gardian_10.txt
2018-01-15T11:00:01Z,Florida prisoners plan Martin Luther King Day strike over 'slavery',https://www.theguardian.com/us-news/2018/jan/15/florida-prisoners-martin-luther-king-day-strike-slavery,article,,../data/disaster_news/articles/2018_01_15_gardian_11.txt
2018-01-14T13:13:17Z,‘We will survive Mr Trump’: Haitian Americans reject Oval Office slur,https://www.theguardian.com/us-news/2018/jan/14/donald-trump-haiti-shithole-miami-haitian-americans,article,,../data/disaster_news/articles/2018_01_14_gardian_12.txt
2018-01-29T22:00:53Z,"State of the Union guests include Dreamers, Trump critics and #MeToo",https://www.theguardian.com/us-news/2018/jan/29/state-of-the-union-dreamers-trump-critics-and-metoo-will-be-in-audience,article,,../data/disaster_news/articles/2018_01_29_gardian_13.txt
2018-01-25T14:20:20Z,Reality bites: Trump's fear of sharks leads to surge in charity donations,https://www.theguardian.com/us-news/2018/jan/25/donald-trump-fear-sharks-surge-charity-donations,article,,../data/disaster_news/articles/2018_01_25_gardian_14.txt
2018-01-31T15:46:36Z,"So, how did conservatives like the State of the Union?",https://www.theguardian.com/us-news/2018/jan/31/so-how-did-conservatives-like-the-state-of-the-union,article,,../data/disaster_news/articles/2018_01_31_gardian_15.txt
2018-01-23T00:54:26Z,Compromise or cave-in? Democrats' deal to end shutdown sows division,https://www.theguardian.com/us-news/2018/jan/22/democrats-divided-dreamers-daca-deal-government-shutdown,article,,../data/disaster_news/articles/2018_01_23_gardian_16.txt
2018-01-16T17:25:05Z,Steve Bannon subpoenaed to testify in Mueller's Russia investigation – report,https://www.theguardian.com/us-news/2018/jan/16/steve-bannon-house-russia-trump,article,,../data/disaster_news/articles/2018_01_16_gardian_17.txt
2018-01-30T19:59:07Z,What to expect from Trump's first State of the Union address – and the response,https://www.theguardian.com/us-news/2018/jan/30/donald-trump-state-of-the-union-what-to-expect,article,,../data/disaster_news/articles/2018_01_30_gardian_18.txt
2018-01-10T18:35:49Z,New York City plans to divest $5bn from fossil fuels and sue oil companies,https://www.theguardian.com/us-news/2018/jan/10/new-york-city-plans-to-divest-5bn-from-fossil-fuels-and-sue-oil-companies,article,,../data/disaster_news/articles/2018_01_10_gardian_19.txt
2018-01-03T16:32:10Z,"Trump Tower meeting with Russians 'treasonous', Bannon says in explosive book",https://www.theguardian.com/us-news/2018/jan/03/donald-trump-russia-steve-bannon-michael-wolff,article,,../data/disaster_news/articles/2018_01_03_gardian_20.txt
2018-01-27T12:00:06Z,Protest set for Texas wildlife refuge at ground zero of Trump's border wall plan,https://www.theguardian.com/us-news/2018/jan/27/protest-set-for-texas-wildlife-refuge-at-ground-zero-of-trumps-border-wall-plan,article,,../data/disaster_news/articles/2018_01_27_gardian_21.txt
2018-01-22T22:48:05Z,Chelsea Manning says she attended far-right pro-Trump event 'to gather intel',https://www.theguardian.com/us-news/2018/jan/22/chelsea-manning-far-right-trump-gather-intel,article,,../data/disaster_news/articles/2018_01_22_gardian_22.txt
2018-01-10T13:00:55Z,Russia dossier: Trump lawyer sues BuzzFeed for publishing document,https://www.theguardian.com/us-news/2018/jan/10/trump-lawyer-michael-cohen-sues-buzzfeed-russia-dossier,article,,../data/disaster_news/articles/2018_01_10_gardian_23.txt
2018-01-19T12:00:22Z,Turn and face the strange: the 12 weirdest days from Trump's first year,https://www.theguardian.com/us-news/2018/jan/19/12-weirdest-days-from-trump-first-year,article,,../data/disaster_news/articles/2018_01_19_gardian_24.txt
2018-01-30T12:00:19Z,Struggling US families turn to crowdfunding to cover childcare costs,https://www.theguardian.com/us-news/2018/jan/30/parenting-mothers-crowdfunding-childbirth,article,,../data/disaster_news/articles/2018_01_30_gardian_25.txt
2018-01-23T06:00:01Z,Key players in the US government shutdown: who came out on top?,https://www.theguardian.com/us-news/2018/jan/22/key-players-us-government-shutdown-winners-losers,article,,../data/disaster_news/articles/2018_01_23_gardian_26.txt
2018-01-05T12:17:03Z,Fire and Fury: Inside the Trump White House review – tell-all burns all,https://www.theguardian.com/us-news/2018/jan/05/fire-and-fury-inside-the-trump-white-house-michael-wolff-review,article,,../data/disaster_news/articles/2018_01_05_gardian_27.txt
2018-01-06T13:37:27Z,Trump hopes to steady the ship at Camp David retreat after bruising start to year,https://www.theguardian.com/us-news/2018/jan/06/trump-camp-david-retreat-mitch-mcconnell-paul-ryan,article,,../data/disaster_news/articles/2018_01_06_gardian_28.txt
2018-01-24T13:12:54Z,How the Drudge Report ushered in the age of Trump,https://www.theguardian.com/us-news/2018/jan/24/how-the-drudge-report-ushered-in-the-age-of-trump,article,,../data/disaster_news/articles/2018_01_24_gardian_29.txt
2018-01-14T22:30:39Z,'It's all explosive': Michael Wolff on Donald Trump,https://www.theguardian.com/us-news/2018/jan/14/michael-wolff-interview-fire-and-fury-donald-trump,article,,../data/disaster_news/articles/2018_01_14_gardian_30.txt
