webPublicationDate,webTitle,webUrl,type,disaster_type,path
2018-11-19T21:31:05Z,Anxious wildfire refugees camped in parking lot wonder: where now?,https://www.theguardian.com/us-news/2018/nov/19/wildfire-refugees-california-chico-walmart-parking-lot-latest,article,wildfire,../data/disaster_news/articles/2018_11_19_gardian_0.txt
2018-11-10T02:35:09Z,'Everything is gone': California town of Paradise mourns wildfire devastation,https://www.theguardian.com/us-news/2018/nov/09/california-wildfire-paradise-chico-camp-fire,article,wildfire,../data/disaster_news/articles/2018_11_10_gardian_1.txt
2018-11-28T11:00:38Z,Florida: seafood industry struggles to recover after Hurricane Michael,https://www.theguardian.com/us-news/2018/nov/28/florida-hurricane-michael-food-industry-effects-oysters-beluga-caviar,article,hurricane,../data/disaster_news/articles/2018_11_28_gardian_2.txt
2018-11-13T02:32:24Z,'No fresh air': wildfire smoke sets apocalyptic haze over San Francisco,https://www.theguardian.com/us-news/2018/nov/12/california-wildfires-bay-area-smoke-haze-air-quality-pollution,article,wildfire,../data/disaster_news/articles/2018_11_13_gardian_3.txt
2018-11-18T20:11:05Z,California fires: death toll rises to 79 as winds threaten efforts to control blaze,https://www.theguardian.com/us-news/2018/nov/18/california-fires-death-toll-winds-threaten-progress,article,,../data/disaster_news/articles/2018_11_18_gardian_4.txt
2018-11-12T10:00:44Z,'Only bones and fragments': California wildfire toll at 31 as grim searches go on,https://www.theguardian.com/us-news/2018/nov/11/california-wildfire-toll-paradise-recovery-effort,article,wildfire,../data/disaster_news/articles/2018_11_12_gardian_5.txt
2018-11-24T13:50:00Z,Search for Paradise wildfire victims goes on with toll at 84 as heavy rains ease,https://www.theguardian.com/us-news/2018/nov/24/paradise-wildfire-victims-toll-84-rains,article,wildfire,../data/disaster_news/articles/2018_11_24_gardian_6.txt
2018-11-30T14:40:00Z,Why no US region is safe from climate change,https://www.theguardian.com/us-news/2018/nov/30/climate-report-trump-buried-analysis-by-region,article,,../data/disaster_news/articles/2018_11_30_gardian_7.txt
2018-11-16T22:36:51Z,Trump blames California wildfires on forest mismanagement again,https://www.theguardian.com/us-news/2018/nov/16/trump-california-wildfires-forest-management,article,wildfire,../data/disaster_news/articles/2018_11_16_gardian_8.txt
2018-11-28T06:00:29Z,Trump officials accused of using deadly wildfires to boost logging,https://www.theguardian.com/us-news/2018/nov/27/wildfires-ryan-zinke-logging-environment-thinning,article,wildfire,../data/disaster_news/articles/2018_11_28_gardian_9.txt
2018-11-12T18:35:15Z,California fires: what is happening and is climate change to blame?,https://www.theguardian.com/us-news/2018/nov/12/california-fires-latest-what-is-happening-climate-change-trump-response-explained,article,,../data/disaster_news/articles/2018_11_12_gardian_10.txt
2018-11-10T10:57:22Z,California wildfires: Katy Perry condemns 'heartless' Trump tweet,https://www.theguardian.com/us-news/2018/nov/09/malibu-wildfire-caitlyn-jenner-lady-gaga-celebrities-evacuated,article,wildfire,../data/disaster_news/articles/2018_11_10_gardian_11.txt
2018-11-19T18:39:36Z,California fires: rain to bring fresh misery as evacuees flee makeshift camp,https://www.theguardian.com/us-news/2018/nov/19/california-fires-paradise-chico-rain-flooding-mudslides,article,,../data/disaster_news/articles/2018_11_19_gardian_12.txt
2018-11-25T06:00:01Z,Trump at bay: failure looms as Democrats load 'subpoena cannon',https://www.theguardian.com/us-news/2018/nov/25/donald-trump-democrats-subpoenas-house,article,,../data/disaster_news/articles/2018_11_25_gardian_13.txt
2018-11-12T06:00:29Z,How dozens of horses were rescued from California's devastating wildfires,https://www.theguardian.com/us-news/2018/nov/12/california-wildfires-horses-rescued,article,wildfire,../data/disaster_news/articles/2018_11_12_gardian_14.txt
2018-11-15T22:22:02Z,California wildfires: death toll at 56 as sheriff releases names of missing,https://www.theguardian.com/us-news/2018/nov/13/california-camp-fire-woolsey-latest,article,wildfire,../data/disaster_news/articles/2018_11_15_gardian_15.txt
2018-11-12T11:18:42Z,Monday US briefing: At least 31 people dead in California wildfires,https://www.theguardian.com/us-news/2018/nov/12/monday-us-briefing-at-least-31-people-dead-in-california-wildfires,article,wildfire,../data/disaster_news/articles/2018_11_12_gardian_16.txt
2018-11-17T07:00:27Z,How did California's wildfires start? Two utility companies face scrutiny,https://www.theguardian.com/us-news/2018/nov/16/california-wildfires-causes-investigation-pge-edison-sce,article,wildfire,../data/disaster_news/articles/2018_11_17_gardian_17.txt
2018-11-21T03:26:36Z,California wildfires: refugee camp 'could become a mud pit' as rain looms,https://www.theguardian.com/us-news/2018/nov/20/california-wildfire-refugees-mudslides-ryan-zinke-environmental-radicals,article,wildfire,../data/disaster_news/articles/2018_11_21_gardian_18.txt
2018-11-18T12:40:51Z,Trump blames forest management again on California fires visit,https://www.theguardian.com/us-news/2018/nov/17/donald-trump-visit-california-wildfires,article,,../data/disaster_news/articles/2018_11_18_gardian_19.txt
2018-11-13T14:27:53Z,California wildfires: Camp fire becomes state's deadliest with 42 people killed,https://www.theguardian.com/us-news/2018/nov/12/california-wildfire-latest-camp-woolsey-fires-refugees,article,wildfire,../data/disaster_news/articles/2018_11_13_gardian_20.txt
2018-11-11T20:50:19Z,Fire chief: climate change helped make California wildfires more devastating,https://www.theguardian.com/us-news/2018/nov/11/la-fire-chief-climate-change-california-wildfires,article,wildfire,../data/disaster_news/articles/2018_11_11_gardian_21.txt
2018-11-13T20:30:30Z,'Evacuation fatigue': danger after people flee wildfires five times in two years,https://www.theguardian.com/us-news/2018/nov/13/california-wildfires-evacuation-fatigue-paradise-camp-fire,article,wildfire,../data/disaster_news/articles/2018_11_13_gardian_22.txt
2018-11-28T11:07:14Z,Wednesday US briefing: Republican wins Mississippi's US Senate runoff,https://www.theguardian.com/us-news/2018/nov/28/wednesday-us-briefing-republican-wins-mississippis-us-senate-runoff,article,,../data/disaster_news/articles/2018_11_28_gardian_23.txt
2018-11-14T10:56:20Z,Wednesday US briefing: Democrats hail surge in Latino midterms turnout,https://www.theguardian.com/us-news/2018/nov/14/wednesday-us-briefing-democrats-hail-surge-in-latino-midterms-turnout,article,,../data/disaster_news/articles/2018_11_14_gardian_24.txt
2018-11-18T07:00:54Z,Rebuilding Paradise: California town devastated by fire looks to future,https://www.theguardian.com/us-news/2018/nov/18/rebuilding-paradise-california-town-devastated-by-fire-looks-to-future,article,,../data/disaster_news/articles/2018_11_18_gardian_25.txt
2018-11-22T11:27:18Z,Thursday US briefing: John Roberts rebukes Trump for attack on judge,https://www.theguardian.com/us-news/2018/nov/22/thursday-us-briefing-john-roberts-rebukes-trump-for-attack-on-judge,article,,../data/disaster_news/articles/2018_11_22_gardian_26.txt
2018-11-17T10:38:54Z,"California fires: Camp fire death toll rises to 71 with more than 1,000 missing",https://www.theguardian.com/us-news/2018/nov/15/california-camp-fire-missing-death-toll,article,,../data/disaster_news/articles/2018_11_17_gardian_27.txt
2018-11-16T13:55:52Z,Surviving on beef jerky and one-hour naps: fighting a deadly California blaze,https://www.theguardian.com/us-news/2018/nov/16/california-firefighter-hot-sweaty-tough-and-the-best-job-in-the-world,article,,../data/disaster_news/articles/2018_11_16_gardian_28.txt
2018-11-28T20:06:44Z,Why water will be the next battleground in the fight against climate change,https://www.theguardian.com/environment/2018/nov/28/climate-report-trump-tried-kill-key-finding-water-battle,article,,../data/disaster_news/articles/2018_11_28_gardian_29.txt
2018-11-29T19:30:45Z,Why rising seas will force coastal residents to move – or spend,https://www.theguardian.com/us-news/2018/nov/29/climate-report-trump-tried-to-bury-rising-seas-coastal-residents,article,,../data/disaster_news/articles/2018_11_29_gardian_30.txt
2018-11-09T11:17:35Z,Friday US briefing: Trump administration halts asylum claims at border,https://www.theguardian.com/us-news/2018/nov/09/friday-us-briefing-trump-administration-halts-asylum-claims-border,article,,../data/disaster_news/articles/2018_11_09_gardian_31.txt
2018-11-13T16:18:11Z,How Sarah Sanders became Trump's liar-in-chief,https://www.theguardian.com/us-news/2018/nov/13/sarah-sanders-lies-white-house-female-face,article,,../data/disaster_news/articles/2018_11_13_gardian_32.txt
2018-11-04T08:00:23Z,"In Miami, Cuban Americans have the power to push the state to the left",https://www.theguardian.com/us-news/2018/nov/04/miami-cubans-midterm-elections-voters,article,,../data/disaster_news/articles/2018_11_04_gardian_33.txt
2018-11-17T18:01:50Z,California's DIY firefighters battle alone as the richest hire private teams,https://www.theguardian.com/us-news/2018/nov/16/california-private-firefighters-wildfires-celebrities,article,,../data/disaster_news/articles/2018_11_17_gardian_34.txt
2018-11-16T11:08:12Z,Friday US briefing: Number of missing in Camp fire tops 600,https://www.theguardian.com/us-news/2018/nov/16/friday-us-briefing-number-missing-camp-fire-california,article,,../data/disaster_news/articles/2018_11_16_gardian_35.txt
2018-11-15T11:28:01Z,Thursday US briefing: Trump backs bipartisan criminal justice reform,https://www.theguardian.com/us-news/2018/nov/15/thursday-us-briefing-trump-backs-bipartisan-criminal-justice-reform,article,,../data/disaster_news/articles/2018_11_15_gardian_36.txt
2018-11-01T09:57:46Z,"Thursday US briefing: Trump says he'll send 15,000 troops to border",https://www.theguardian.com/us-news/2018/nov/01/thursday-us-briefing-trump-says-hell-send-15000-troops-to-border,article,,../data/disaster_news/articles/2018_11_01_gardian_37.txt
2018-11-15T07:00:27Z,Road to the White House goes through the midwest. Who can capture hearts in 2020?,https://www.theguardian.com/us-news/2018/nov/15/iowa-road-to-the-white-house-midterms,article,,../data/disaster_news/articles/2018_11_15_gardian_38.txt
2018-11-07T12:00:34Z,Democrats’ policy agenda likely to include cooperation with Trump,https://www.theguardian.com/us-news/2018/nov/07/rapprochement-not-impeachment-democrats-likely-approach-to-trump,article,,../data/disaster_news/articles/2018_11_07_gardian_39.txt
2018-11-08T11:33:02Z,Thursday US briefing: Sessions exit raises fears for Mueller inquiry,https://www.theguardian.com/us-news/2018/nov/08/thursday-us-briefing-sessions-exit-raises-fears-for-mueller-inquiry,article,,../data/disaster_news/articles/2018_11_08_gardian_40.txt
2018-11-03T05:00:03Z,The Corrosion of Conservatism review: a Republican pleads for a reboot,https://www.theguardian.com/us-news/2018/nov/03/the-corrosion-of-conservatism-review-max-boot-republicans-trump,article,,../data/disaster_news/articles/2018_11_03_gardian_41.txt
2018-11-09T06:00:07Z,Florida welcomes back its 1.5m 'returning citizens' after ex-felons regain voting rights,https://www.theguardian.com/us-news/2018/nov/09/florida-amendment-4-felons-voting-rights-response-activists,article,,../data/disaster_news/articles/2018_11_09_gardian_42.txt
2018-11-06T09:00:26Z,Will the Democrats achieve a 'blue wave' in the midterms?,https://www.theguardian.com/us-news/2018/nov/06/midterms-election-analysis-blue-wave-democrats-republicans,article,,../data/disaster_news/articles/2018_11_06_gardian_43.txt
2018-11-06T19:13:21Z,"After a bitter campaign, Americans head to polls: 'A race between love and hate'",https://www.theguardian.com/us-news/2018/nov/06/midterm-elections-americans-head-to-polls,article,,../data/disaster_news/articles/2018_11_06_gardian_44.txt
2018-11-20T13:30:26Z,Can Democrats ever win Florida?,https://www.theguardian.com/us-news/2018/nov/20/florida-democrats-future-midterm-elections-losses-turnout,article,,../data/disaster_news/articles/2018_11_20_gardian_45.txt
2018-11-23T11:53:55Z,Friday US briefing: Trump hails himself as Clinton tells media to 'get smart',https://www.theguardian.com/us-news/2018/nov/23/friday-us-briefing-trumps-hails-himself-as-clinton-tells-media-to-get-smart,article,,../data/disaster_news/articles/2018_11_23_gardian_46.txt
