webPublicationDate,webTitle,webUrl,type,disaster_type,path
2018-10-11T07:21:38Z,Hurricane Michael: Florida hit by strongest US storm since 1992,https://www.theguardian.com/us-news/2018/oct/11/hurricane-michael-strongest-storm-to-hit-us-since-1992-batters-florida,article,storm,../data/disaster_news/articles/2018_10_11_gardian_0.txt
2018-10-11T20:33:11Z,Hurricane Michael: everything you need to know on the record-breaking storm,https://www.theguardian.com/us-news/2018/oct/11/hurricane-michael-explained-biggest-florida-storm-all-you-need-to-know-extreme-weather,article,storm,../data/disaster_news/articles/2018_10_11_gardian_1.txt
2018-10-11T06:32:07Z,Two dead as Hurricane Michael batters Florida and Georgia,https://www.theguardian.com/us-news/2018/oct/10/michael-hurricane-latest-updates-winds-weather-flood-evacuations,article,hurricane,../data/disaster_news/articles/2018_10_11_gardian_2.txt
2018-10-11T15:55:07Z,Hurricane Michael: scenes of destruction reveal scope of storm's force,https://www.theguardian.com/us-news/2018/oct/11/hurricane-michael-florida-panhandle-photos-storm-chasers,article,storm,../data/disaster_news/articles/2018_10_11_gardian_3.txt
2018-10-11T22:13:18Z,'Like an atomic bomb': Hurricane Michael leaves trail of devastation,https://www.theguardian.com/us-news/2018/oct/11/hurricane-michael-trail-of-devastation-florida-georgia,article,hurricane,../data/disaster_news/articles/2018_10_11_gardian_4.txt
2018-10-24T11:49:01Z,Hawaiian island erased by powerful hurricane: ‘The loss is a huge blow’,https://www.theguardian.com/us-news/2018/oct/24/hawaiian-island-erased-by-powerful-hurricane,article,hurricane,../data/disaster_news/articles/2018_10_24_gardian_5.txt
2018-10-11T19:38:36Z,Floridians after Michael: 'The trailer didn't blow away … it's got a tree on it',https://www.theguardian.com/us-news/2018/oct/11/hurricane-michael-floridians-survey-damage,article,,../data/disaster_news/articles/2018_10_11_gardian_6.txt
2018-10-10T10:08:58Z,Wednesday US briefing: Deadly Hurricane Michael aims for Florida,https://www.theguardian.com/us-news/2018/oct/10/wednesday-us-briefing-deadly-hurricane-michael-florida,article,hurricane,../data/disaster_news/articles/2018_10_10_gardian_7.txt
2018-10-11T10:37:20Z,Thursday US briefing: Hurricane Michael hits Florida with 155mph winds,https://www.theguardian.com/us-news/2018/oct/11/thursday-us-briefing-hurricane-michael-hits-florida-with-155mph-winds,article,hurricane,../data/disaster_news/articles/2018_10_11_gardian_8.txt
2018-10-26T05:00:04Z,Without power and living in tents: Florida Panhandle struggles after Michael,https://www.theguardian.com/us-news/2018/oct/25/hurricane-michael-devastation-florida-panhandle-cleanup,article,,../data/disaster_news/articles/2018_10_26_gardian_9.txt
2018-10-15T18:58:39Z,Trump praises Rick Scott as he tours hurricane damage in Florida,https://www.theguardian.com/us-news/2018/oct/15/trump-hurricane-michael-damage-florida-rick-scott,article,hurricane,../data/disaster_news/articles/2018_10_15_gardian_10.txt
2018-10-11T17:27:02Z,Hurricane Michael brings new threat to Florida's victims: toxic red tide,https://www.theguardian.com/us-news/2018/oct/11/hurricane-michael-victims-face-another-potential-problem-toxic-red-tide,article,hurricane,../data/disaster_news/articles/2018_10_11_gardian_11.txt
2018-10-12T09:53:15Z,Friday US briefing: Six dead as Hurricane Michael tears through south,https://www.theguardian.com/us-news/2018/oct/12/friday-us-briefing-six-dead-as-hurricane-michael-khashoggi-beto-texas-brazil-violence,article,hurricane,../data/disaster_news/articles/2018_10_12_gardian_12.txt
2018-10-04T13:41:05Z,Hurricane Donald hits the midterm campaign trail – expect a bumpy ride,https://www.theguardian.com/us-news/2018/oct/04/donald-trump-midterms-campaign-rallies-republicans,article,hurricane,../data/disaster_news/articles/2018_10_04_gardian_13.txt
2018-10-09T18:07:13Z,Rick Scott's climate record condemned as Hurricane Michael bears down on Florida,https://www.theguardian.com/us-news/2018/oct/09/hurricane-michael-rick-scott-climate-record-slammed,article,hurricane,../data/disaster_news/articles/2018_10_09_gardian_14.txt
2018-10-18T18:51:24Z,White man who shot three black men during Hurricane Katrina pleads guilty,https://www.theguardian.com/us-news/2018/oct/18/hurricane-katrina-roland-bourgeois-jr-shooting-hate-crime,article,hurricane,../data/disaster_news/articles/2018_10_18_gardian_15.txt
2018-10-17T15:26:15Z,Florida: big names hope Hurricane Michael recovery effort will play well with voters,https://www.theguardian.com/us-news/2018/oct/17/florida-hurricane-michael-rick-scott-andrew-gillum,article,hurricane,../data/disaster_news/articles/2018_10_17_gardian_16.txt
2018-10-10T21:08:32Z,'This is our Super Bowl': why do reporters go into the eye of the storm?,https://www.theguardian.com/us-news/2018/oct/10/reporters-storm-coverage-extreme-conditions,article,storm,../data/disaster_news/articles/2018_10_10_gardian_17.txt
2018-10-16T01:13:47Z,Fact check: Donald Trump's claims versus climate science,https://www.theguardian.com/us-news/2018/oct/15/fact-check-donald-trumps-claims-versus-climate-science,article,,../data/disaster_news/articles/2018_10_16_gardian_18.txt
2018-10-01T10:40:50Z,"Monday US briefing: Kavanaugh investigation goes forward, with limits",https://www.theguardian.com/us-news/2018/oct/01/monday-us-briefing-kavanaugh-investigation-goes-forward-with-limits,article,,../data/disaster_news/articles/2018_10_01_gardian_19.txt
2018-10-08T09:56:29Z,"Monday US briefing: 12 years to prevent environmental catastrophe, IPCC warns",https://www.theguardian.com/us-news/2018/oct/08/monday-us-briefing-12-years-to-prevent-environmental-catastrophe-ipcc-warns,article,,../data/disaster_news/articles/2018_10_08_gardian_20.txt
2018-10-03T09:59:15Z,Wednesday US briefing: Trump mocks Kavanaugh accuser at campaign rally,https://www.theguardian.com/us-news/2018/oct/03/wednesday-us-briefing-trump-mocks-kavanaugh-accuser-at-campaign-rally,article,,../data/disaster_news/articles/2018_10_03_gardian_21.txt
2018-10-26T10:16:21Z,Friday US briefing: Pipe bomb investigation focuses on Florida,https://www.theguardian.com/us-news/2018/oct/26/friday-us-briefing-pipe-bomb-investigation-focuses-on-florida,article,,../data/disaster_news/articles/2018_10_26_gardian_22.txt
2018-10-09T18:04:14Z,Trump quiet as the UN warns of climate change catastrophe,https://www.theguardian.com/us-news/2018/oct/09/trump-climate-change-report-ipcc-response,article,,../data/disaster_news/articles/2018_10_09_gardian_23.txt
2018-10-10T21:30:49Z,The midterms minute: Kamala Harris goes to South Carolina – so is she running?,https://www.theguardian.com/us-news/2018/oct/10/the-midterms-minute-kamala-harris-south-carolina,article,,../data/disaster_news/articles/2018_10_10_gardian_24.txt
2018-10-12T16:23:18Z,'It's just devastation': Florida city begins cleaning up Michael's mess,https://www.theguardian.com/us-news/2018/oct/12/hurricane-michael-marianna-florida-aftermath,article,,../data/disaster_news/articles/2018_10_12_gardian_25.txt
2018-10-30T10:00:14Z,Flee or hide: Haitian immigrants face difficult decisions under Trump,https://www.theguardian.com/us-news/2018/oct/30/haiti-immigrants-new-york-temporary-protected-status-trump-tps,article,,../data/disaster_news/articles/2018_10_30_gardian_26.txt
2018-10-09T11:34:17Z,"Tuesday US briefing: Kavanaugh proven innocent, Trump claims falsely",https://www.theguardian.com/us-news/2018/oct/09/tuesday-us-briefing-kavanaugh-proven-innocent-trump-supreme-court,article,,../data/disaster_news/articles/2018_10_09_gardian_27.txt
2018-10-02T10:51:06Z,Tuesday US briefing: Trump supports 'comprehensive' Kavanaugh inquiry,https://www.theguardian.com/us-news/2018/oct/02/tuesday-us-briefing-trump-supports-comprehensive-kavanaugh-inquiry,article,,../data/disaster_news/articles/2018_10_02_gardian_28.txt
2018-10-08T15:46:35Z,'I’m my own man': is Trump’s blessing also a curse for Florida's Ron DeSantis?,https://www.theguardian.com/us-news/2018/oct/08/ron-desantis-florida-election-donald-trump-endorsement-blessing-or-curse,article,,../data/disaster_news/articles/2018_10_08_gardian_29.txt
2018-10-26T21:46:41Z,'I bet $500 they are lying': Trump fans sceptical about pipe bomb arrest,https://www.theguardian.com/us-news/2018/oct/26/trump-supporters-sceptical-about-pipe-bomb-arrest,article,,../data/disaster_news/articles/2018_10_26_gardian_30.txt
2018-10-04T10:08:40Z,Thursday US briefing: Senate poised for Kavanaugh vote as FBI inquiry ends,https://www.theguardian.com/us-news/2018/oct/04/thursday-us-briefing-senate-kavanaugh-vote-fbi-inquiry,article,,../data/disaster_news/articles/2018_10_04_gardian_31.txt
2018-10-15T05:48:35Z,"'It'll change back': Trump says climate change not a hoax, but denies lasting impact",https://www.theguardian.com/us-news/2018/oct/15/itll-change-back-trump-says-climate-change-not-a-hoax-but-denies-lasting-impact,article,,../data/disaster_news/articles/2018_10_15_gardian_32.txt
2018-10-25T08:00:03Z,Is the US in an 'illegal' immigration crisis? Border patrol data suggests otherwise,https://www.theguardian.com/us-news/2018/oct/25/us-illegal-border-crossings-analysis-trump-migrants,article,,../data/disaster_news/articles/2018_10_25_gardian_33.txt
2018-10-16T15:51:50Z,Donald Trump rains insults on Elizabeth Warren after DNA test,https://www.theguardian.com/us-news/2018/oct/16/donald-trump-elizabeth-warren-dna-test,article,,../data/disaster_news/articles/2018_10_16_gardian_34.txt
2018-10-11T05:00:16Z,Sinking Santa Cruz: climate change threatens famed California beach town,https://www.theguardian.com/us-news/2018/oct/11/santa-cruz-sinking-climate-change-beaches-surfing,article,,../data/disaster_news/articles/2018_10_11_gardian_35.txt
2018-10-17T21:34:36Z,Trump pulls US out of UN postal scheme on China price concerns,https://www.theguardian.com/us-news/2018/oct/17/trump-universal-postal-union-withdraw-foreign-postal-rates,article,,../data/disaster_news/articles/2018_10_17_gardian_36.txt
2018-10-17T16:08:48Z,Everglades: climate change threatens years of work to reverse manmade damage,https://www.theguardian.com/us-news/2018/oct/17/everglades-climate-change-threatens-work-to-reverse-manmade-damage,article,,../data/disaster_news/articles/2018_10_17_gardian_37.txt
2018-10-03T13:39:46Z,The chosen one? The new film that claims Trump's election was an act of God,https://www.theguardian.com/us-news/2018/oct/03/the-trump-prophecy-film-god-election-mark-taylor,article,,../data/disaster_news/articles/2018_10_03_gardian_38.txt
2018-10-12T21:38:23Z,The midterms minute: Sheldon Adelson showers cash on Republicans,https://www.theguardian.com/us-news/2018/oct/12/the-midterms-minute-sheldon-adelson-republicans,article,,../data/disaster_news/articles/2018_10_12_gardian_39.txt
2018-10-15T04:19:52Z,Donald Trump's 60 Minutes interview: eight takeaways,https://www.theguardian.com/us-news/2018/oct/15/donald-trumps-60-minutes-interview-eight-takeaways,article,,../data/disaster_news/articles/2018_10_15_gardian_40.txt
2018-10-24T10:05:36Z,Wednesday US briefing: Migrant caravan gives GOP midterm ammunition,https://www.theguardian.com/us-news/2018/oct/24/wednesday-us-briefing-migrant-caravan-gop-midterm-ammunition,article,,../data/disaster_news/articles/2018_10_24_gardian_41.txt
2018-10-06T10:00:19Z,Critics fear Amazon's minimum wage hike will distract from its other issues,https://www.theguardian.com/us-news/2018/oct/06/critics-fear-amazons-minimum-wage-hike-will-distract-from-its-other-issues,article,,../data/disaster_news/articles/2018_10_06_gardian_42.txt
2018-10-01T22:00:07Z,The politics minute: Obama backs progressive Gillum in Florida,https://www.theguardian.com/us-news/2018/oct/01/obama-gillum-trump-taxes-latest-polls-politics-minute,article,,../data/disaster_news/articles/2018_10_01_gardian_43.txt
2018-10-24T16:19:32Z,Where is the migrant caravan from – and what will happen to it at the border?,https://www.theguardian.com/us-news/2018/oct/24/caravan-migrants-what-is-it-where-from-guatemala-honduras-immigrants-mexico,article,,../data/disaster_news/articles/2018_10_24_gardian_44.txt
2018-10-28T10:00:12Z,Dodge City polling place debacle: voter suppression or incompetence?,https://www.theguardian.com/us-news/2018/oct/28/dodge-city-polling-place-voter-suppression-voting-rights,article,,../data/disaster_news/articles/2018_10_28_gardian_45.txt
2018-10-19T15:36:31Z,Trump baselessly claims Democrats are behind migrant caravan,https://www.theguardian.com/us-news/2018/oct/19/trump-migrant-caravan-mexico-border-democrat-blame-no-evidence,article,,../data/disaster_news/articles/2018_10_19_gardian_46.txt
2018-10-26T10:00:06Z,Little Haiti: will an ambitious project risk a ‘diverse mecca’ or revitalize it?,https://www.theguardian.com/us-news/2018/oct/26/little-haiti-will-an-ambitious-project-risk-a-diverse-mecca-or-revitalize-it,article,,../data/disaster_news/articles/2018_10_26_gardian_47.txt
