webPublicationDate,webTitle,webUrl,type,disaster_type,path
2018-07-04T20:30:11Z,"World weatherwatch: Tornadoes, monsoons and snow",https://www.theguardian.com/us-news/2018/jul/04/world-weatherwatch-tornadoes-monsoons-and-snow,article,tornado,../data/disaster_news/articles/2018_07_04_gardian_0.txt
2018-07-02T12:21:17Z,Does Alexandria Ocasio-Cortez signal an earthquake in Democratic politics?,https://www.theguardian.com/us-news/2018/jul/02/alexandria-ocasio-cortez-democratic-politics,article,earthquake,../data/disaster_news/articles/2018_07_02_gardian_1.txt
2018-07-21T11:20:42Z,Survivor of Missouri boat disaster says passengers told not to put on life jackets,https://www.theguardian.com/us-news/2018/jul/20/missouri-mass-casualty-incident-after-tourist-boat-capsizes-on-table-lake,article,,../data/disaster_news/articles/2018_07_21_gardian_2.txt
2018-07-20T11:15:11Z,Do Republicans disapprove of Trump's meeting with Putin? 'They couldn't care less',https://www.theguardian.com/us-news/2018/jul/20/donald-trump-rides-out-critics-with-putin-white-house-invitation,article,,../data/disaster_news/articles/2018_07_20_gardian_3.txt
2018-07-19T10:00:42Z,Trained to shoot: the Utah teachers taking up guns in their classrooms,https://www.theguardian.com/us-news/2018/jul/19/teachers-utah-guns-school-shootings,article,,../data/disaster_news/articles/2018_07_19_gardian_4.txt
2018-07-11T17:52:08Z,Alexandria Ocasio-Cortez wins second primary in district where she didn't run,https://www.theguardian.com/us-news/2018/jul/11/alexandria-ocasio-cortez-bronx-primary-win,article,,../data/disaster_news/articles/2018_07_11_gardian_5.txt
2018-07-13T04:50:03Z,"Trump, May and Brexit: today's front pages",https://www.theguardian.com/us-news/2018/jul/13/trump-may-and-brexit-todays-front-pages,article,,../data/disaster_news/articles/2018_07_13_gardian_6.txt
2018-07-18T10:00:12Z,"Sinking land, poisoned water: the dark side of California's mega farms",https://www.theguardian.com/environment/2018/jul/18/california-central-valley-sinking-arsenic-water-farming-agriculture,article,,../data/disaster_news/articles/2018_07_18_gardian_7.txt
2018-07-19T21:32:18Z,US allows hundreds of Somalis to stay until at least March 2020,https://www.theguardian.com/us-news/2018/jul/19/somali-asylum-seekers-fear-deportation-trump-administration,article,,../data/disaster_news/articles/2018_07_19_gardian_8.txt
2018-07-07T11:30:27Z,'You better shoot straight': how Maxine Waters became Trump's public enemy No 1,https://www.theguardian.com/us-news/2018/jul/07/maxine-waters-trump-progressives-california-congress,article,,../data/disaster_news/articles/2018_07_07_gardian_9.txt
2018-07-11T10:00:09Z,Russian mining firm puts Trump's face on its asbestos products,https://www.theguardian.com/us-news/2018/jul/11/asbestos-trump-face-seal-uralasbest-russia,article,,../data/disaster_news/articles/2018_07_11_gardian_10.txt
2018-07-13T18:36:17Z,Trump leaves London after wreaking diplomatic destruction,https://www.theguardian.com/us-news/2018/jul/13/trump-leaves-london-after-wreaking-diplomatic-destruction,article,,../data/disaster_news/articles/2018_07_13_gardian_11.txt
2018-07-01T08:15:59Z,Riot in Portland as far-right marchers clash with anti-fascists,https://www.theguardian.com/us-news/2018/jul/01/riot-in-portland-as-far-right-marchers-clash-with-anti-facists,article,,../data/disaster_news/articles/2018_07_01_gardian_12.txt
2018-07-20T10:00:05Z,Seattle's bohemian culture struggles to survive as tech takes over,https://www.theguardian.com/us-news/2018/jul/20/seattle-bohemian-counterculture-tech-industry-amazon,article,,../data/disaster_news/articles/2018_07_20_gardian_13.txt
2018-07-13T14:05:58Z,Jon Favreau of Pod Save America: ‘We’re not running for office. So we just speak out mind’,https://www.theguardian.com/us-news/2018/jul/13/jon-favreau-pod-save-america-podcast-obama-speechwriter,article,,../data/disaster_news/articles/2018_07_13_gardian_14.txt
2018-07-30T08:00:22Z,"The Black Panthers still in prison: after 46 years, will they ever be set free?",https://www.theguardian.com/us-news/2018/jul/30/black-panthers-prison-interviews-african-american-activism,article,,../data/disaster_news/articles/2018_07_30_gardian_15.txt
