webPublicationDate,webTitle,webUrl,type,disaster_type,path
2018-06-20T15:59:21Z,‘Tender age’ shelters: a new way to describe the kidnapping of children,https://www.theguardian.com/us-news/shortcuts/2018/jun/20/tender-age-shelters-a-new-way-to-describe-the-kidnapping-of-children,article,,../data/disaster_news/articles/2018_06_20_gardian_0.txt
2018-06-06T15:44:12Z,Flooding from high tides has doubled in the US in just 30 years,https://www.theguardian.com/us-news/2018/jun/06/flooding-from-high-tides-has-doubled-in-the-us-in-just-30-years,article,,../data/disaster_news/articles/2018_06_06_gardian_1.txt
2018-06-07T08:54:59Z,"Melania Trump appears in public as president attacks 'vicious, fake' rumours",https://www.theguardian.com/us-news/2018/jun/06/melania-trump-missing-rumours-donald-tweet-attack-fake-news,article,,../data/disaster_news/articles/2018_06_07_gardian_2.txt
2018-06-23T20:08:23Z,Trump press secretary Sarah Sanders ejected from Virginia restaurant,https://www.theguardian.com/us-news/2018/jun/23/trump-press-secretary-sarah-sanders-ejected-virginia-restaurant-red-hen-lexington,article,,../data/disaster_news/articles/2018_06_23_gardian_3.txt
2018-06-30T20:56:48Z,Thousands march against Trump and family separations policy,https://www.theguardian.com/us-news/2018/jun/30/donald-trump-radical-left-democrats-protests-separations-ice-supreme-court,article,,../data/disaster_news/articles/2018_06_30_gardian_4.txt
2018-06-12T18:52:14Z,Democrats urge Congress to take action on 'appalling rates of poverty',https://www.theguardian.com/us-news/2018/jun/12/democrats-poverty-calls-congress-us-rates-statistics,article,,../data/disaster_news/articles/2018_06_12_gardian_5.txt
2018-06-07T03:00:47Z,"Kim Jong-un begged Trump on his knees to revive summit, Rudy Giuliani says",https://www.theguardian.com/us-news/2018/jun/07/rudy-giuliani-kim-jong-un-begged-trump-knees-north-korea-summit-,article,,../data/disaster_news/articles/2018_06_07_gardian_6.txt
2018-06-22T15:48:33Z,Did Melania's jacket hide a message? And do u really care? | Hadley Freeman,https://www.theguardian.com/us-news/2018/jun/22/did-melanias-jacket-hide-message-and-do-u-really-care,article,,../data/disaster_news/articles/2018_06_22_gardian_7.txt
2018-06-28T22:23:15Z,Senior Ice lawyer sentenced to prison for stealing immigrants' identities,https://www.theguardian.com/us-news/2018/jun/28/ice-lawyer-raphael-sanchez-immigrant-identity-theft-sentence,article,,../data/disaster_news/articles/2018_06_28_gardian_8.txt
2018-06-19T18:23:44Z,Child separations: Trump faces extreme backlash from public and his own party,https://www.theguardian.com/us-news/2018/jun/19/child-separation-camps-trump-border-policy-backlash-republicans,article,,../data/disaster_news/articles/2018_06_19_gardian_9.txt
2018-06-04T15:42:36Z,California Democrats face challenges in fight for House control in midterms,https://www.theguardian.com/us-news/2018/jun/04/california-two-top-primary-catastrophe-democrats,article,,../data/disaster_news/articles/2018_06_04_gardian_10.txt
2018-06-01T15:11:32Z,"Trump's 'cruel' measures pushing US inequality to dangerous level, UN warns",https://www.theguardian.com/us-news/2018/jun/01/us-inequality-donald-trump-cruel-measures-un,article,,../data/disaster_news/articles/2018_06_01_gardian_11.txt
2018-06-09T11:00:22Z,Washington's Stanley Cup delight  shows DC – finally – is a sports town,https://www.theguardian.com/us-news/2018/jun/09/washington-sports-town-capitals-stanley-cup,article,,../data/disaster_news/articles/2018_06_09_gardian_12.txt
2018-06-29T13:00:17Z,Hillary Clinton: 'What is more uncivil than taking children away?',https://www.theguardian.com/us-news/2018/jun/29/hillary-clinton-on-trumps-child-detention-policy-it-keeps-me-up-at-night,article,,../data/disaster_news/articles/2018_06_29_gardian_13.txt
