webPublicationDate,webTitle,webUrl,type,disaster_type,path
2018-12-04T21:49:10Z,Trump family values: Eric starts Twitter storm with unwanted marital advice,https://www.theguardian.com/us-news/2018/dec/04/eric-trump-george-conway-clash-over-president-tweet,article,storm,../data/disaster_news/articles/2018_12_04_gardian_0.txt
2018-12-05T07:00:16Z,A tale of two wildfires: devastation highlights California's stark divide,https://www.theguardian.com/us-news/2018/dec/04/california-wildfires-paradise-malibu-wealth-class,article,wildfire,../data/disaster_news/articles/2018_12_05_gardian_1.txt
2018-12-01T01:23:55Z,"California: 32,000 kids return to class on Monday after wildfires hit schools",https://www.theguardian.com/us-news/2018/nov/30/california-wildfires-schools-paradise,article,wildfire,../data/disaster_news/articles/2018_12_01_gardian_2.txt
2018-12-01T21:28:33Z,'Dear Bill': Clinton heralds letter from Bush as source of lasting friendship,https://www.theguardian.com/us-news/2018/dec/01/dear-bill-clinton-george-bush-letter-friendship,article,,../data/disaster_news/articles/2018_12_01_gardian_3.txt
2018-12-05T11:17:43Z,Wednesday US briefing: Mueller recommends no prison time for Flynn,https://www.theguardian.com/us-news/2018/dec/05/wednesday-us-briefing-mueller-recommends-no-prison-time-for-flynn,article,,../data/disaster_news/articles/2018_12_05_gardian_4.txt
2018-12-01T11:43:58Z,'His example lives on': Trump and Obama lead tributes after George HW Bush dies,https://www.theguardian.com/us-news/2018/dec/01/his-example-lives-on-trump-and-obama-lead-tributes-after-george-hw-bush-dies,article,,../data/disaster_news/articles/2018_12_01_gardian_5.txt
2018-12-17T10:59:42Z,Monday US briefing: Beto's 2020 prospects pose threat to DC Democrats,https://www.theguardian.com/us-news/2018/dec/17/monday-us-briefing-betos-2020-prospects-pose-threat-to-dc-democrats,article,,../data/disaster_news/articles/2018_12_17_gardian_6.txt
2018-12-28T07:40:44Z,US government shutdown over border wall will last into 2019,https://www.theguardian.com/us-news/2018/dec/27/us-government-shutdown-continue-2019-trump,article,,../data/disaster_news/articles/2018_12_28_gardian_7.txt
2018-12-15T10:00:08Z,"As Mueller's inquiry deepens, is the net closing in on Trump?",https://www.theguardian.com/us-news/2018/dec/15/trump-turbulent-week-cohen-crisies,article,,../data/disaster_news/articles/2018_12_15_gardian_8.txt
2018-12-04T18:34:59Z,"Help us reach our goal: support a free, independent press in 2019",https://www.theguardian.com/us-news/2018/dec/04/help-reach-goal-your-support-can-build-hope-america-2019,article,,../data/disaster_news/articles/2018_12_04_gardian_9.txt
2018-12-08T06:00:38Z,'It's a sad reality': a troubling trend sees a 97% decline in monarch butterflies,https://www.theguardian.com/us-news/2018/dec/07/its-a-sad-reality-a-troubling-trend-sees-a-97-decline-in-monarch-butterflies,article,,../data/disaster_news/articles/2018_12_08_gardian_10.txt
2018-12-25T12:00:23Z,2018: the year of the autocrat,https://www.theguardian.com/us-news/2018/dec/25/2018-the-year-of-the-autocrat,article,,../data/disaster_news/articles/2018_12_25_gardian_11.txt
2018-12-19T09:00:25Z,'A sweatshop firing on all cylinders': what it's like to work at Amazon at Christmas,https://www.theguardian.com/us-news/2018/dec/19/how-your-holiday-shopping-drives-us-amazon-workers-to-exhaustion,article,,../data/disaster_news/articles/2018_12_19_gardian_12.txt
2018-12-29T20:41:36Z,Trump blames Democrats for deaths of children as shutdown grinds on,https://www.theguardian.com/us-news/2018/dec/29/government-shutdown-donald-trump-democrats,article,,../data/disaster_news/articles/2018_12_29_gardian_13.txt
2018-12-02T07:00:26Z,'A different command': how George HW Bush's war shaped his work for peace,https://www.theguardian.com/us-news/2018/dec/02/george-hw-bush-war-peace,article,,../data/disaster_news/articles/2018_12_02_gardian_14.txt
2018-12-27T06:00:14Z,From Kavanaugh to the government shutdown – Trump's 2018 lowlights,https://www.theguardian.com/us-news/2018/dec/27/trump-2018-lowlights-kavanaugh-government-shutdown,article,,../data/disaster_news/articles/2018_12_27_gardian_15.txt
2018-12-21T12:24:22Z,Europe responds with alarm to US defence secretary's resignation,https://www.theguardian.com/us-news/2018/dec/21/europe-responds-with-alarm-to-us-defense-secretarys-resignation,article,,../data/disaster_news/articles/2018_12_21_gardian_16.txt
2018-12-04T11:00:37Z,'This is not democracy': Republicans try to shrink power of incoming Democrats,https://www.theguardian.com/us-news/2018/dec/04/republicans-democrats-michigan-wisconsin-voting-midterms,article,,../data/disaster_news/articles/2018_12_04_gardian_17.txt
2018-12-22T09:00:23Z,Call it a miracle: how strangers got two caravan families across the border,https://www.theguardian.com/us-news/2018/dec/22/migrant-caravan-families-asylum-honduras-california,article,,../data/disaster_news/articles/2018_12_22_gardian_18.txt
