webPublicationDate,webTitle,webUrl,type,disaster_type,path
2018-03-15T11:59:21Z,Austin police flooded with hundreds of calls about packages after bombings,https://www.theguardian.com/us-news/2018/mar/15/austin-police-flooded-with-hundreds-of-calls-about-packages-after-bombings,article,,../data/disaster_news/articles/2018_03_15_gardian_0.txt
2018-03-30T10:00:17Z,Enduring pain: how a 1996 opioid policy change had long-lasting effects,https://www.theguardian.com/us-news/2018/mar/30/enduring-pain-how-a-1996-opioid-policy-change-had-long-lasting-effects,article,,../data/disaster_news/articles/2018_03_30_gardian_1.txt
2018-03-14T13:02:15Z,Walkout Wednesday: 17-minute student protests to mark 17 school shooting deaths,https://www.theguardian.com/us-news/2018/mar/14/walkout-wednesday-gun-control-student-protests,article,,../data/disaster_news/articles/2018_03_14_gardian_2.txt
2018-03-06T20:39:31Z,Florida woman wins conch-blowing contest – and a marriage proposal,https://www.theguardian.com/us-news/2018/mar/06/florida-woman-conch-shell-marriage-proposal,article,,../data/disaster_news/articles/2018_03_06_gardian_3.txt
2018-03-03T15:15:29Z,‘Call it chaos’: Trump adrift after week of White House anarchy,https://www.theguardian.com/us-news/2018/mar/03/donald-trump-jared-kushner-hope-hicks-tarriffs-nra,article,,../data/disaster_news/articles/2018_03_03_gardian_4.txt
2018-03-01T17:07:07Z,"Hey, that’s my hometown! How it feels to have Putin target your birthplace",https://www.theguardian.com/us-news/2018/mar/01/russia-putin-florida-target-hey-thats-my-hometown,article,,../data/disaster_news/articles/2018_03_01_gardian_5.txt
2018-03-18T11:00:06Z,Should white people pay more for lunch? New Orleans chef tests social experiment,https://www.theguardian.com/us-news/2018/mar/18/new-orleans-chef-food-experiment-black-white-pay-more,article,,../data/disaster_news/articles/2018_03_18_gardian_6.txt
2018-03-12T16:26:55Z,"Trump's decision to deport 200,000 to his 'shithole countries' challenged in lawsuit",https://www.theguardian.com/us-news/2018/mar/12/trump-lawsuit-tps-immigration-deportation,article,,../data/disaster_news/articles/2018_03_12_gardian_7.txt
2018-03-03T06:00:10Z,George P Bush's struggle in Texas may signal end of 70-year political dynasty,https://www.theguardian.com/us-news/2018/mar/03/george-p-bush-texas-vote-is-this-the-last-of-a-political-dynasty,article,,../data/disaster_news/articles/2018_03_03_gardian_8.txt
2018-03-02T01:15:22Z,White House in turmoil: a tumultuous 24 hours – even by Trump standards,https://www.theguardian.com/us-news/2018/mar/01/donald-trump-white-house-trade-gun-control,article,,../data/disaster_news/articles/2018_03_02_gardian_9.txt
2018-03-06T11:00:09Z,Environmental racism case: EPA rejects Alabama town's claim over toxic landfill,https://www.theguardian.com/us-news/2018/mar/06/environmental-racism-alabama-landfill-civil-rights,article,,../data/disaster_news/articles/2018_03_06_gardian_10.txt
2018-03-04T17:14:48Z,Trump aides defend tariffs move as Europe and China decry 'trade war',https://www.theguardian.com/us-news/2018/mar/04/trump-tariffs-europe-china-russia-trade-war,article,,../data/disaster_news/articles/2018_03_04_gardian_11.txt
2018-03-14T11:42:49Z,Why fire Tillerson now? Unshackled Trump making more unilateral decisions,https://www.theguardian.com/us-news/2018/mar/14/rex-tillerson-fired-unshackled-trump,article,,../data/disaster_news/articles/2018_03_14_gardian_12.txt
2018-03-14T15:57:14Z,The truth about torture: Trump’s CIA pick can't lead without facing her past,https://www.theguardian.com/us-news/2018/mar/14/gina-haspel-torture-trump-cia-director-pick-has-to-face-past,article,,../data/disaster_news/articles/2018_03_14_gardian_13.txt
2018-03-14T13:00:12Z,'This is the house that we built': homeless people on their makeshift residences,https://www.theguardian.com/us-news/2018/mar/14/homeless-self-built-homes,article,,../data/disaster_news/articles/2018_03_14_gardian_14.txt
