webPublicationDate,webTitle,webUrl,type,disaster_type,path
2018-05-20T18:01:44Z,Can the wave of female House candidates lead to a 'tsunami' of wins?,https://www.theguardian.com/us-news/2018/may/20/congress-us-elections-2018-women-candidates,article,,../data/disaster_news/articles/2018_05_20_gardian_0.txt
2018-05-03T19:38:36Z,'Condemned to misery': Trump set to end protected status for Hondurans,https://www.theguardian.com/us-news/2018/may/03/trump-temporary-protected-status-hondurans,article,,../data/disaster_news/articles/2018_05_03_gardian_1.txt
2018-05-24T22:56:22Z,"Classified collusion briefing features top lawmakers, FBI … and Trump's lawyer",https://www.theguardian.com/us-news/2018/may/24/congress-fbi-classified-briefing-trump-collusion-informant,article,,../data/disaster_news/articles/2018_05_24_gardian_2.txt
2018-05-02T18:13:33Z,White House's top Russia lawyer Ty Cobb departs in latest Trump shake-up,https://www.theguardian.com/us-news/2018/may/02/donald-trump-latest-news-tweet-white-house-rod-rosenstein,article,,../data/disaster_news/articles/2018_05_02_gardian_3.txt
2018-05-31T04:00:10Z,North Carolina activists pick next battle after $15 minimum wage win,https://www.theguardian.com/us-news/2018/may/31/greensboro-north-carolina-fight-for-15-minimum-wage,article,,../data/disaster_news/articles/2018_05_31_gardian_4.txt
2018-05-05T13:00:52Z,Gun control activists protest NRA's first annual meeting since Parkland,https://www.theguardian.com/us-news/2018/may/05/the-resistance-now-nra-convention-parkland-teacher-refugees,article,,../data/disaster_news/articles/2018_05_05_gardian_5.txt
2018-05-02T19:10:14Z,MPs prepared to force Channel Islands and Isle of Man to reveal firms' owners,https://www.theguardian.com/us-news/2018/may/02/cayman-islands-considers-legal-action-uk-public-scrutiny,article,,../data/disaster_news/articles/2018_05_02_gardian_6.txt
2018-05-31T07:38:16Z,Trump holds prison reform summit with Kim Kardashian West,https://www.theguardian.com/us-news/2018/may/31/donald-trump-holds-summit-with-kim-kardashian-west,article,,../data/disaster_news/articles/2018_05_31_gardian_7.txt
2018-05-08T11:00:16Z,Texas elections: first-time female candidates aim to ride 'blue wave' to victory,https://www.theguardian.com/us-news/2018/may/08/texas-elections-female-candidates-first-time-blue-wave,article,,../data/disaster_news/articles/2018_05_08_gardian_8.txt
2018-05-19T21:52:27Z,Santa Fe shooting: Texas town reels as names of 10 victims released,https://www.theguardian.com/us-news/2018/may/19/santa-fe-school-shooting-survivors-suspect-dimitrious-pagourtzis,article,,../data/disaster_news/articles/2018_05_19_gardian_9.txt
2018-05-19T10:00:25Z,New documents suggest Las Vegas shooter was conspiracy theorist – what we know,https://www.theguardian.com/us-news/2018/may/19/stephen-paddock-las-vegas-shooter-conspiracy-theories-documents-explained,article,,../data/disaster_news/articles/2018_05_19_gardian_10.txt
2018-05-07T14:02:54Z,NRA urges boycott of Dallas diner that pledged donations for gun control laws,https://www.theguardian.com/us-news/2018/may/07/nra-dallas-diner-boycott-ellens-gun-control,article,,../data/disaster_news/articles/2018_05_07_gardian_11.txt
2018-05-20T11:00:55Z,"Facing Trump, a historian appeals to America's soul: 'I think we'll survive'",https://www.theguardian.com/us-news/2018/may/20/donald-trump-jon-meacham-soul-of-america,article,,../data/disaster_news/articles/2018_05_20_gardian_12.txt
2018-05-24T10:00:50Z,Parkland survivor David Hogg aims to 'create the NRA – except for the opposite issues',https://www.theguardian.com/us-news/2018/may/24/david-hogg-parkland-shooting-gun-control-activism,article,,../data/disaster_news/articles/2018_05_24_gardian_13.txt
2018-05-12T05:00:23Z,"The Restless Wave review: John McCain on Trump, duty and Putin's 'evil'",https://www.theguardian.com/us-news/2018/may/12/restless-wave-review-john-mccain-book-trump-putin-russia-dossier,article,,../data/disaster_news/articles/2018_05_12_gardian_14.txt
2018-05-11T11:59:26Z,The anti-Obama: Trump's drive to destroy his predecessor's legacy,https://www.theguardian.com/us-news/2018/may/11/donald-trump-barack-obama-legacy,article,,../data/disaster_news/articles/2018_05_11_gardian_15.txt
2018-05-08T09:00:14Z,The problem with R Kelly: how the star is finally facing the music,https://www.theguardian.com/music/2018/may/08/the-problem-with-r-kelly-how-the-star-is-finally-facing-the-music,article,,../data/disaster_news/articles/2018_05_08_gardian_16.txt
