webPublicationDate,webTitle,webUrl,type,disaster_type,path
2018-09-25T05:00:14Z,The plan to protect Texas from climate change with help from oil companies,https://www.theguardian.com/us-news/2018/sep/25/texas-coastal-barrier-could-prevent-hurricane-damage-if-oil-companies-will-help-fund-it,article,,../data/disaster_news/articles/2018_09_25_gardian_0.txt
2018-09-17T19:13:43Z,'You're about to see a lot of damage': Florence death toll rises as storm moves north,https://www.theguardian.com/us-news/2018/sep/17/wilmington-cut-off-north-carolina-florence-flooding,article,storm,../data/disaster_news/articles/2018_09_17_gardian_1.txt
2018-09-20T09:00:20Z,Beach rebuilding efforts won't stave off climate change impacts forever,https://www.theguardian.com/us-news/2018/sep/20/beach-rebuilding-hurricane-florence-climate-change,article,,../data/disaster_news/articles/2018_09_20_gardian_2.txt
2018-09-19T10:00:15Z,"A year after Hurricane Harvey, some cleanup workers are still unpaid",https://www.theguardian.com/us-news/2018/sep/19/hurricane-harvey-workers-rights-texas,article,hurricane,../data/disaster_news/articles/2018_09_19_gardian_3.txt
2018-09-14T13:11:41Z,Myrtle Beach's rapid growth means more people in Hurricane Florence's way,https://www.theguardian.com/us-news/2018/sep/14/myrtle-beachs-rapid-growth-means-more-people-in-hurricane-florences-way,article,hurricane,../data/disaster_news/articles/2018_09_14_gardian_4.txt
2018-09-13T19:38:53Z,Trump falsely claims Hurricane Maria death toll was made up by Democrats,https://www.theguardian.com/us-news/2018/sep/13/donald-trump-says-hurricane-maria-death-toll-number-was-made-up-by-democrats,article,hurricane,../data/disaster_news/articles/2018_09_13_gardian_5.txt
2018-09-13T12:26:44Z,In Hurricane Florence's path 2m tons of toxic coal ash loom over Lumberton,https://www.theguardian.com/us-news/2018/sep/13/in-hurricane-florences-path-2m-tons-of-coal-ash-loom-over-lumberton,article,hurricane,../data/disaster_news/articles/2018_09_13_gardian_6.txt
2018-09-26T10:22:34Z,Wednesday US briefing: Trump urges UN to reject globalism,https://www.theguardian.com/us-news/2018/sep/26/wednesday-us-briefing-trump-urges-un-to-reject-globalism,article,,../data/disaster_news/articles/2018_09_26_gardian_7.txt
2018-09-12T10:00:12Z,North Carolina didn't like science on sea levels … so passed a law against it,https://www.theguardian.com/us-news/2018/sep/12/north-carolina-didnt-like-science-on-sea-levels-so-passed-a-law-against-it,article,,../data/disaster_news/articles/2018_09_12_gardian_8.txt
2018-09-04T01:37:05Z,Steve Bannon dropped from New Yorker festival after invite sparks anger,https://www.theguardian.com/us-news/2018/sep/03/steve-bannon-new-yorker-festival-dropped,article,,../data/disaster_news/articles/2018_09_04_gardian_9.txt
2018-09-07T17:24:37Z,'We’re in Crazytown': a week of dysfunction in the Trump White House,https://www.theguardian.com/us-news/2018/sep/07/trump-week-of-dysfunction-inside-the-white-house,article,,../data/disaster_news/articles/2018_09_07_gardian_10.txt
2018-09-14T18:04:24Z,What does Paul Manafort's plea deal mean for Trump?,https://www.theguardian.com/us-news/2018/sep/14/paul-manafort-plea-deal-trump-what-does-it-mean,article,,../data/disaster_news/articles/2018_09_14_gardian_11.txt
2018-09-06T21:29:03Z,"San Francisco's sinking, leaning tower adds cracked window to list of woes",https://www.theguardian.com/us-news/2018/sep/06/large-crack-in-san-francisco-millennium-tower-window-is-latest-in-engineering-woes,article,,../data/disaster_news/articles/2018_09_06_gardian_12.txt
2018-09-29T07:00:02Z,Presidential peril: what happened when Trump made landfall at the UN,https://www.theguardian.com/us-news/2018/sep/29/donald-trump-un-general-assembly-speech,article,,../data/disaster_news/articles/2018_09_29_gardian_13.txt
2018-09-16T16:02:17Z,'Impeachment is hell': Manafort deal increases pressure on Trump,https://www.theguardian.com/us-news/2018/sep/16/impeachment-trump-manafort-robert-mueller-deal,article,,../data/disaster_news/articles/2018_09_16_gardian_14.txt
2018-09-27T17:30:30Z,Trump postpones meeting with Rod Rosenstein,https://www.theguardian.com/us-news/2018/sep/27/trump-rod-rosenstein-meeting-postponed,article,,../data/disaster_news/articles/2018_09_27_gardian_15.txt
2018-09-25T14:42:04Z,'We need everyone involved': activist nuns pressure Smith & Wesson over gun safety,https://www.theguardian.com/us-news/2018/sep/25/smith-and-wesson-gun-safety-nuns-campaign,article,,../data/disaster_news/articles/2018_09_25_gardian_16.txt
2018-09-24T05:00:13Z,'A hopeless place': St Louis workhouse denounced as a modern-day debtors' prison,https://www.theguardian.com/us-news/2018/sep/24/i-feel-like-a-slave-st-louis-workhouse-denounced-as-a-modern-day-debtors-prison,article,,../data/disaster_news/articles/2018_09_24_gardian_17.txt
2018-09-27T14:50:45Z,US immigrants stop using public benefits over fears of new Trump rule,https://www.theguardian.com/us-news/2018/sep/27/us-immigrants-trump-proposals-rule-public-charge,article,,../data/disaster_news/articles/2018_09_27_gardian_18.txt
2018-09-20T15:55:52Z,Ex-New York Review of Books editor: I was 'convicted on Twitter' over essay,https://www.theguardian.com/us-news/2018/sep/20/metoo-new-york-review-books-editor-ian-buruma-twitter-conviction-claim,article,,../data/disaster_news/articles/2018_09_20_gardian_19.txt
2018-09-19T18:37:08Z,New York Review of Books editor Ian Buruma departs amid outrage over essay,https://www.theguardian.com/us-news/2018/sep/19/new-york-review-of-books-editor-ian-buruma-steps-down,article,,../data/disaster_news/articles/2018_09_19_gardian_20.txt
2018-09-14T10:00:18Z,Bob Woodward: 'Too many people are emotionally unhinged about Trump',https://www.theguardian.com/us-news/2018/sep/14/bob-woodward-interview-fear-trump-russia,article,,../data/disaster_news/articles/2018_09_14_gardian_21.txt
2018-09-23T08:09:15Z,Amy Chua denies telling female students to be 'model-like' for Brett Kavanaugh,https://www.theguardian.com/us-news/2018/sep/23/amy-chua-denies-telling-female-students-to-be-model-like-for-brett-kavanaugh,article,,../data/disaster_news/articles/2018_09_23_gardian_22.txt
2018-09-27T00:10:20Z,"Trump accuses China of meddling in midterms, citing Iowa newspaper ad",https://www.theguardian.com/us-news/2018/sep/26/trump-china-beijing-election-midterms-interference-claim,article,,../data/disaster_news/articles/2018_09_27_gardian_23.txt
2018-09-25T10:44:49Z,Tuesday US briefing: third Kavanaugh accuser may come forward,https://www.theguardian.com/us-news/2018/sep/25/tuesday-us-briefing-third-kavanaugh-accuser,article,,../data/disaster_news/articles/2018_09_25_gardian_24.txt
2018-09-19T05:00:09Z,'Trumpwashing': the danger of turning the Republican resistance into liberal heroes,https://www.theguardian.com/us-news/2018/sep/19/trumpwashing-republican-resistance-trump-dangers-history,article,,../data/disaster_news/articles/2018_09_19_gardian_25.txt
2018-09-09T13:30:34Z,Scott Walker: can the Wisconsin governor survive in the age of Trump?,https://www.theguardian.com/us-news/2018/sep/09/scott-walker-recall-wisconsin-election-donald-trump,article,,../data/disaster_news/articles/2018_09_09_gardian_26.txt
2018-09-05T06:00:50Z,The job Americans won't take: Arizona looks to Philippines to fill teacher shortage,https://www.theguardian.com/us-news/2018/sep/05/arizona-teachers-filipino-schools-low-pay,article,,../data/disaster_news/articles/2018_09_05_gardian_27.txt
