webPublicationDate,webTitle,webUrl,type,disaster_type,path
2018-02-11T11:00:01Z,'We've been forgotten': Hurricane Harvey and the long path to recovery,https://www.theguardian.com/us-news/2018/feb/11/hurricane-harvey-recovery-texas,article,hurricane,../data/disaster_news/articles/2018_02_11_gardian_0.txt
2018-02-06T16:13:43Z,"East coast tsunami warning was just a test, says National Weather Service",https://www.theguardian.com/us-news/2018/feb/06/national-weather-service-says-tsunami-warning-for-the-east-coast-was-just-a-test,article,tsunami,../data/disaster_news/articles/2018_02_06_gardian_1.txt
2018-02-01T19:12:18Z,Who is Devin Nunes and why is he sowing confusion in the Russia inquiry?,https://www.theguardian.com/us-news/2018/feb/01/devin-nunes-fbi-memo-controversy,article,,../data/disaster_news/articles/2018_02_01_gardian_2.txt
2018-02-21T23:46:48Z,Jail medical services firm charged after inmate's Milwaukee death,https://www.theguardian.com/us-news/2018/feb/21/milwaukee-jail-death-criminal-charges,article,,../data/disaster_news/articles/2018_02_21_gardian_3.txt
2018-02-15T14:21:11Z,Columbine survivor to Florida students: 'you will come out on the other side',https://www.theguardian.com/us-news/2018/feb/15/florida-shooting-columbine-shooting-survivor,article,,../data/disaster_news/articles/2018_02_15_gardian_4.txt
2018-02-27T19:51:34Z,NSA chief: Trump 'has not ordered disruption of Russia election meddling',https://www.theguardian.com/us-news/2018/feb/27/trump-russia-meddling-mike-rogers,article,,../data/disaster_news/articles/2018_02_27_gardian_5.txt
2018-02-17T20:42:54Z,Senior Trump adviser says Russian election meddling 'beyond dispute',https://www.theguardian.com/us-news/2018/feb/17/donald-trump-hr-mcmaster-russia-election-meddling-investigation,article,,../data/disaster_news/articles/2018_02_17_gardian_6.txt
2018-02-18T14:20:02Z,Trump: FBI 'spending too much time' on Russia inquiry and missed Florida shooter signs,https://www.theguardian.com/us-news/2018/feb/18/donald-trump-fbi-russia-inquiry-florida-shooting,article,,../data/disaster_news/articles/2018_02_18_gardian_7.txt
