webPublicationDate,webTitle,webUrl,type,disaster_type,path
2019-03-23T01:25:54Z,US disaster agency exposed private data of 2.3m hurricane and wildfire survivors,https://www.theguardian.com/us-news/2019/mar/22/fema-mishandled-data-hurricane-wildfire-survivors-report,article,wildfire,../data/disaster_news/articles/2019_03_23_gardian_0.txt
2019-03-05T20:26:51Z,Alabama tornado: rescuers continue search after twister kills 23,https://www.theguardian.com/us-news/2019/mar/05/alabama-tornado-beauregard-twister-news,article,tornado,../data/disaster_news/articles/2019_03_05_gardian_1.txt
2019-03-04T11:15:48Z,"US briefing: Alabama tornado, Trump tweets and China's 'two sessions'",https://www.theguardian.com/us-news/2019/mar/04/us-briefing-alabama-tornado-trump-tweets-and-chinas-two-sessions,article,tornado,../data/disaster_news/articles/2019_03_04_gardian_2.txt
2019-03-20T11:22:17Z,"US briefing: Bolsonaro, Cyclone Idai and a secret border database",https://www.theguardian.com/us-news/2019/mar/20/us-briefing-bolsonaro-cyclone-idai-and-a-secret-border-database,article,cyclone,../data/disaster_news/articles/2019_03_20_gardian_3.txt
2019-03-27T01:50:51Z,Trump says hurricane-hit Puerto Rico has received too much aid,https://www.theguardian.com/us-news/2019/mar/26/donald-trump-puerto-rico-hurricane-maria-aid,article,,../data/disaster_news/articles/2019_03_27_gardian_4.txt
2019-03-04T21:07:04Z,Alabama tornadoes kill at least 23 and cause 'catastrophic' damage,https://www.theguardian.com/us-news/2019/mar/04/alabama-tornado-deaths-catastrophic-damage,article,tornado,../data/disaster_news/articles/2019_03_04_gardian_5.txt
2019-03-26T10:00:22Z,IPO mania: San Francisco braces for 'earthquake' of new tech millionaires,https://www.theguardian.com/us-news/2019/mar/26/san-francisco-ipo-tech-industry-stock-market-new-millionaires,article,,../data/disaster_news/articles/2019_03_26_gardian_6.txt
2019-03-25T10:33:27Z,"US briefing: Mueller report, Venezuela and the new victims of Parkland",https://www.theguardian.com/us-news/2019/mar/25/us-briefing-mueller-report-venezuela-and-the-new-victims-of-parkland,article,,../data/disaster_news/articles/2019_03_25_gardian_7.txt
2019-03-28T05:00:21Z,Purdue's opioid settlement set to herald barrage of lawsuits against big pharma,https://www.theguardian.com/us-news/2019/mar/28/purdues-opioid-settlement-puts-big-pharma-on-notice,article,,../data/disaster_news/articles/2019_03_28_gardian_8.txt
2019-03-27T10:32:14Z,"US briefing: Border declaration, North Korean rebels and #MeToo in Mexico",https://www.theguardian.com/us-news/2019/mar/27/us-briefing-border-declaration-north-korean-rebels-and-metoo-in-mexico,article,,../data/disaster_news/articles/2019_03_27_gardian_9.txt
2019-03-19T10:38:16Z,"US briefing: Brexit, New Zealand and US Liberians facing deportation",https://www.theguardian.com/us-news/2019/mar/19/us-briefing-brexit-new-zealand-and-us-liberians-facing-deportation,article,,../data/disaster_news/articles/2019_03_19_gardian_10.txt
2019-03-25T09:00:07Z,Who keeps buying California's scarce water? Saudi Arabia,https://www.theguardian.com/us-news/2019/mar/25/california-water-drought-scarce-saudi-arabia,article,,../data/disaster_news/articles/2019_03_25_gardian_11.txt
2019-03-27T07:00:08Z,Trump’s spiritual adviser: relationship with president is ‘assignment’ from God,https://www.theguardian.com/us-news/2019/mar/27/trump-spiritual-adviser-relationship-with-president-direct-assignment-from-god,article,,../data/disaster_news/articles/2019_03_27_gardian_12.txt
2019-03-01T11:24:27Z,"US briefing: Trump children, Hanoi fallout and the NRA's Russia links",https://www.theguardian.com/us-news/2019/mar/01/us-briefing-trump-children-hanoi-fallout-and-the-nra-russia-links,article,,../data/disaster_news/articles/2019_03_01_gardian_13.txt
2019-03-21T20:59:56Z,Opioid crisis: FDA's own staff demand agency halt approval of new painkillers,https://www.theguardian.com/us-news/2019/mar/21/fda-opioid-approvals-halt,article,,../data/disaster_news/articles/2019_03_21_gardian_14.txt
2019-03-20T14:46:50Z,Trump's plan for new homes in Scotland backed by officials,https://www.theguardian.com/us-news/2019/mar/20/trump-plan-new-homes-scotland-backed-officials-aberdeenshire,article,,../data/disaster_news/articles/2019_03_20_gardian_15.txt
2019-03-27T10:00:12Z,House-hunting in Silicon Valley: tech's newly rich fuel a spectacle of excess,https://www.theguardian.com/us-news/2019/mar/27/silicon-valley-tech-wealth-real-estate,article,,../data/disaster_news/articles/2019_03_27_gardian_16.txt
2019-03-27T07:00:11Z,Paula White: the pastor who helps Trump hear 'what God has to say',https://www.theguardian.com/us-news/2019/mar/27/paula-white-donald-trump-pastor-evangelicals,article,,../data/disaster_news/articles/2019_03_27_gardian_17.txt
2019-03-25T16:50:35Z,William Barr: attorney general plays Republican spear-catcher again,https://www.theguardian.com/us-news/2019/mar/25/trump-russia-william-barr-republican-spear-catcher,article,,../data/disaster_news/articles/2019_03_25_gardian_18.txt
2019-03-12T05:00:35Z,'We won't stop striking': the New York 13 year-old taking a stand over climate change,https://www.theguardian.com/us-news/2019/mar/12/climate-change-student-activists-environment,article,,../data/disaster_news/articles/2019_03_12_gardian_19.txt
2019-03-03T16:30:41Z,'Kim knew': top Republican contradicts Trump over Otto Warmbier's death,https://www.theguardian.com/us-news/2019/mar/03/top-republican-contradicts-trump-over-otto-warmbier-death,article,,../data/disaster_news/articles/2019_03_03_gardian_20.txt
2019-03-21T10:22:30Z,"US briefing: New Zealand gun ban, Brexit delay and slavery reparations",https://www.theguardian.com/us-news/2019/mar/21/us-briefing-new-zealand-gun-ban-brexit-delay-and-slavery-reparations,article,,../data/disaster_news/articles/2019_03_21_gardian_21.txt
2019-03-23T11:17:02Z,'A nightmare': flight attendant with Daca status held after flying for work,https://www.theguardian.com/us-news/2019/mar/22/daca-dreamer-selene-saavedra-roman-flight-attendant,article,,../data/disaster_news/articles/2019_03_23_gardian_22.txt
2019-03-03T17:40:26Z,"Democrats target Trump Jr, Weisselberg and more as investigations grow",https://www.theguardian.com/us-news/2019/mar/03/democrats-donald-trump-jr-allen-weisselberg-michael-cohen-jerrold-nadler-impeachment,article,,../data/disaster_news/articles/2019_03_03_gardian_23.txt
2019-03-12T10:30:11Z,"US briefing: Pelosi on Trump, 'improved' Brexit deal and fake medicine threat",https://www.theguardian.com/us-news/2019/mar/12/us-briefing-pelosi-on-trump-improved-brexit-deal-and-fake-medicine-threat,article,,../data/disaster_news/articles/2019_03_12_gardian_24.txt
