webPublicationDate,webTitle,webUrl,type,disaster_type,path
2019-11-27T20:26:51Z,'Bomb cyclone' storm expected to upend Thanksgiving travel,https://www.theguardian.com/us-news/2019/nov/27/bomb-cyclone-latest-weather-report-thanksgiving-travel,article,storm,../data/disaster_news/articles/2019_11_27_gardian_0.txt
2019-11-13T16:06:50Z,Cows swept off island during Hurricane Dorian found after swimming for miles,https://www.theguardian.com/us-news/2019/nov/13/cows-outer-banks-hurricane-dorian-swept-away,article,hurricane,../data/disaster_news/articles/2019_11_13_gardian_1.txt
2019-11-23T07:00:47Z,‘Culture will be eroded’: climate crisis threatens to flood Harriet Tubman park,https://www.theguardian.com/us-news/2019/nov/23/harriet-tubman-national-park-climate-crisis,article,flood,../data/disaster_news/articles/2019_11_23_gardian_2.txt
2019-11-29T15:56:00Z,Parts of US brace for heavy snow as storm system to bring 'weather hazards',https://www.theguardian.com/us-news/2019/nov/29/thanksgiving-weekend-weather-snow-wind-tornaoes,article,storm,../data/disaster_news/articles/2019_11_29_gardian_3.txt
2019-11-03T11:00:22Z,"‘Not our mission’: private fire crews protect the insured, not the public",https://www.theguardian.com/us-news/2019/nov/03/not-our-mission-private-fire-crews-protect-the-insured-not-the-public,article,,../data/disaster_news/articles/2019_11_03_gardian_4.txt
2019-11-01T10:00:19Z,California's fire season has been bad. But it could have been much worse,https://www.theguardian.com/us-news/2019/nov/01/california-wildfire-season-2019,article,,../data/disaster_news/articles/2019_11_01_gardian_5.txt
2019-11-18T06:00:27Z,A Warning review: Anonymous Trump book fails to make a name for itself,https://www.theguardian.com/us-news/2019/nov/18/a-warning-review-anonymous-trump-book,article,,../data/disaster_news/articles/2019_11_18_gardian_6.txt
2019-11-21T17:42:33Z,Democratic forum organized by Teamsters and Guardian to focus on workers’ rights,https://www.theguardian.com/us-news/2019/nov/21/democratic-presidential-forum-workers-rights-iowa,article,,../data/disaster_news/articles/2019_11_21_gardian_7.txt
2019-11-10T15:13:04Z,Small plane crashes in Texas during 'gender reveal' stunt,https://www.theguardian.com/us-news/2019/nov/10/plane-crash-gender-reveal-stunt-texas,article,,../data/disaster_news/articles/2019_11_10_gardian_8.txt
2019-11-11T11:35:37Z,"US briefing: Trump whistlebower, Bolivia election and Don Jr gets triggered",https://www.theguardian.com/us-news/2019/nov/11/us-briefing-trump-whistlebower-bolivia-election-australia-fires,article,,../data/disaster_news/articles/2019_11_11_gardian_9.txt
2019-11-01T06:00:09Z,‘Don't count her out’: can Kamala Harris salvage a languishing 2020 bid?,https://www.theguardian.com/us-news/2019/nov/01/kamala-harris-2020-campaign-trump-impeachment,article,,../data/disaster_news/articles/2019_11_01_gardian_10.txt
2019-11-13T19:57:45Z,Ilhan Omar has been proved right: Stephen Miller is a white nationalist | Poppy Noor,https://www.theguardian.com/us-news/2019/nov/13/stephen-miller-white-nationalist-emails-ilhan-omar,article,,../data/disaster_news/articles/2019_11_13_gardian_11.txt
2019-11-16T07:00:31Z,‘I’m a weird one’: Tulsi Gabbard draws unusual mix of fans on the road,https://www.theguardian.com/us-news/2019/nov/16/tulsi-gabbard-2020-election-supporters-russia,article,,../data/disaster_news/articles/2019_11_16_gardian_12.txt
2019-11-21T11:00:01Z,'Fire is medicine': the tribes burning California forests to save them,https://www.theguardian.com/us-news/2019/nov/21/wildfire-prescribed-burns-california-native-americans,article,,../data/disaster_news/articles/2019_11_21_gardian_13.txt
2019-11-11T06:00:59Z,'The tribe has taken over': the Native Americans running Las Vegas's only cannabis lounge,https://www.theguardian.com/us-news/2019/nov/10/nevada-cannabis-lounge-paiute-las-vegas,article,,../data/disaster_news/articles/2019_11_11_gardian_14.txt
2019-11-01T20:16:38Z,California: Maria fire north of Los Angeles spreads rapidly overnight,https://www.theguardian.com/us-news/2019/nov/01/california-maria-fire-los-angeles-ventura-county,article,,../data/disaster_news/articles/2019_11_01_gardian_15.txt
2019-11-02T21:09:25Z,‘Horrific tragedy’: five dead at Halloween party in California Airbnb rental,https://www.theguardian.com/us-news/2019/nov/02/california-party-orinda-shooting-five-dead,article,,../data/disaster_news/articles/2019_11_02_gardian_16.txt
2019-11-27T11:20:07Z,"US briefing: Ukraine aid, Buttigieg donations and drones in Libya",https://www.theguardian.com/us-news/2019/nov/27/us-briefing-ukraine-aid-buttigieg-donations-and-drones-in-libya,article,,../data/disaster_news/articles/2019_11_27_gardian_17.txt
2019-11-01T11:02:46Z,"US briefing: Impeachment, California fires and Russia World Cup emails",https://www.theguardian.com/us-news/2019/nov/01/us-briefing-impeachment-california-fires-and-russia-world-cup-emails,article,,../data/disaster_news/articles/2019_11_01_gardian_18.txt
2019-11-26T15:23:20Z,"Surprise, surprise: billionaires far outspend rivals in race for president",https://www.theguardian.com/us-news/2019/nov/26/billionaires-us-elections-2020-president,article,,../data/disaster_news/articles/2019_11_26_gardian_19.txt
2019-11-04T07:00:16Z,‘The stakes are enormous’: is Hillary Clinton set for a White House run?,https://www.theguardian.com/us-news/2019/nov/04/the-stakes-are-enormous-is-hillary-clinton-set-for-a-white-house-run,article,,../data/disaster_news/articles/2019_11_04_gardian_20.txt
2019-11-28T11:00:36Z,'Truly astounding': inside the Farallon Islands' battle against a plague of mice,https://www.theguardian.com/us-news/2019/nov/28/truly-astounding-inside-the-farallon-islands-battle-against-a-plague-of-mice,article,,../data/disaster_news/articles/2019_11_28_gardian_21.txt
2019-11-30T19:58:45Z,Biden launches eight-day 'no malarkey' bus tour amid flagging poll numbers,https://www.theguardian.com/us-news/2019/nov/30/joe-biden-iowa-tour-polls,article,,../data/disaster_news/articles/2019_11_30_gardian_22.txt
2019-11-30T07:45:29Z,The inside story of Trump's alleged bribery of Ukraine,https://www.theguardian.com/us-news/2019/nov/30/trump-ukraine-alleged-bribery-impeachment-inquiry,article,,../data/disaster_news/articles/2019_11_30_gardian_23.txt
2019-11-30T16:56:55Z,'Nobody should have died': fear and anger in Minneapolis after public housing fire,https://www.theguardian.com/us-news/2019/nov/30/minneapolis-cedar-high-public-housing-fire,article,,../data/disaster_news/articles/2019_11_30_gardian_24.txt
2019-11-10T10:00:37Z,Opioids emerge as key sticking point for US-China trade deal,https://www.theguardian.com/us-news/2019/nov/10/opioids-us-china-trade-deal-trump,article,,../data/disaster_news/articles/2019_11_10_gardian_25.txt
2019-11-13T11:03:45Z,"US briefing: Televised impeachment hearings, Erdoğan visit and insect apocalypse",https://www.theguardian.com/us-news/2019/nov/13/us-briefing-televised-impeachment-hearings-erdogan-visit-insect-apocalypse,article,,../data/disaster_news/articles/2019_11_13_gardian_26.txt
2019-11-02T06:00:13Z,"Democrats have fallen behind Trump in digital campaigning, Obama aide warns",https://www.theguardian.com/us-news/2019/nov/02/democrats-trump-2020-digital-social-media-campaign,article,,../data/disaster_news/articles/2019_11_02_gardian_27.txt
2019-11-08T11:08:13Z,"US briefing: Trump faces fresh questions, microchips and paranoid plots",https://www.theguardian.com/us-news/2019/nov/08/us-briefing-trump-faces-fresh-questions-microchips-and-paranoid-plots,article,,../data/disaster_news/articles/2019_11_08_gardian_28.txt
2019-11-22T11:13:08Z,"US briefing: Fiona Hill, Lula interview and Tesla's pickup truck",https://www.theguardian.com/us-news/2019/nov/22/us-briefing-fiona-hill-lula-interview-and-teslas-pickup-truck,article,,../data/disaster_news/articles/2019_11_22_gardian_29.txt
2019-11-21T11:18:40Z,"US briefing: Democratic debate, impeachment news and Bolivia killings",https://www.theguardian.com/us-news/2019/nov/21/us-briefing-democratic-debate-impeachment-news-and-bolivia-killings,article,,../data/disaster_news/articles/2019_11_21_gardian_30.txt
2019-11-11T16:41:38Z,'It makes it real': hundreds march to re-enact 1811 Louisiana slave rebellion,https://www.theguardian.com/us-news/2019/nov/11/louisiana-slave-rebellion-reenactment-artist-dread-scott,article,,../data/disaster_news/articles/2019_11_11_gardian_31.txt
