webPublicationDate,webTitle,webUrl,type,disaster_type,path
2019-05-23T12:07:14Z,Missouri: destructive tornado leaves three people dead and severe damage,https://www.theguardian.com/us-news/2019/may/23/missouri-tornadoes-twister-storms-weather-midwest,article,tornado,../data/disaster_news/articles/2019_05_23_gardian_0.txt
2019-05-15T06:00:01Z,'It has to be dealt with': what's the future for midwest towns affected by climate change?,https://www.theguardian.com/us-news/2019/may/15/it-has-to-be-dealt-with-what-is-the-future-for-midwest-towns-affected-by-climate-change,article,,../data/disaster_news/articles/2019_05_15_gardian_1.txt
2019-05-10T06:00:37Z,'We're in constant crisis': cyclone-hit reservation forced to recover on its own,https://www.theguardian.com/us-news/2019/may/10/south-dakota-pine-ridge-reservation-cyclone-aid-recovery-on-own,article,,../data/disaster_news/articles/2019_05_10_gardian_2.txt
2019-05-15T22:54:51Z,"California power company caused wildfire that killed 85, investigation finds",https://www.theguardian.com/us-news/2019/may/15/camp-fire-pge-cause-calfire,article,wildfire,../data/disaster_news/articles/2019_05_15_gardian_3.txt
2019-05-23T06:00:33Z,'Forgotten coast': a Florida town fights to rebuild after Hurricane Michael,https://www.theguardian.com/us-news/2019/may/23/mexico-beach-hurricane-michael-florida-recovery,article,hurricane,../data/disaster_news/articles/2019_05_23_gardian_4.txt
2019-05-28T06:00:07Z,Florida appoints first chief science officer to take on climate crisis,https://www.theguardian.com/us-news/2019/may/28/florida-tom-frazer-chief-science-officer-climate-water-quality,article,,../data/disaster_news/articles/2019_05_28_gardian_5.txt
2019-05-12T05:00:22Z,After the floods: the struggle for survival in a tiny Mississippi town,https://www.theguardian.com/us-news/2019/may/11/mississippi-floods-tchula-william-barber-poverty,article,flood,../data/disaster_news/articles/2019_05_12_gardian_6.txt
2019-05-10T09:57:12Z,"US briefing: China trade war, Uber IPO and fake heiress sentenced",https://www.theguardian.com/us-news/2019/may/10/us-briefing-china-trade-war-uber-ipo-and-fake-heiress-sentenced,article,,../data/disaster_news/articles/2019_05_10_gardian_7.txt
2019-05-30T06:00:09Z,A secretive marsh bird faces existential threat from rising seas,https://www.theguardian.com/us-news/2019/may/30/a-secretive-marsh-bird-faces-existential-threat-from-rising-seas,article,,../data/disaster_news/articles/2019_05_30_gardian_8.txt
2019-05-06T10:00:07Z,Who will win Iowa's support in 2020? That depends on who's really listening to us,https://www.theguardian.com/us-news/2019/may/06/who-will-win-iowas-support-in-2020-that-depends-on-whos-really-listening-to-us,article,,../data/disaster_news/articles/2019_05_06_gardian_9.txt
2019-05-03T10:12:13Z,"US briefing: Ending Aids, Jared's Middle East plan and opioid boss guilty",https://www.theguardian.com/us-news/2019/may/03/us-briefing-ending-aids-jareds-middle-east-plan-and-opioid-boss-guilty,article,,../data/disaster_news/articles/2019_05_03_gardian_10.txt
2019-05-07T10:07:54Z,"US briefing: Trump's taxes, China razes mosques and Arctic tensions",https://www.theguardian.com/us-news/2019/may/07/us-briefing-trumps-taxes-china-razes-mosques-arctic-tensions,article,,../data/disaster_news/articles/2019_05_07_gardian_11.txt
2019-05-23T10:00:06Z,California agencies fought fires on federal land. Now Trump won’t pay in full,https://www.theguardian.com/us-news/2019/may/23/california-agencies-fought-fires-on-federal-land-now-trump-wont-pay-in-full,article,,../data/disaster_news/articles/2019_05_23_gardian_12.txt
2019-05-14T11:51:37Z,Montana governor Steve Bullock enters 2020 presidential race,https://www.theguardian.com/us-news/2019/may/14/steve-bullock-2020-montana-governor-presidential-democratic-race,article,,../data/disaster_news/articles/2019_05_14_gardian_13.txt
2019-05-02T21:58:06Z,Green new meal: restaurants can charge diners to reduce their carbon food-print,https://www.theguardian.com/us-news/2019/may/02/california-climate-change-restaurants-charge-diners-more,article,,../data/disaster_news/articles/2019_05_02_gardian_14.txt
2019-05-16T10:00:30Z,"US briefing: Alabama backlash, Huawei and Camp fire investigation",https://www.theguardian.com/us-news/2019/may/16/us-briefing-alabama-backlash-huawei-and-camp-fire-investigation,article,,../data/disaster_news/articles/2019_05_16_gardian_15.txt
2019-05-02T10:38:23Z,"US briefing: Barr testimony, Venezuela uprising and Assange sentenced",https://www.theguardian.com/us-news/2019/may/02/us-briefing-barr-testimony-venezuela-uprising-and-assange-sentenced,article,,../data/disaster_news/articles/2019_05_02_gardian_16.txt
2019-05-20T06:00:25Z,Trump's lawyers: does serving the president mean undermining justice?,https://www.theguardian.com/us-news/2019/may/20/donald-trump-lawyers-william-barr-justice,article,,../data/disaster_news/articles/2019_05_20_gardian_17.txt
2019-05-08T16:46:29Z,"'My chances? Not zero, but close': the 2020 Republicans taking on Trump – with no hope of winning",https://www.theguardian.com/us-news/2019/may/08/republican-2020-presidential-challengers-trump-bill-weld,article,,../data/disaster_news/articles/2019_05_08_gardian_18.txt
2019-05-26T12:15:44Z,Trump fetes sumo champ in Japan before grappling with trade,https://www.theguardian.com/us-news/2019/may/26/donald-trump-sumo-japan-trip-shinzo-abe-golf-burgers,article,,../data/disaster_news/articles/2019_05_26_gardian_19.txt
2019-05-23T10:32:30Z,"US briefing: India election, Trump's bank records and an extinction crisis",https://www.theguardian.com/us-news/2019/may/23/us-briefing-india-election-trumps-bank-records-and-extinction-crisis,article,,../data/disaster_news/articles/2019_05_23_gardian_20.txt
2019-05-20T09:44:33Z,"US briefing: Trump goads Iran, Huawei block and Game of Thrones finale",https://www.theguardian.com/us-news/2019/may/20/us-briefing-trump-goads-iran-huawei-block-and-game-of-thrones-finale,article,,../data/disaster_news/articles/2019_05_20_gardian_21.txt
2019-05-23T15:58:26Z,2020 candidate John Delaney pitches vastly unusual climate change plan,https://www.theguardian.com/us-news/2019/may/23/2020-candidate-john-delaney-pitches-vastly-unusual-climate-change-plan,article,,../data/disaster_news/articles/2019_05_23_gardian_22.txt
2019-05-25T05:00:36Z,"If you build it, will they succumb? Houston opens rugby field of dreams",https://www.theguardian.com/us-news/2019/may/25/houston-rugby-aveva-stadium-mlr,article,,../data/disaster_news/articles/2019_05_25_gardian_23.txt
2019-05-10T06:00:39Z,A Big Mac at the White House: Trump’s telling sports celebrations,https://www.theguardian.com/us-news/2019/may/09/a-big-mac-at-the-white-house-trumps-telling-sports-celebrations,article,,../data/disaster_news/articles/2019_05_10_gardian_24.txt
2019-05-06T10:59:12Z,Human society under urgent threat from loss of Earth's natural life,https://www.theguardian.com/environment/2019/may/06/human-society-under-urgent-threat-loss-earth-natural-life-un-report,article,,../data/disaster_news/articles/2019_05_06_gardian_25.txt
2019-05-11T05:00:07Z,'Everything was just lies': how alleged sex cult Nxivm deceived its victims,https://www.theguardian.com/us-news/2019/may/11/nxivm-trial-allison-mack-keith-raniere-cult-victims,article,,../data/disaster_news/articles/2019_05_11_gardian_26.txt
2019-05-09T05:00:38Z,A serial killer at the border – and the women who stood up to him,https://www.theguardian.com/us-news/2019/may/09/juan-david-ortiz-laredo-serial-killer-border-patrol-agent-women-stood-up-deaths,article,,../data/disaster_news/articles/2019_05_09_gardian_27.txt
