webPublicationDate,webTitle,webUrl,type,disaster_type,path
2019-04-26T09:51:55Z,"US briefing: Joe Biden, mass escape in Mexico and Mozambique storm",https://www.theguardian.com/us-news/2019/apr/26/us-briefing-joe-biden-mass-escape-in-mexico-and-mozambique-storm,article,storm,../data/disaster_news/articles/2019_04_26_gardian_0.txt
2019-04-11T22:36:21Z,'A walking conflict of interest': ex-oil lobbyist confirmed to lead US interior department,https://www.theguardian.com/us-news/2019/apr/11/david-bernhart-interior-department-senate-confirmation,article,,../data/disaster_news/articles/2019_04_11_gardian_1.txt
2019-04-02T21:52:48Z,Sackler family asks judge to toss out Massachusetts suit over ‘inaccuracies’,https://www.theguardian.com/us-news/2019/apr/02/sackler-family-massachusetts-lawsuit-opioids-crisis,article,,../data/disaster_news/articles/2019_04_02_gardian_2.txt
2019-04-30T15:00:21Z,'You can't win': the parents working full-time – and struggling to survive,https://www.theguardian.com/us-news/2019/apr/30/you-cant-win-the-parents-working-full-time-and-struggling-to-survive,article,,../data/disaster_news/articles/2019_04_30_gardian_3.txt
2019-04-29T18:06:07Z,"Trump has made 10,000 untrue claims as president, factcheckers say",https://www.theguardian.com/us-news/2019/apr/29/trump-false-misleading-claims-fact-check,article,,../data/disaster_news/articles/2019_04_29_gardian_4.txt
2019-04-07T15:00:16Z,Snake's 'boyfriend’ leads hunters to largest python in Florida Everglades,https://www.theguardian.com/us-news/2019/apr/07/hunters-capture-largest-python-florida-everglades,article,,../data/disaster_news/articles/2019_04_07_gardian_5.txt
2019-04-03T09:33:52Z,"US briefing: Venezuela, Jeff Flake threats and air pollution deaths",https://www.theguardian.com/us-news/2019/apr/03/us-briefing-venezuela-jeff-flake-threats-and-air-pollution-deaths,article,,../data/disaster_news/articles/2019_04_03_gardian_6.txt
2019-04-22T22:25:52Z,Demoted and sidelined: Google walkout organizers say company retaliated,https://www.theguardian.com/us-news/2019/apr/22/google-mass-protests-employee-retaliation,article,,../data/disaster_news/articles/2019_04_22_gardian_7.txt
2019-04-09T20:55:45Z,The hardest job in politics? Howard Schultz is hiring a social media manager,https://www.theguardian.com/us-news/2019/apr/08/defend-the-rich-guy-a-handy-guide-to-being-howard-schultzs-social-media-manager,article,,../data/disaster_news/articles/2019_04_09_gardian_8.txt
2019-04-04T10:00:09Z,"To build the wall, or not to build? On the Texas border, residents take sides",https://www.theguardian.com/us-news/2019/apr/04/trump-mexico-texas-border-wall,article,,../data/disaster_news/articles/2019_04_04_gardian_9.txt
2019-04-16T06:00:45Z,The rare Republican who's actually worried about climate change,https://www.theguardian.com/us-news/2019/apr/15/garret-graves-republican-climate-change-louisiana,article,,../data/disaster_news/articles/2019_04_16_gardian_10.txt
2019-04-17T05:00:20Z,Columbine at 20: how school shootings became 'part of the American psyche',https://www.theguardian.com/us-news/2019/apr/17/how-columbine-changed-america-20-year-anniversary-school-shootings,article,,../data/disaster_news/articles/2019_04_17_gardian_11.txt
2019-04-08T08:00:44Z,The booming business for smuggling people to the US: 'Everyone wins',https://www.theguardian.com/us-news/2019/apr/08/the-booming-business-for-smuggling-people-to-the-us-everyone-wins,article,,../data/disaster_news/articles/2019_04_08_gardian_12.txt
2019-04-28T16:16:13Z,James McCord obituary,https://www.theguardian.com/us-news/2019/apr/28/james-mccord-obituary,article,,../data/disaster_news/articles/2019_04_28_gardian_13.txt
2019-04-03T15:44:38Z,"Damage from Trump unilateralism is 'criminal', says former US adviser",https://www.theguardian.com/us-news/2019/apr/03/corrosive-damage-from-trump-unilateralism-is-criminal-us-adviser,article,,../data/disaster_news/articles/2019_04_03_gardian_14.txt
