webPublicationDate,webTitle,webUrl,type,disaster_type,path
2019-10-29T18:52:53Z,Wildfire wedding: couple wear protective masks in viral California photo,https://www.theguardian.com/us-news/2019/oct/29/wildfire-wedding-photo-couple-masks,article,wildfire,../data/disaster_news/articles/2019_10_29_gardian_0.txt
2019-10-11T15:47:42Z,California wildfire spreads as fears mount over further power shutoffs,https://www.theguardian.com/us-news/2019/oct/11/california-wildfire-latest-power-shutoffs,article,wildfire,../data/disaster_news/articles/2019_10_11_gardian_1.txt
2019-10-05T04:00:36Z,'A problem in every national forest': tree thieves were behind Washington wildfire,https://www.theguardian.com/us-news/2019/oct/05/washington-wildfire-tree-thieves,article,wildfire,../data/disaster_news/articles/2019_10_05_gardian_2.txt
2019-10-26T00:09:26Z,'It's like I'm in hell': how it feels to flee a wildfire outside Los Angeles,https://www.theguardian.com/us-news/2019/oct/25/california-wildfires-survivors-evacuees,article,wildfire,../data/disaster_news/articles/2019_10_26_gardian_3.txt
2019-10-18T12:52:17Z,California: July earthquake caused fault to move for first time on record,https://www.theguardian.com/us-news/2019/oct/18/california-ridgecrest-earthquake-fault-strain-researchers,article,earthquake,../data/disaster_news/articles/2019_10_18_gardian_4.txt
2019-10-28T23:58:29Z,California wildfires: how bad are they and is the climate crisis linked?,https://www.theguardian.com/us-news/2019/oct/28/california-wildfires-explained-climate-change,article,wildfire,../data/disaster_news/articles/2019_10_28_gardian_5.txt
2019-10-14T15:30:44Z,Fiona Hill: British-born Russia expert drawn into impeachment storm,https://www.theguardian.com/us-news/2019/oct/14/fiona-hill-russia-trump-impeachment-inquiry-ukraine,article,storm,../data/disaster_news/articles/2019_10_14_gardian_6.txt
2019-10-12T20:42:07Z,California wildfires bring destruction to Los Angeles suburbs,https://www.theguardian.com/us-news/2019/oct/12/california-wildfires-los-angeles-suburbs,article,wildfire,../data/disaster_news/articles/2019_10_12_gardian_7.txt
2019-10-25T10:10:09Z,"US briefing: Russia inquiry, California wildfires and Harvey Weinstein",https://www.theguardian.com/us-news/2019/oct/25/us-briefing-russia-inquiry-california-wildfires-and-harvey-weinstein,article,wildfire,../data/disaster_news/articles/2019_10_25_gardian_8.txt
2019-10-06T11:00:15Z,"'Once they're gone, they're gone': the fight to save the giant sequoia",https://www.theguardian.com/us-news/2019/oct/06/california-giant-sequoia-grove-alder-grove,article,,../data/disaster_news/articles/2019_10_06_gardian_9.txt
2019-10-11T21:14:13Z,"California power outages could cost region more than $2bn, some experts say",https://www.theguardian.com/us-news/2019/oct/11/california-power-outages-cost-business-wildfires,article,,../data/disaster_news/articles/2019_10_11_gardian_10.txt
2019-10-31T19:14:22Z,Five hundred goats save the Ronald Reagan library from wildfires,https://www.theguardian.com/us-news/2019/oct/31/goats-save-ronald-reagan-library-wildfire,article,wildfire,../data/disaster_news/articles/2019_10_31_gardian_11.txt
2019-10-30T20:48:38Z,Laborers and domestic workers stay behind as thousands flee California wildfires,https://www.theguardian.com/us-news/2019/oct/30/california-fires-workers-kincade-easy,article,wildfire,../data/disaster_news/articles/2019_10_30_gardian_12.txt
2019-10-30T17:20:54Z,California wildfires: new blaze threatens Reagan library amid extreme winds,https://www.theguardian.com/us-news/2019/oct/30/california-fires-latest-power-outages-san-francisco-la-simi-valley,article,wildfire,../data/disaster_news/articles/2019_10_30_gardian_13.txt
2019-10-29T22:49:25Z,California wildfires: fierce winds may spread blazes as millions lose power,https://www.theguardian.com/us-news/2019/oct/29/california-fierce-winds-may-spread-more-fires-as-millions-lose-power,article,wildfire,../data/disaster_news/articles/2019_10_29_gardian_14.txt
2019-10-26T02:30:18Z,California wildfires: blazes ravage state as 2 million face looming blackouts,https://www.theguardian.com/us-news/2019/oct/25/california-fires-tick-kincade-la-sonoma,article,wildfire,../data/disaster_news/articles/2019_10_26_gardian_15.txt
2019-10-08T05:00:15Z,"Two years after California wildfires, survivors poised to lose housing funds",https://www.theguardian.com/us-news/2019/oct/07/two-years-after-california-wildfires-survivors-poised-to-lose-housing-funds,article,wildfire,../data/disaster_news/articles/2019_10_08_gardian_16.txt
2019-10-09T10:42:44Z,"PG&E shutdown: 800,000 people to lose power to prevent California wildfires",https://www.theguardian.com/us-news/2019/oct/08/california-power-outage-blackout-wildfire-prevention,article,wildfire,../data/disaster_news/articles/2019_10_09_gardian_17.txt
2019-10-28T11:40:59Z,'This time feels worse': California fire has troubling echoes of 2017 blaze,https://www.theguardian.com/us-news/2019/oct/28/california-wildfire-kincade-sonoma-county,article,,../data/disaster_news/articles/2019_10_28_gardian_18.txt
2019-10-28T23:33:00Z,California wildfires: violent winds fuel Kincade blaze as Getty fire burns in LA,https://www.theguardian.com/us-news/2019/oct/28/california-wildfires-kincade-fire-getty-power-outage,article,wildfire,../data/disaster_news/articles/2019_10_28_gardian_19.txt
2019-10-25T06:00:12Z,'Sand wars': the battle to replenish Florida’s beaches amid climate crisis,https://www.theguardian.com/us-news/2019/oct/25/surfside-florida-beaches-climate-crisis-sea-levels,article,,../data/disaster_news/articles/2019_10_25_gardian_20.txt
2019-10-24T12:42:46Z,"'Well, this is awkward': Trump mocked after saying he’s building a border wall in Colorado",https://www.theguardian.com/us-news/2019/oct/24/trump-colorado-wall-awkward-not-a-border-state,article,,../data/disaster_news/articles/2019_10_24_gardian_21.txt
2019-10-17T05:00:31Z,"Thirty years after devastating quake, is San Francisco ready for the next?",https://www.theguardian.com/us-news/2019/oct/16/california-earthquake-bay-area-prepared-loma-prieta-1989,article,,../data/disaster_news/articles/2019_10_17_gardian_22.txt
2019-10-11T10:01:48Z,"US briefing: Syria, Ukraine arrests and Google backs climate deniers",https://www.theguardian.com/us-news/2019/oct/11/us-briefing-syria-ukraine-arrests-and-google-backs-climate-deniers,article,,../data/disaster_news/articles/2019_10_11_gardian_23.txt
2019-10-14T10:08:50Z,"US briefing: Syria conflict, Trump shooting video and #MeToo at two",https://www.theguardian.com/us-news/2019/oct/14/us-briefing-syria-conflict-trump-shooting-video-and-metoo-at-two,article,,../data/disaster_news/articles/2019_10_14_gardian_24.txt
2019-10-12T05:00:11Z,California power shutoffs: when your public utility is owned by private investors,https://www.theguardian.com/us-news/2019/oct/11/california-power-shutoffs-when-your-public-utility-is-owned-by-private-investors,article,,../data/disaster_news/articles/2019_10_12_gardian_25.txt
2019-10-26T17:42:11Z,Trump lashes out at Kamala Harris after senator protests criminal justice award,https://www.theguardian.com/us-news/2019/oct/26/donald-trump-kamala-harris-benedict-college-criminal-justice-award-forum,article,,../data/disaster_news/articles/2019_10_26_gardian_26.txt
2019-10-25T01:21:18Z,"'Be vigilant, be careful': Californians learn to live with constant threat of fire and power cuts",https://www.theguardian.com/us-news/2019/oct/24/california-wildfires-power-cuts-resilience-zones,article,,../data/disaster_news/articles/2019_10_25_gardian_27.txt
2019-10-29T10:56:52Z,"US briefing: California fires, Baghdadi raid and Facebook political ads",https://www.theguardian.com/us-news/2019/oct/29/us-briefing-california-fires-baghdadi-raid-and-facebook-political-ads,article,,../data/disaster_news/articles/2019_10_29_gardian_28.txt
2019-10-23T18:39:46Z,Californians face second round of power shutoffs in two weeks,https://www.theguardian.com/us-news/2019/oct/23/pge-power-shutoffs-red-flag-california,article,,../data/disaster_news/articles/2019_10_23_gardian_29.txt
2019-10-29T02:40:08Z,How LA's Getty Center built a fire-proof fortress for priceless art,https://www.theguardian.com/us-news/2019/oct/28/california-wildfires-getty-fire-museum-art,article,,../data/disaster_news/articles/2019_10_29_gardian_30.txt
2019-10-22T17:40:52Z,"California: PG&E warns of fresh power shutoffs for 500,000 due to fire weather",https://www.theguardian.com/us-news/2019/oct/22/california-wildfires-power-shutoffs-pge,article,,../data/disaster_news/articles/2019_10_22_gardian_31.txt
2019-10-31T21:41:22Z,California: San Bernardino fire adds to ring of blazes around Los Angeles,https://www.theguardian.com/us-news/2019/oct/31/california-wildfires-latest-los-angeles-san-bernardino-reagan,article,,../data/disaster_news/articles/2019_10_31_gardian_32.txt
2019-10-26T22:23:47Z,'Potentially historic': dangerous winds expected as fires burn across California,https://www.theguardian.com/us-news/2019/oct/26/california-wildfires-latest-power-shutoff-pge-tick,article,,../data/disaster_news/articles/2019_10_26_gardian_33.txt
2019-10-17T10:46:59Z,"US briefing: Trump's Erdoğan letter, impeachment latest and Bolivia",https://www.theguardian.com/us-news/2019/oct/17/us-briefing-trumps-erdogan-letter-impeachment-latest-and-bolivia,article,,../data/disaster_news/articles/2019_10_17_gardian_34.txt
2019-10-08T10:18:44Z,"US briefing: Syria chaos, Trump tax returns and Florida voting rights",https://www.theguardian.com/us-news/2019/oct/08/us-briefing-syria-chaos-trump-tax-returns-and-florida-voting-rights,article,,../data/disaster_news/articles/2019_10_08_gardian_35.txt
2019-10-04T18:39:56Z,'Everywhere we looked': trillions of microplastics found in San Francisco bay,https://www.theguardian.com/environment/2019/oct/04/san-francisco-microplastics-study-bay,article,,../data/disaster_news/articles/2019_10_04_gardian_36.txt
2019-10-02T05:00:13Z,'Repugnant': how Fox News went to war with itself over Trump and impeachment,https://www.theguardian.com/us-news/2019/oct/01/seven-days-of-fox-news-impeachment-coverage-proves-divisive-for-its-hosts,article,,../data/disaster_news/articles/2019_10_02_gardian_37.txt
2019-10-30T11:24:24Z,"US briefing: impeachment latest, WhatsApp hack and Greta Thunberg",https://www.theguardian.com/us-news/2019/oct/30/us-briefing-impeachment-latest-whatsapp-hack-and-greta-thunberg,article,,../data/disaster_news/articles/2019_10_30_gardian_38.txt
2019-10-06T06:00:06Z,"'Peculiar, irrational, self-destructive': Trump's week of impeachment rage",https://www.theguardian.com/us-news/2019/oct/05/trump-impeachment-inquiry-finland-china-tweets,article,,../data/disaster_news/articles/2019_10_06_gardian_39.txt
2019-10-07T05:00:52Z,'It's worse than ever': how Latinos are changing their lives in Trump's America,https://www.theguardian.com/us-news/2019/oct/06/latinos-trump-hate-crimes-el-paso,article,,../data/disaster_news/articles/2019_10_07_gardian_40.txt
2019-10-27T17:25:21Z,Trump impeachment: Schiff expects battle over key witness John Bolton,https://www.theguardian.com/us-news/2019/oct/27/donald-trump-impeachment-adam-schiff-john-bolton,article,,../data/disaster_news/articles/2019_10_27_gardian_41.txt
2019-10-27T06:00:10Z,‘I took a stand’: the centrist Democrat navigating impeachment in a divided district,https://www.theguardian.com/us-news/2019/oct/27/abigail-spanberger-impeachment-trump-centrist-democrat,article,,../data/disaster_news/articles/2019_10_27_gardian_42.txt
2019-10-04T17:41:09Z,Ukraine texts show how Trump has warped the state department,https://www.theguardian.com/us-news/2019/oct/04/ukraine-trump-texts-state-department,article,,../data/disaster_news/articles/2019_10_04_gardian_43.txt
2019-10-19T14:15:29Z,Rivals in the scramble to be the world’s 21st-century superpower,https://www.theguardian.com/us-news/2019/oct/19/global-battle-power-putin-trump-syria,article,,../data/disaster_news/articles/2019_10_19_gardian_44.txt
