webPublicationDate,webTitle,webUrl,type,disaster_type,path
2019-02-17T11:00:39Z,Florida's farmers plot new course after Hurricane Michael's deadly tear,https://www.theguardian.com/us-news/2019/feb/17/hurricane-michael-florida-panhandle-agriculture-industry-transformation,article,hurricane,../data/disaster_news/articles/2019_02_17_gardian_0.txt
2019-02-15T11:00:41Z,Florida is drowning. Condos are still being built. Can't humans see the writing on the wall?,https://www.theguardian.com/environment/2019/feb/15/florida-climate-change-coastal-real-estate-rising-seas,article,,../data/disaster_news/articles/2019_02_15_gardian_1.txt
2019-02-28T10:00:46Z,NRA: the 'growing storm' challenging group's legendary clout and power,https://www.theguardian.com/us-news/2019/feb/28/nra-the-growing-storm-challenging-groups-legendary-clout-and-power,article,storm,../data/disaster_news/articles/2019_02_28_gardian_2.txt
2019-02-14T21:48:23Z,Scorched film sets: a Hollywood park after wildfires,https://www.theguardian.com/artanddesign/2019/feb/14/national-park-hollywood-history-woolsey-fire-in-pictures,article,wildfire,../data/disaster_news/articles/2019_02_14_gardian_3.txt
2019-02-25T06:00:08Z,Concrete: the most destructive material on Earth,https://www.theguardian.com/cities/2019/feb/25/concrete-the-most-destructive-material-on-earth,article,,../data/disaster_news/articles/2019_02_25_gardian_4.txt
2019-02-28T19:18:49Z,The flooded California wine country towns accessible only by boat – in pictures,https://www.theguardian.com/us-news/2019/feb/28/flooded-california-towns-accessible-by-boat-in-pictures,article,,../data/disaster_news/articles/2019_02_28_gardian_5.txt
2019-02-27T21:07:58Z,Giant 'Glory Hole' sucks in rainwater as storms swell California lake,https://www.theguardian.com/us-news/2019/feb/27/california-glory-hole-lake-berryessa-rain-storm-flood-overspill,article,storm,../data/disaster_news/articles/2019_02_27_gardian_6.txt
2019-02-20T22:56:55Z,"Immigration, rail funding and lawsuits: why California and Trump are at war",https://www.theguardian.com/us-news/2019/feb/20/california-trump-war-immigration-train-funding-gavin-newsom,article,,../data/disaster_news/articles/2019_02_20_gardian_7.txt
2019-02-15T19:00:06Z,"US coastal businesses hit by everyday impact of climate change, study shows",https://www.theguardian.com/us-news/2019/feb/15/us-coastal-businesses-hit-by-everyday-impact-of-climate-change-study-shows,article,,../data/disaster_news/articles/2019_02_15_gardian_8.txt
2019-02-15T16:26:59Z,National emergency: Trump's 'clear abuse of power' faces torrent of lawsuits,https://www.theguardian.com/us-news/2019/feb/15/trump-national-emergency-border-wall-congress,article,,../data/disaster_news/articles/2019_02_15_gardian_9.txt
2019-02-05T19:32:35Z,Can candidates define the national conversation for 2020 amid the chaos? | Art Cullen,https://www.theguardian.com/us-news/2019/feb/05/2020-presidential-election-candidates-national-conversation,article,,../data/disaster_news/articles/2019_02_05_gardian_10.txt
2019-02-10T05:49:03Z,Opioid crisis protesters target New York's Guggenheim over Sackler family link,https://www.theguardian.com/us-news/2019/feb/10/anti-opioid-protesters-target-new-yorks-guggenheim-over-sackler-family-link,article,,../data/disaster_news/articles/2019_02_10_gardian_11.txt
2019-02-12T01:09:28Z,California governor decries 'political theater' as Trump heads to border,https://www.theguardian.com/us-news/2019/feb/11/california-governor-gavin-newsom-trump-border-troops,article,,../data/disaster_news/articles/2019_02_12_gardian_12.txt
2019-02-06T11:00:37Z,"After losing their homes, Paradise residents are being pushed off their land",https://www.theguardian.com/us-news/2019/feb/06/paradise-wildfire-california-fema,article,,../data/disaster_news/articles/2019_02_06_gardian_13.txt
2019-02-09T15:10:12Z,Seattle and Portland hit by rare winter snow,https://www.theguardian.com/us-news/2019/feb/09/seattle-snow-portland-washington-oregon-storm,article,,../data/disaster_news/articles/2019_02_09_gardian_14.txt
2019-02-09T19:34:25Z,Virginia lieutenant governor faces calls to resign amid sexual assault claims,https://www.theguardian.com/us-news/2019/feb/09/virginia-crisis-justin-fairfax-sexual-assault-allegations-calls-for-resignation,article,,../data/disaster_news/articles/2019_02_09_gardian_15.txt
2019-02-22T11:43:09Z,"US briefing: Roger Stone, North Korea aid and North Carolina election",https://www.theguardian.com/us-news/2019/feb/22/us-briefing-roger-stone-north-korea-aid-and-north-carolina-election,article,,../data/disaster_news/articles/2019_02_22_gardian_16.txt
2019-02-08T11:00:37Z,From paradise to landfill: beloved California beach covered in trash,https://www.theguardian.com/us-news/2019/feb/08/seal-beach-california-trash-litter,article,,../data/disaster_news/articles/2019_02_08_gardian_17.txt
2019-02-01T00:18:29Z,Polar vortex: death toll rises but weather begins to warm,https://www.theguardian.com/us-news/2019/jan/31/polar-vortex-latest-weather-news-midwest-record-lows,article,,../data/disaster_news/articles/2019_02_01_gardian_18.txt
2019-02-08T11:09:54Z,"US briefing: Jeff Bezos, Rod Rosenstein and Toronto killer's trial",https://www.theguardian.com/us-news/2019/feb/08/us-briefing-jeff-bezos-rod-rosenstein-and-toronto-killers-trial,article,,../data/disaster_news/articles/2019_02_08_gardian_19.txt
2019-02-06T22:59:30Z,House Democrats hold hearings to increase pressure on climate change,https://www.theguardian.com/us-news/2019/feb/06/house-democrats-hold-climate-change-hearings,article,,../data/disaster_news/articles/2019_02_06_gardian_20.txt
2019-02-11T12:43:19Z,What is the Green New Deal and how would it benefit society?,https://www.theguardian.com/us-news/2019/feb/11/green-new-deal-alexandria-ocasio-cortez-ed-markey,article,,../data/disaster_news/articles/2019_02_11_gardian_21.txt
2019-02-28T12:00:15Z,Jim Jordan: Congress's bully-in-chief set Republican tone at Cohen hearing,https://www.theguardian.com/us-news/2019/feb/28/jim-jordan-congresss-michael-cohen-testimony,article,,../data/disaster_news/articles/2019_02_28_gardian_22.txt
2019-02-07T11:06:57Z,"US briefing: Virginia, Venezuela and Philadelphia's opioids crisis",https://www.theguardian.com/us-news/2019/feb/07/us-briefing-virginia-venezuela-and-philadelphias-opioids-crisis,article,,../data/disaster_news/articles/2019_02_07_gardian_23.txt
2019-02-14T12:13:07Z,"US briefing: Parkland anniversary, Paul Manafort and dark money",https://www.theguardian.com/us-news/2019/feb/14/us-briefing-parkland-anniversary-paul-manafort-and-dark-money,article,,../data/disaster_news/articles/2019_02_14_gardian_24.txt
2019-02-02T00:13:34Z,Polar vortex: cold that has killed dozens to give way to 'spring-like' weather,https://www.theguardian.com/us-news/2019/feb/01/polar-vortex-2019-america-latest-news-cold-temperatures,article,,../data/disaster_news/articles/2019_02_02_gardian_25.txt
2019-02-01T11:34:52Z,"US briefing: China talks, El Salvador elections and Super Bowl buildup",https://www.theguardian.com/us-news/2019/feb/01/us-briefing-china-talks-el-salvador-elections-super-bowl-buildup,article,,../data/disaster_news/articles/2019_02_01_gardian_26.txt
2019-02-13T17:09:43Z,Former Starbucks CEO Howard Schultz criticized for saying 'I don't see color’,https://www.theguardian.com/us-news/2019/feb/13/howard-schultz-i-dont-see-color-potential-2020-candidate-criticized,article,,../data/disaster_news/articles/2019_02_13_gardian_27.txt
2019-02-28T11:15:52Z,"US briefing: Trump-Kim summit, Cohen testimony and new gun legislation",https://www.theguardian.com/us-news/2019/feb/28/us-briefing-trump-kim-summit-cohen-testimony-and-new-gun-legislation,article,,../data/disaster_news/articles/2019_02_28_gardian_28.txt
2019-02-16T06:00:03Z,Democrats' coveted 2020 prize? An endorsement from Ocasio-Cortez,https://www.theguardian.com/us-news/2019/feb/16/alexandria-ocasio-cortez-2020-endorsement-democrats,article,,../data/disaster_news/articles/2019_02_16_gardian_29.txt
