webPublicationDate,webTitle,webUrl,type,disaster_type,path
2019-06-15T08:00:13Z,California’s wildfire season is starting and officials are bracing for the worst,https://www.theguardian.com/us-news/2019/jun/15/californias-wildfire-season-is-starting-and-officials-are-bracing-for-the-worst,article,wildfire,../data/disaster_news/articles/2019_06_15_gardian_0.txt
2019-06-07T06:00:12Z,Storm-battered Indiana farmers fear new Trump tariff tempest,https://www.theguardian.com/us-news/2019/jun/07/indiana-farmers-storms-trump-tariffs,article,,../data/disaster_news/articles/2019_06_07_gardian_1.txt
2019-06-16T05:00:41Z,The Best People review: how Trump flooded the swamp,https://www.theguardian.com/us-news/2019/jun/16/the-best-people-review-trump-swamp-cabinet,article,,../data/disaster_news/articles/2019_06_16_gardian_2.txt
2019-06-03T06:00:57Z,'So much land under so much water': extreme flooding is drowning parts of the midwest,https://www.theguardian.com/us-news/2019/jun/03/so-much-land-under-so-much-water-extreme-flooding-is-drowning-parts-of-the-midwest,article,,../data/disaster_news/articles/2019_06_03_gardian_3.txt
2019-06-25T06:00:36Z,The climate costs of a plastic planet | Carroll Muffett,https://www.theguardian.com/us-news/commentisfree/2019/jun/24/the-earths-climate-is-paying-for-our-addiction-to-plastic,article,,../data/disaster_news/articles/2019_06_25_gardian_4.txt
2019-06-20T05:00:09Z,Plastic wrapped in plastic: the wasteful reality of America's grocery stores,https://www.theguardian.com/us-news/2019/jun/19/plastic-wrapped-in-plastic-the-wasteful-reality-of-americas-grocery-stores,article,,../data/disaster_news/articles/2019_06_20_gardian_5.txt
2019-06-28T17:30:00Z,The planet's heating up but candidates' climate crisis response remains tepid,https://www.theguardian.com/us-news/2019/jun/27/democratic-debate-climate-crisis-analysis,article,,../data/disaster_news/articles/2019_06_28_gardian_6.txt
2019-06-21T05:00:36Z,Never gonna give you up: how plastic seduced America,https://www.theguardian.com/us-news/2019/jun/21/history-of-america-love-affair-with-plastic,article,,../data/disaster_news/articles/2019_06_21_gardian_7.txt
2019-06-12T10:48:10Z,"US briefing: Trump's 'secret' Mexico plan, Hong Kong and ExxonMobil",https://www.theguardian.com/us-news/2019/jun/12/us-briefing-trumps-secret-mexico-plan-hong-kong-and-exxonmobil,article,,../data/disaster_news/articles/2019_06_12_gardian_8.txt
2019-06-28T10:37:17Z,"US briefing: Harris tops second debate, G20 tensions and supreme court",https://www.theguardian.com/us-news/2019/jun/28/us-briefing-harris-tops-second-debate-g20-tensions-supreme-court,article,,../data/disaster_news/articles/2019_06_28_gardian_9.txt
2019-06-05T20:47:24Z,Migrant arrests by US border patrol hit highest level since 2007,https://www.theguardian.com/us-news/2019/jun/05/migrant-arrests-border-patrol-highest-since-2007,article,,../data/disaster_news/articles/2019_06_05_gardian_10.txt
2019-06-25T08:00:36Z,‘Climate apartheid’: UN expert says human rights may not survive,https://www.theguardian.com/environment/2019/jun/25/climate-apartheid-united-nations-expert-says-human-rights-may-not-survive-crisis,article,,../data/disaster_news/articles/2019_06_25_gardian_11.txt
2019-06-03T15:59:40Z,Republican congressman hit by flying drink – but it wasn't quite a 'milkshaking',https://www.theguardian.com/us-news/2019/jun/03/matt-gaetz-milkshaked-republican-florida,article,,../data/disaster_news/articles/2019_06_03_gardian_12.txt
2019-06-14T17:31:41Z,Anita Hill: I still hold Biden accountable but would consider voting for him,https://www.theguardian.com/us-news/2019/jun/14/anita-hill-i-still-hold-biden-accountable-but-would-consider-voting-for-him,article,,../data/disaster_news/articles/2019_06_14_gardian_13.txt
2019-06-06T10:07:30Z,"US briefing: D-day anniversary, Mexico talks and swine fever spreads",https://www.theguardian.com/us-news/2019/jun/06/us-briefing-d-day-anniversary-mexico-talks-and-swine-fever-spreads,article,,../data/disaster_news/articles/2019_06_06_gardian_14.txt
2019-06-17T05:00:10Z,"How you're recycling plastic wrong, from coffee cups to toothpaste",https://www.theguardian.com/environment/2019/jun/17/recycling-plastic-wrong-guide,article,,../data/disaster_news/articles/2019_06_17_gardian_15.txt
2019-06-28T05:47:43Z,Five takeaways from the second Democratic presidential debate,https://www.theguardian.com/us-news/2019/jun/28/five-takeaways-second-democratic-presidential-debate,article,,../data/disaster_news/articles/2019_06_28_gardian_16.txt
2019-06-17T05:00:11Z,Where does your plastic go? Global investigation reveals America's dirty secret,https://www.theguardian.com/us-news/2019/jun/17/recycled-plastic-america-global-crisis,article,,../data/disaster_news/articles/2019_06_17_gardian_17.txt
2019-06-09T06:00:17Z,Can Trump win in 2020? This Pennsylvania county may hold the key,https://www.theguardian.com/us-news/2019/jun/09/will-trump-win-2020-voters-pennsylvania-county-indicator-chances,article,,../data/disaster_news/articles/2019_06_09_gardian_18.txt
2019-06-28T06:00:17Z,‘I almost got killed’: the Hmong refugees who call the US home,https://www.theguardian.com/us-news/2019/jun/28/wausau-wisconsin-hmong-refugees-resettlement-us,article,,../data/disaster_news/articles/2019_06_28_gardian_19.txt
2019-06-29T07:00:42Z,When Alexandria Ocasio-Cortez met Greta Thunberg: 'Hope is contagious',https://www.theguardian.com/environment/2019/jun/29/alexandria-ocasio-cortez-met-greta-thunberg-hope-contagious-climate,article,,../data/disaster_news/articles/2019_06_29_gardian_20.txt
