webPublicationDate,webTitle,webUrl,type,disaster_type,path
2019-12-18T11:03:08Z,"US briefing: Trump impeachment letter, Australia fires and teen vaping",https://www.theguardian.com/us-news/2019/dec/18/us-briefing-trump-impeachment-letter-australia-fires-and-teen-vaping,article,,../data/disaster_news/articles/2019_12_18_gardian_0.txt
2019-12-01T07:00:03Z,"Legal storm clouds gather over Rudy Giuliani, America's tarnished mayor",https://www.theguardian.com/us-news/2019/dec/01/rudy-giuliani-trump-ukraine-legal-jeopardy,article,storm,../data/disaster_news/articles/2019_12_01_gardian_1.txt
2019-12-24T11:00:11Z,Game on: Wisconsin town to legalize snowball fights after 50-year ban,https://www.theguardian.com/us-news/2019/dec/24/game-on-wisconsin-town-to-legalize-snowball-fights-after-50-year-ban,article,,../data/disaster_news/articles/2019_12_24_gardian_2.txt
2019-12-11T22:23:17Z,"Los Angeles beaches plagued with toxic stormwater, report warns",https://www.theguardian.com/us-news/2019/dec/11/los-angeles-beach-pollution-stormwater,article,,../data/disaster_news/articles/2019_12_11_gardian_3.txt
2019-12-08T09:01:35Z,Hard Rock Hotel collapse reminds New Orleans of undocumented workers' plight,https://www.theguardian.com/us-news/2019/dec/08/hard-rock-hotel-collapse-new-orleans-undocumented-workers-katrina,article,,../data/disaster_news/articles/2019_12_08_gardian_4.txt
2019-12-01T21:20:23Z,Nine people killed in South Dakota plane crash,https://www.theguardian.com/us-news/2019/dec/01/plane-crash-south-dakota,article,,../data/disaster_news/articles/2019_12_01_gardian_5.txt
2019-12-31T16:40:06Z,From the editor of Guardian US: why we need your support in 2020,https://www.theguardian.com/us-news/2019/dec/31/the-guardian-us-editor-john-mulholland-support,article,,../data/disaster_news/articles/2019_12_31_gardian_6.txt
2019-12-11T11:00:36Z,'We’re just waiting to die': the black residents living on top of a toxic landfill site,https://www.theguardian.com/us-news/2019/dec/11/gordon-plaza-louisiana-toxic-landfill-site,article,,../data/disaster_news/articles/2019_12_11_gardian_7.txt
2019-12-19T11:04:30Z,"US briefing: Trump impeached, Obamacare and Australia fires",https://www.theguardian.com/us-news/2019/dec/19/us-briefing-trump-impeached-obamacare-and-australia-fires,article,,../data/disaster_news/articles/2019_12_19_gardian_8.txt
2019-12-02T11:00:31Z,Californians are turning to vending machines for safer water. Are they being swindled?,https://www.theguardian.com/us-news/2019/dec/02/california-water-vending-machines-quality,article,,../data/disaster_news/articles/2019_12_02_gardian_9.txt
2019-12-03T12:20:18Z,"US briefing: Nato summit, Prince Andrew and Republicans defend Trump",https://www.theguardian.com/us-news/2019/dec/03/us-briefing-nato-summit-prince-andrew-and-republicans-defend-trump,article,,../data/disaster_news/articles/2019_12_03_gardian_10.txt
2019-12-04T19:54:08Z,Trump supporters' private border wall blocked due to concern for butterflies,https://www.theguardian.com/us-news/2019/dec/04/trump-supporters-private-border-wall-blocked-concern-butterflies-texas,article,,../data/disaster_news/articles/2019_12_04_gardian_11.txt
2019-12-10T11:21:39Z,"US briefing: Trump-Russia inquiry, Flint water and NZ volcano",https://www.theguardian.com/us-news/2019/dec/10/us-briefing-trump-russia-inquiry-flint-water-nz-volcano,article,,../data/disaster_news/articles/2019_12_10_gardian_12.txt
2019-12-06T20:27:38Z,Nikki Haley claims otherwise innocuous Confederate flag was 'hijacked' by killer,https://www.theguardian.com/us-news/2019/dec/06/nikki-haley-confederate-flag-dylann-roof-charleston-church-shooting,article,,../data/disaster_news/articles/2019_12_06_gardian_13.txt
2019-12-08T16:47:10Z,Cory Booker: failure to engage black vote could hand White House to Trump,https://www.theguardian.com/us-news/2019/dec/08/cory-booker-black-vote-donald-trump-debate,article,,../data/disaster_news/articles/2019_12_08_gardian_14.txt
2019-12-08T12:33:25Z,Joe Biden: prosecute companies that stop workers forming unions,https://www.theguardian.com/us-news/2019/dec/08/joe-biden-prosecute-companies-unions-teamsters-sanders-buttigieg-booker-klobuchar-steyer,article,,../data/disaster_news/articles/2019_12_08_gardian_15.txt
2019-12-21T11:00:44Z,Why did this US governor pardon child rapists and brutal killers?,https://www.theguardian.com/us-news/2019/dec/21/kentucky-governor-pardons-matt-bevin,article,,../data/disaster_news/articles/2019_12_21_gardian_16.txt
2019-12-07T07:30:04Z,Why Texas’s fossil fuel support will ‘spell disaster’ for climate crisis,https://www.theguardian.com/us-news/2019/dec/07/texas-permian-basin-shale-climate-crisis,article,,../data/disaster_news/articles/2019_12_07_gardian_17.txt
2019-12-14T09:00:19Z,Amy Klobuchar: 'I will reverse Trump abortion policies in the first 100 days',https://www.theguardian.com/us-news/2019/dec/14/amy-klobuchar-abortion-reproductive-rights-interview,article,,../data/disaster_news/articles/2019_12_14_gardian_18.txt
2019-12-17T07:15:43Z,Steve Bannon: 'We’ve turned the Republicans into a working-class party',https://www.theguardian.com/us-news/2019/dec/17/steve-bannon-working-class-republicans-labour,article,,../data/disaster_news/articles/2019_12_17_gardian_19.txt
2019-12-27T07:20:33Z,Betsy DeVos: the billionaire Republican destroying public education,https://www.theguardian.com/us-news/2019/dec/27/betsy-devos-trump-republicans-education-secretary,article,,../data/disaster_news/articles/2019_12_27_gardian_20.txt
2019-12-27T07:00:33Z,'How many more people have to die?': what a closed rural hospital tells us about US healthcare,https://www.theguardian.com/us-news/2019/dec/27/missouri-twin-rivers-hospital-medical-center-healthcare-crisis-america-dying,article,,../data/disaster_news/articles/2019_12_27_gardian_21.txt
