webPublicationDate,webTitle,webUrl,type,disaster_type,path
2019-08-30T20:11:38Z,The historic hurricanes that made landfall on Florida’s east coast,https://www.theguardian.com/us-news/2019/aug/30/hurricane-dorian-florida-east-coast-landfall-storms,article,hurricane,../data/disaster_news/articles/2019_08_30_gardian_0.txt
2019-08-30T10:17:22Z,"US briefing: Hurricane Dorian, Hong Kong arrests and James Comey",https://www.theguardian.com/us-news/2019/aug/30/us-briefing-hurricane-dorian-hong-kong-arrests-and-james-comey,article,hurricane,../data/disaster_news/articles/2019_08_30_gardian_1.txt
2019-08-31T09:59:07Z,Hurricane Dorian strengthens to category 4 as Florida braces for landfall,https://www.theguardian.com/us-news/2019/aug/30/hurricane-dorian-florida-latest-strength-path,article,hurricane,../data/disaster_news/articles/2019_08_31_gardian_2.txt
2019-08-08T06:00:08Z,Alaska records warmest month ever in July with coastline barren of sea ice,https://www.theguardian.com/us-news/2019/aug/08/alaska-warmest-month-ever-july-2019-sea-ice,article,,../data/disaster_news/articles/2019_08_08_gardian_3.txt
2019-08-26T11:04:09Z,"US briefing: G7 summit, Amazon wildfires and Weinstein back in court",https://www.theguardian.com/us-news/2019/aug/26/us-briefing-g7-summit-amazon-wildfires-weinstein-back-in-court,article,wildfire,../data/disaster_news/articles/2019_08_26_gardian_4.txt
2019-08-26T11:04:36Z,Trump suggests 'nuking hurricanes' to stop them hitting America – report,https://www.theguardian.com/us-news/2019/aug/26/donald-trump-suggests-nuking-hurricanes-to-stop-them-hitting-america-report,article,hurricane,../data/disaster_news/articles/2019_08_26_gardian_5.txt
2019-08-13T15:27:42Z,North Pole: multiple lightning strikes follow record-low sea ice levels,https://www.theguardian.com/us-news/2019/aug/13/north-pole-multiple-lightning-strikes-follow-record-low-sea-ice-levels,article,,../data/disaster_news/articles/2019_08_13_gardian_6.txt
2019-08-22T20:58:22Z,Democratic National Committee rejects mounting calls for climate crisis debate,https://www.theguardian.com/us-news/2019/aug/21/democratic-climate-change-debate-vote,article,,../data/disaster_news/articles/2019_08_22_gardian_7.txt
2019-08-23T10:28:35Z,"US briefing: Amazon fires, endangered species and employee activism",https://www.theguardian.com/us-news/2019/aug/23/us-briefing-amazon-fires-endangered-species-employee-activism,article,,../data/disaster_news/articles/2019_08_23_gardian_8.txt
2019-08-25T16:06:03Z,'We all know he's unfit': Joe Walsh to challenge Trump in Republican primary,https://www.theguardian.com/us-news/2019/aug/25/joe-walsh-challenges-trump-2020-republican-primary,article,,../data/disaster_news/articles/2019_08_25_gardian_9.txt
2019-08-11T20:38:00Z,Trump administration defends Ice raids and says timing was 'unfortunate',https://www.theguardian.com/us-news/2019/aug/11/trump-administration-defends-immigration-raids,article,,../data/disaster_news/articles/2019_08_11_gardian_10.txt
2019-08-27T09:33:10Z,"US briefing: Amazon crisis, G7 summit and Florida election hacking",https://www.theguardian.com/us-news/2019/aug/27/us-briefing-amazon-crisis-g7-summit-and-florida-election-hacking,article,,../data/disaster_news/articles/2019_08_27_gardian_11.txt
2019-08-21T16:57:45Z,Trump stands by antisemitic trope that sparked anger among Jewish Americans,https://www.theguardian.com/us-news/2019/aug/21/trump-american-jewish-democrats-response-antisemitic-trope,article,,../data/disaster_news/articles/2019_08_21_gardian_12.txt
2019-08-29T10:38:37Z,"US briefing: Brexit clash, opioid settlements and Gillibrand drops out",https://www.theguardian.com/us-news/2019/aug/29/us-briefing-brexit-clash-opioid-settlements-and-gillibrand-drops-out,article,,../data/disaster_news/articles/2019_08_29_gardian_13.txt
2019-08-27T05:00:03Z,Why are Koch-funded activists trying to derail a US city's public transit?,https://www.theguardian.com/us-news/2019/aug/26/koch-activists-phoenix-ban-light-rail,article,,../data/disaster_news/articles/2019_08_27_gardian_14.txt
2019-08-26T16:18:13Z,Trump defends bid to host G7 at his Miami resort: 'I don't care about money',https://www.theguardian.com/us-news/2019/aug/26/trump-2020-g7-summit-national-doral-miami-resort,article,,../data/disaster_news/articles/2019_08_26_gardian_15.txt
2019-08-21T15:01:08Z,Will 'Alienstock' at Area 51 be the new Burning Man – or the next Fyre Festival?,https://www.theguardian.com/us-news/2019/aug/21/will-alienstock-at-area-51-be-the-new-burning-man-or-the-next-fyre-festival,article,,../data/disaster_news/articles/2019_08_21_gardian_16.txt
2019-08-10T19:03:41Z,More major US immigration raids likely despite outcry – report,https://www.theguardian.com/us-news/2019/aug/10/ice-raids-us-immigration-workplaces,article,,../data/disaster_news/articles/2019_08_10_gardian_17.txt
2019-08-02T05:00:14Z,Trump campaign sets sights on Latinx voters in quest to win Florida,https://www.theguardian.com/us-news/2019/aug/02/florida-2020-election-latinx-voters-trump-democrats,article,,../data/disaster_news/articles/2019_08_02_gardian_18.txt
2019-08-27T06:00:05Z,"Russian hackers likely to target Florida again in 2020 election, experts warn",https://www.theguardian.com/us-news/2019/aug/27/florida-russian-hackers-target-2020-election,article,,../data/disaster_news/articles/2019_08_27_gardian_19.txt
2019-08-05T20:09:41Z,'It's deja vu': Parkland parents were in El Paso to honor son on day of shooting,https://www.theguardian.com/us-news/2019/aug/05/parkland-shooting-el-paso-manuel-patricia-oliver,article,,../data/disaster_news/articles/2019_08_05_gardian_20.txt
2019-08-07T05:00:42Z,Deadly cliffside collapse underscores California's climate-fueled crisis,https://www.theguardian.com/us-news/2019/aug/06/california-collapsing-beach-deaths-highlight-climate-fueled-erosion-crisis,article,,../data/disaster_news/articles/2019_08_07_gardian_21.txt
2019-08-06T02:50:09Z,El Paso and Dayton: the victims of the weekend's mass shootings,https://www.theguardian.com/us-news/2019/aug/05/el-paso-dayton-victims-death-toll-shooting,article,,../data/disaster_news/articles/2019_08_06_gardian_22.txt
