webPublicationDate,webTitle,webUrl,type,disaster_type,path
2019-01-10T01:41:36Z,Trump's threat to cut California wildfire relief leaves state officials baffled,https://www.theguardian.com/us-news/2019/jan/09/trump-california-fire-relief-fema-funding,article,wildfire,../data/disaster_news/articles/2019_01_10_gardian_0.txt
2019-01-13T08:00:03Z,The Great Boston Molasses Flood: why the strange disaster matters today,https://www.theguardian.com/us-news/2019/jan/13/the-great-boston-molasses-flood-why-it-matters-modern-regulation,article,flood,../data/disaster_news/articles/2019_01_13_gardian_1.txt
2019-01-14T23:37:00Z,California utility firm suspected of starting deadly wildfires goes bankrupt,https://www.theguardian.com/us-news/2019/jan/14/california-wildfires-pacific-gas-and-electric-bankruptcy,article,wildfire,../data/disaster_news/articles/2019_01_14_gardian_2.txt
2019-01-31T15:14:07Z,What is the polar vortex – and how is it linked to climate change?,https://www.theguardian.com/us-news/2019/jan/30/polar-vortex-2019-usa-what-is-it-temperatures-cold-weather-climate-change-explained,article,,../data/disaster_news/articles/2019_01_31_gardian_3.txt
2019-01-31T22:13:58Z,'Chiberia': extreme cold in Chicago inspires solidarity and awe,https://www.theguardian.com/us-news/2019/jan/31/chiberia-extreme-cold-in-chicago-inspires-solidarity-and-awe-polar-vortex,article,,../data/disaster_news/articles/2019_01_31_gardian_4.txt
2019-01-20T07:00:13Z,California town sets up 'goat fund me' page to finance four-legged firefighters,https://www.theguardian.com/us-news/2019/jan/20/california-town-goat-fund-me-page-wildfire,article,,../data/disaster_news/articles/2019_01_20_gardian_5.txt
2019-01-11T20:26:44Z,Trump backs away from declaring national emergency to fund border wall,https://www.theguardian.com/us-news/2019/jan/11/trump-national-emergency-border-wall-shutdown,article,,../data/disaster_news/articles/2019_01_11_gardian_6.txt
2019-01-15T21:01:54Z,Ex-California utility CEO to receive $2.5m severance amid firm's bankruptcy,https://www.theguardian.com/us-news/2019/jan/15/california-pge-ceo-severance-wildfires-bankrupt,article,,../data/disaster_news/articles/2019_01_15_gardian_7.txt
2019-01-10T23:30:50Z,California governor rebukes Trump agenda with immigrant healthcare and free college,https://www.theguardian.com/us-news/2019/jan/10/california-governor-gavin-newsom-budget-trump,article,,../data/disaster_news/articles/2019_01_10_gardian_8.txt
2019-01-18T16:00:24Z,US regions where drug companies marketed hit hardest by opioids crisis,https://www.theguardian.com/us-news/2019/jan/18/opioids-epidemic-crisis-pharmaceutical-marketing-jama-study,article,,../data/disaster_news/articles/2019_01_18_gardian_9.txt
2019-01-16T11:00:18Z,The women fighting a pipeline that could destroy precious wildlife,https://www.theguardian.com/us-news/2019/jan/16/water-protectors-battle-lousianas-next-pipeline,article,,../data/disaster_news/articles/2019_01_16_gardian_10.txt
2019-01-18T11:00:19Z,Flint water crisis: hope for justice as top Democrat vows to review investigation,https://www.theguardian.com/us-news/2019/jan/18/flint-water-crisis-democrats-review-investigation,article,,../data/disaster_news/articles/2019_01_18_gardian_11.txt
2019-01-15T11:14:39Z,Tuesday US briefing: Trump's rhetoric jars with reality of border life,https://www.theguardian.com/us-news/2019/jan/15/tuesday-us-briefing-trumps-rhetoric-jars-with-reality-of-border-life,article,,../data/disaster_news/articles/2019_01_15_gardian_12.txt
2019-01-10T11:09:03Z,Thursday US briefing: Trump throws 'temper tantrum' at shutdown talks,https://www.theguardian.com/us-news/2019/jan/10/thursday-us-briefing-trump-throws-temper-tantrum-at-shutdown-talks,article,,../data/disaster_news/articles/2019_01_10_gardian_13.txt
2019-01-31T12:34:00Z,Opioids: Boston trial opens what could be year of reckoning for executives,https://www.theguardian.com/us-news/2019/jan/31/john-kapoor-insys-trial-opioids-crisis,article,,../data/disaster_news/articles/2019_01_31_gardian_14.txt
2019-01-31T06:00:13Z,How the religious right gained unprecedented access to Trump,https://www.theguardian.com/us-news/2019/jan/30/donald-trump-administration-religious-right-access,article,,../data/disaster_news/articles/2019_01_31_gardian_15.txt
2019-01-11T11:00:09Z,How the government shutdown could affect your health,https://www.theguardian.com/us-news/2019/jan/11/government-shutdown-food-safety-fda-donald-trump,article,,../data/disaster_news/articles/2019_01_11_gardian_16.txt
2019-01-31T11:58:36Z,"US briefing: polar vortex, Facebook and the religious right",https://www.theguardian.com/us-news/2019/jan/31/thursday-us-briefing-polar-vortex-facebook-and-the-religious-right,article,,../data/disaster_news/articles/2019_01_31_gardian_17.txt
2019-01-26T11:00:05Z,Food banks helped keep federal workers fed through the shutdown,https://www.theguardian.com/us-news/2019/jan/26/government-shutdown-federal-workers-food-banks,article,,../data/disaster_news/articles/2019_01_26_gardian_18.txt
2019-01-13T20:36:10Z,Trump losing battle to avoid blame for shutdown as day 23 rolls on,https://www.theguardian.com/us-news/2019/jan/13/shutdown-americans-blame-trump,article,,../data/disaster_news/articles/2019_01_13_gardian_19.txt
2019-01-10T03:53:54Z,Alexandria Ocasio-Cortez hits out at 'disgusting' media publishing fake nude image,https://www.theguardian.com/us-news/2019/jan/10/alexandria-ocasio-cortez-hits-out-at-disgusting-media-publishing-fake-nude-image,article,,../data/disaster_news/articles/2019_01_10_gardian_20.txt
2019-01-16T06:00:12Z,Trump's war on science: how the US is putting politics above evidence,https://www.theguardian.com/us-news/2019/jan/16/trumps-war-on-science-how-the-us-is-putting-politics-above-evidence,article,,../data/disaster_news/articles/2019_01_16_gardian_21.txt
2019-01-16T19:54:12Z,Kirsten Gillibrand kicks off presidential campaign at New York diner,https://www.theguardian.com/us-news/2019/jan/16/kirsten-gillibrand-presidential-campaign-2020-new-york-diner,article,,../data/disaster_news/articles/2019_01_16_gardian_22.txt
2019-01-05T13:29:49Z,'The fight of my life': Elizabeth Warren kicks off 2020 bid in Iowa,https://www.theguardian.com/us-news/2019/jan/05/elizabeth-warren-2020-iowa-donald-trump,article,,../data/disaster_news/articles/2019_01_05_gardian_23.txt
2019-01-20T06:00:11Z,Nancy Pelosi hands Donald Trump a lesson in the art of politics,https://www.theguardian.com/us-news/2019/jan/20/nancy-pelosi-donald-trump-shutdown,article,,../data/disaster_news/articles/2019_01_20_gardian_24.txt
2019-01-24T11:00:08Z,FDA's opioids adviser accuses agency of having 'direct' link to crisis,https://www.theguardian.com/us-news/2019/jan/24/fda-opioids-big-pharma-prescriptions,article,,../data/disaster_news/articles/2019_01_24_gardian_25.txt
2019-01-15T13:52:02Z,Chris Christie accuses Jared Kushner of political 'hit job' in explosive new book,https://www.theguardian.com/us-news/2019/jan/15/chris-christie-book-jared-kushner-accusations-hit-job,article,,../data/disaster_news/articles/2019_01_15_gardian_26.txt
2019-01-17T13:16:52Z,‘No one cared because we were black girls’: is time finally up for R Kelly?,https://www.theguardian.com/music/2019/jan/17/no-one-cared-because-we-were-black-girls-is-time-finally-up-for-r-kelly,article,,../data/disaster_news/articles/2019_01_17_gardian_27.txt
