webPublicationDate,webTitle,webUrl,type,disaster_type,path
2019-09-07T16:34:23Z,'Sharpiegate': meteorologists upset as weather agency defends Trump's Alabama claim,https://www.theguardian.com/us-news/2019/sep/07/sharpiegate-trump-alabama-hurricane-dorian,article,,../data/disaster_news/articles/2019_09_07_gardian_0.txt
2019-09-02T01:45:19Z,Donald Trump wrongly says Hurricane Dorian will hit Alabama,https://www.theguardian.com/us-news/2019/sep/02/donald-trump-wrongly-says-hurricane-dorian-will-hit-alabama,article,hurricane,../data/disaster_news/articles/2019_09_02_gardian_1.txt
2019-09-03T15:25:12Z,Trump attacks London mayor for criticizing inaction on Hurricane Dorian,https://www.theguardian.com/us-news/2019/sep/03/trump-calls-london-mayor-sadiq-khan-incompetent-following-hurricane-remark,article,hurricane,../data/disaster_news/articles/2019_09_03_gardian_2.txt
2019-09-01T15:21:41Z,Floridians not fazed as Hurricane Dorian’s path keeps state guessing,https://www.theguardian.com/us-news/2019/sep/01/florida-hurricane-dorian-preparation,article,hurricane,../data/disaster_news/articles/2019_09_01_gardian_3.txt
2019-09-05T10:03:29Z,"US briefing: Hurricane death toll rises, Johnson cornered and Democrat debate",https://www.theguardian.com/us-news/2019/sep/05/us-briefing-hurricane-death-toll-rises-johnson-cornered-and-democrat-debate,article,hurricane,../data/disaster_news/articles/2019_09_05_gardian_4.txt
2019-09-04T10:16:59Z,"US briefing: Bahamas storm tragedy, Brexit drama and Hong Kong",https://www.theguardian.com/us-news/2019/sep/04/us-briefing-bahamas-storm-tragedy-brexit-drama-hong-kong,article,storm,../data/disaster_news/articles/2019_09_04_gardian_5.txt
2019-09-21T05:00:26Z,Crossfire Hurricane review: tale of Trump and the FBI is a gas gas gas,https://www.theguardian.com/us-news/2019/sep/21/crossfire-hurricane-review-josh-campbell-trump-fbi,article,hurricane,../data/disaster_news/articles/2019_09_21_gardian_6.txt
2019-09-05T15:25:27Z,'Sharpiegate': Trump insists Dorian was forecast to 'hit or graze' Alabama,https://www.theguardian.com/us-news/2019/sep/05/trump-hurricane-dorian-alabama-map-sharpiegate,article,,../data/disaster_news/articles/2019_09_05_gardian_7.txt
2019-09-28T13:30:43Z,Bill Clinton and Jeb Bush seek refuge from Trump impeachment storm,https://www.theguardian.com/us-news/2019/sep/28/bill-clinton-jeb-bush-bipartisan-trump-impeachment,article,storm,../data/disaster_news/articles/2019_09_28_gardian_8.txt
2019-09-04T20:05:16Z,'Dragon' drones: the flame throwers fighting wildfires with fire,https://www.theguardian.com/us-news/2019/sep/03/wildfires-drones-controlled-prescribed-burns,article,wildfire,../data/disaster_news/articles/2019_09_04_gardian_9.txt
2019-09-11T19:50:39Z,Bahamian evacuees find welcome in Florida but politics dog their presence,https://www.theguardian.com/us-news/2019/sep/11/bahamian-evacuees-florida-hurricane-dorian,article,,../data/disaster_news/articles/2019_09_11_gardian_10.txt
2019-09-03T10:28:23Z,"US briefing: Dorian, California boat fire and Greta Thunberg's 'superpower'",https://www.theguardian.com/us-news/2019/sep/03/us-briefing-hurricane-dorian-california-boat-fire-and-death-penalty,article,,../data/disaster_news/articles/2019_09_03_gardian_11.txt
2019-09-10T00:37:59Z,Wilbur Ross faces calls to resign after report he threatened firings over 'Sharpiegate',https://www.theguardian.com/us-news/2019/sep/09/wilbur-ross-sharpiegate-alabama-resignation,article,,../data/disaster_news/articles/2019_09_10_gardian_12.txt
2019-09-24T07:00:09Z,I 'stormed' Area 51 and it was even weirder than I imagined,https://www.theguardian.com/us-news/2019/sep/24/area-51-raid-event-what-happened-nevada,article,,../data/disaster_news/articles/2019_09_24_gardian_13.txt
2019-09-09T10:25:05Z,"US briefing: Taliban talks, Brexit turmoil and Nadal wins US Open",https://www.theguardian.com/us-news/2019/sep/09/us-briefing-taliban-talks-brexit-turmoil-and-nadal-wins-us-open,article,,../data/disaster_news/articles/2019_09_09_gardian_14.txt
2019-09-06T10:00:18Z,"US briefing: Dorian latest, Ghost Ship fire trial and Mugabe dies",https://www.theguardian.com/us-news/2019/sep/06/us-briefing-dorian-latest-ghost-ship-fire-trial-and-mugabe-dies,article,,../data/disaster_news/articles/2019_09_06_gardian_15.txt
2019-09-10T10:33:05Z,"US briefing: Wilbur Ross, Taliban talks and vaping lawsuits",https://www.theguardian.com/us-news/2019/sep/10/us-briefing-wilbur-ross-taliban-talks-and-vaping-lawsuits,article,,../data/disaster_news/articles/2019_09_10_gardian_16.txt
2019-09-20T10:07:07Z,"US briefing: climate strike, Trump whistleblower and Justin Trudeau",https://www.theguardian.com/us-news/2019/sep/20/us-briefing-climate-strike-trump-whistleblower-justin-trudeau,article,,../data/disaster_news/articles/2019_09_20_gardian_17.txt
2019-09-09T12:42:31Z,Angry Schwarzenegger condemns Trump for wrecking clean-air standards,https://www.theguardian.com/us-news/2019/sep/09/schwarzenegger-trump-california-clean-air-emissions-climate-crisis,article,,../data/disaster_news/articles/2019_09_09_gardian_18.txt
2019-09-03T05:00:53Z,The hellish future of Las Vegas in the climate crisis: 'A place where we never go outside',https://www.theguardian.com/us-news/2019/sep/02/las-vegas-climate-crisis-extreme-heat-hellish-future,article,,../data/disaster_news/articles/2019_09_03_gardian_19.txt
2019-09-08T17:14:25Z,Ex-governor Mark Sanford to launch 2020 Republican challenge to Trump,https://www.theguardian.com/us-news/2019/sep/08/mark-sanford-2020-republican-challenge-trump,article,,../data/disaster_news/articles/2019_09_08_gardian_20.txt
2019-09-09T16:22:16Z,Donald Trump says he had 'nothing to do' with Pence's stay at his Irish golf club,https://www.theguardian.com/us-news/2019/sep/09/donald-trump-mike-pence-doonbeg-turnberry-golf,article,,../data/disaster_news/articles/2019_09_09_gardian_21.txt
2019-09-09T12:15:29Z,New York: senators condemn company's doors-off helicopter rides for dogs,https://www.theguardian.com/us-news/2019/sep/09/new-york-helicopter-rides-dogs-senators,article,,../data/disaster_news/articles/2019_09_09_gardian_22.txt
2019-09-17T05:00:17Z,"Holocaust survivor, 87, who faced eviction in California to keep his home",https://www.theguardian.com/us-news/2019/sep/16/holocaust-survivor-alameda-eviction-california,article,,../data/disaster_news/articles/2019_09_17_gardian_23.txt
2019-09-18T23:32:59Z,‘Listen to the scientists’: Greta Thunberg urges Congress to take action,https://www.theguardian.com/us-news/2019/sep/18/greta-thunberg-testimony-congress-climate-change-action,article,,../data/disaster_news/articles/2019_09_18_gardian_24.txt
2019-09-02T21:55:58Z,Barr drafts new death penalty law as Texas copes with latest mass shooting,https://www.theguardian.com/us-news/2019/sep/02/texas-police-investigate-third-us-mass-shooting-in-a-month,article,,../data/disaster_news/articles/2019_09_02_gardian_25.txt
2019-09-01T05:58:55Z,Texas shooting: five dead and 21 injured near Midland and Odessa,https://www.theguardian.com/us-news/2019/aug/31/midland-texas-shooting-odessa,article,,../data/disaster_news/articles/2019_09_01_gardian_26.txt
2019-09-19T10:09:07Z,"US briefing: Greta Thunberg, Justin Trudeau and a Trump whistleblower",https://www.theguardian.com/us-news/2019/sep/19/us-briefing-greta-thunberg-justin-trudeau-trump-whistleblower,article,,../data/disaster_news/articles/2019_09_19_gardian_27.txt
2019-09-25T10:35:39Z,"US briefing: Trump impeachment inquiry, parliament returns, vaping",https://www.theguardian.com/us-news/2019/sep/25/us-briefing-trump-impeachment-inquiry-parliament-returns-vaping,article,,../data/disaster_news/articles/2019_09_25_gardian_28.txt
2019-09-26T21:28:55Z,Trump's EPA attacks California with claim that state is lax on water pollution,https://www.theguardian.com/us-news/2019/sep/26/trump-epa-california-water-pollution-homeless,article,,../data/disaster_news/articles/2019_09_26_gardian_29.txt
2019-09-14T06:00:49Z,"#MeToo: after Weinstein and Epstein, an ‘unprecedented’ wave of books",https://www.theguardian.com/us-news/2019/sep/13/metoo-the-unprecedented-movement-that-launched-a-wave-of-books,article,,../data/disaster_news/articles/2019_09_14_gardian_30.txt
2019-09-11T10:21:13Z,"US briefing: John Bolton fired, Florida's HIV crisis and West Bank row",https://www.theguardian.com/us-news/2019/sep/11/us-briefing-john-bolton-fired-floridas-hiv-crisis-and-west-bank-row,article,,../data/disaster_news/articles/2019_09_11_gardian_31.txt
2019-09-26T06:45:26Z,"Donald Trump's smears designed to silence would-be whistleblowers, experts warn",https://www.theguardian.com/us-news/2019/sep/25/trump-whistleblower-ukraine-complaint-scandal,article,,../data/disaster_news/articles/2019_09_26_gardian_32.txt
2019-09-20T12:35:08Z,Trump v California: president tries to turn 'resistance' into 2020 advantage,https://www.theguardian.com/us-news/2019/sep/20/trump-california-trip-resistance-2020-election,article,,../data/disaster_news/articles/2019_09_20_gardian_33.txt
2019-09-27T18:00:47Z,When Donald met Scott: a reporter's view of Trump and his White House wonderland,https://www.theguardian.com/us-news/2019/sep/28/when-donald-met-scott-morison-reporters-inside-account-trump-white-house-wonderland,article,,../data/disaster_news/articles/2019_09_27_gardian_34.txt
