webPublicationDate,webTitle,webUrl,type,disaster_type,path
2019-07-12T07:39:42Z,Storm Barry: New Orleans residents brace for possible hurricane,https://www.theguardian.com/us-news/2019/jul/11/new-orleans-residents-hurricane-storm-barry,article,storm,../data/disaster_news/articles/2019_07_12_gardian_0.txt
2019-07-12T14:54:37Z,New Orleans prepares for Tropical Storm Barry as it approaches shore,https://www.theguardian.com/us-news/2019/jul/12/new-orleans-barry-storm-hurricane-latest-weather-news-updates,article,storm,../data/disaster_news/articles/2019_07_12_gardian_1.txt
2019-07-13T21:37:56Z,'Do not drop your guard': Tropical Storm Barry threatens heavy rain after landfall,https://www.theguardian.com/us-news/2019/jul/13/louisiana-in-state-of-emergency-bracing-for-tropical-storm-barry,article,storm,../data/disaster_news/articles/2019_07_13_gardian_2.txt
2019-07-05T16:03:29Z,Alaska: temperatures rival Miami amid 'unprecedented' heatwave,https://www.theguardian.com/us-news/2019/jul/05/alaska-heatwave-record-temperatures,article,heatwave,../data/disaster_news/articles/2019_07_05_gardian_3.txt
2019-07-04T20:22:51Z,Southern California rattled by 6.4-magnitude earthquake,https://www.theguardian.com/us-news/2019/jul/04/earthquake-southern-california-largest-in-decades,article,earthquake,../data/disaster_news/articles/2019_07_04_gardian_4.txt
2019-07-07T04:54:34Z,California governor declares state of emergency after second earthquake,https://www.theguardian.com/us-news/2019/jul/06/california-earthquake-latest-tremors-state-of-emergency,article,earthquake,../data/disaster_news/articles/2019_07_07_gardian_5.txt
2019-07-06T16:03:43Z,California braced for more aftershocks after 7.1 magnitude earthquake,https://www.theguardian.com/us-news/2019/jul/05/southern-california-ridgecrest-earthquake-aftershocks-damage,article,earthquake,../data/disaster_news/articles/2019_07_06_gardian_6.txt
2019-07-29T05:00:35Z,How some of the world's rarest fish dodged a California earthquake,https://www.theguardian.com/us-news/2019/jul/28/california-devils-hole-pupfish-earthquake,article,earthquake,../data/disaster_news/articles/2019_07_29_gardian_7.txt
2019-07-11T09:40:03Z,"US briefing: Acosta, Louisiana storm and migrant mother testifies",https://www.theguardian.com/us-news/2019/jul/11/us-briefing-acosta-louisiana-storm-and-migrant-mother-testifies,article,storm,../data/disaster_news/articles/2019_07_11_gardian_8.txt
2019-07-12T10:44:18Z,"US briefing: 2020 census, New Orleans storm and Gulf crisis",https://www.theguardian.com/us-news/2019/jul/12/us-briefing-2020-census-new-orleans-storm-and-gulf-crisis,article,storm,../data/disaster_news/articles/2019_07_12_gardian_9.txt
2019-07-03T06:00:38Z,Baked Alaska: record heat fuels wildfires and sparks personal fireworks ban,https://www.theguardian.com/us-news/2019/jul/02/alaska-heat-wildfires-climate-change,article,wildfire,../data/disaster_news/articles/2019_07_03_gardian_10.txt
2019-07-19T16:43:39Z,Ex-pharma chief charged with flooding Appalachian towns with opioids,https://www.theguardian.com/us-news/2019/jul/19/opioids-crisis-appalachia-painkillers-drugs,article,,../data/disaster_news/articles/2019_07_19_gardian_11.txt
2019-07-16T09:43:16Z,"US briefing: the Squad, Prime Day protests and floods in south Asia",https://www.theguardian.com/us-news/2019/jul/16/us-briefing-squad-prime-day-protests-floods-south-asia,article,flood,../data/disaster_news/articles/2019_07_16_gardian_12.txt
2019-07-25T10:46:09Z,"US briefing: Mueller fallout, Rosselló resigns and Europe's hot summer",https://www.theguardian.com/us-news/2019/jul/25/us-briefing-mueller-fallout-rossello-resigns-and-europes-hot-summer,article,,../data/disaster_news/articles/2019_07_25_gardian_13.txt
2019-07-17T19:27:22Z,"Drug makers flooded US with billions of opioid pills as epidemic surged, data shows",https://www.theguardian.com/us-news/2019/jul/17/opioid-crisis-drug-makers-pills-federal-data-epidemic,article,,../data/disaster_news/articles/2019_07_17_gardian_14.txt
2019-07-02T05:00:22Z,'People are in danger': the prisoners feeling the effects of US climate crisis,https://www.theguardian.com/us-news/2019/jul/02/people-are-in-danger-the-prisoners-feeling-the-effects-of-us-climate-crisis,article,,../data/disaster_news/articles/2019_07_02_gardian_15.txt
2019-07-22T10:02:18Z,"US briefing: Mueller testimony, Iran tanker crisis and Puerto Rico",https://www.theguardian.com/us-news/2019/jul/22/us-briefing-mueller-testimony-iran-tanker-crisis-and-puerto-rico,article,,../data/disaster_news/articles/2019_07_22_gardian_16.txt
2019-07-19T20:22:07Z,Heat warnings across US as climate experts warn of spike in very hot days,https://www.theguardian.com/us-news/2019/jul/19/heat-warnings-us-temperatures-climate-crisis,article,,../data/disaster_news/articles/2019_07_19_gardian_17.txt
2019-07-17T06:00:47Z,He’s a Gulf war vet who stepped up during Katrina. Now he’s an environmental crusader,https://www.theguardian.com/us-news/2019/jul/17/hes-a-gulf-war-vet-who-stepped-up-during-katrina-now-hes-an-environmental-crusader,article,,../data/disaster_news/articles/2019_07_17_gardian_18.txt
2019-07-09T15:28:51Z,'Acosta must go': Democrats urge labor secretary to quit over Epstein plea deal,https://www.theguardian.com/us-news/2019/jul/08/alexander-acosta-jeffrey-epstein-plea-deal-resignation,article,,../data/disaster_news/articles/2019_07_09_gardian_19.txt
2019-07-15T10:16:00Z,"US briefing: Trump's racism, Epstein in court and Prime Day protests",https://www.theguardian.com/us-news/2019/jul/15/us-briefing-trumps-racism-epstein-in-court-and-prime-day-protests,article,,../data/disaster_news/articles/2019_07_15_gardian_20.txt
2019-07-05T11:12:06Z,"US briefing: Trump's jamboree, SoCal quake and Gibraltar incident",https://www.theguardian.com/us-news/2019/jul/05/us-briefing-trumps-jamboree-socal-quake-and-gibraltar-incident,article,,../data/disaster_news/articles/2019_07_05_gardian_21.txt
2019-07-02T21:04:17Z,Activist arrested for giving migrants food and shelter faces retrial,https://www.theguardian.com/us-news/2019/jul/02/activist-helped-migrants-retrial-scott-warren,article,,../data/disaster_news/articles/2019_07_02_gardian_22.txt
2019-07-26T09:57:32Z,"US briefing: Death penalty, election security and trade aid to farmers",https://www.theguardian.com/us-news/2019/jul/26/us-briefing-death-penalty-election-security-and-trade-aid-to-farmers,article,,../data/disaster_news/articles/2019_07_26_gardian_23.txt
2019-07-03T14:56:02Z,Washington on ‘tank watch’ as military vehicles roll in for Fourth of July,https://www.theguardian.com/us-news/2019/jul/03/trump-fourth-of-july-celebration-washington-dc-tanks,article,,../data/disaster_news/articles/2019_07_03_gardian_24.txt
2019-07-30T11:03:40Z,Secret texts cast light on UK's early role in Trump-Russia inquiry,https://www.theguardian.com/us-news/2019/jul/30/secret-texts-cast-light-uk-early-role-trump-russia-inquiry,article,,../data/disaster_news/articles/2019_07_30_gardian_25.txt
2019-07-01T18:32:45Z,Trump nepotism attacked after 'out-of-her-depth' Ivanka given key summit role,https://www.theguardian.com/us-news/2019/jul/01/donald-trump-ivanka-g20-north-korea-nepotism,article,,../data/disaster_news/articles/2019_07_01_gardian_26.txt
2019-07-13T14:16:09Z,"'This is tough stuff': Pence visits caged, unwashed, overcrowded migrants",https://www.theguardian.com/us-news/2019/jul/13/pence-visits-caged-unwashed-overcrowded-migrants-tough-stuff,article,,../data/disaster_news/articles/2019_07_13_gardian_27.txt
2019-07-26T05:00:08Z,House of pain: who are the Sacklers under fire in lawsuits over opioids?,https://www.theguardian.com/us-news/2019/jul/26/sacklers-opioids-purdue-pharma-oxycontin-opioids,article,,../data/disaster_news/articles/2019_07_26_gardian_28.txt
2019-07-01T10:27:50Z,"US briefing: Trump in North Korea, Hong Kong protest and whale hunting",https://www.theguardian.com/us-news/2019/jul/01/us-briefing-trump-in-north-korea-hong-kong-protest-and-whale-hunting,article,,../data/disaster_news/articles/2019_07_01_gardian_29.txt
2019-07-07T20:26:14Z,Trump calls Ocasio-Cortez 'Evita' in new book American Carnage,https://www.theguardian.com/us-news/2019/jul/07/donald-trump-alexandria-ocasio-cortez-evita-american-carnage,article,,../data/disaster_news/articles/2019_07_07_gardian_30.txt
2019-07-23T09:33:23Z,"US briefing: Puerto Rico protests, budget deal and South Korea warning shots",https://www.theguardian.com/us-news/2019/jul/23/us-briefing-puerto-rico-protests-budget-deal-south-korea-warning-shots,article,,../data/disaster_news/articles/2019_07_23_gardian_31.txt
2019-07-29T10:31:01Z,"US briefing: California shooting, Elijah Cummings and Canada manhunt",https://www.theguardian.com/us-news/2019/jul/29/us-briefing-california-shooting-elijah-cummings-and-canada-manhunt,article,,../data/disaster_news/articles/2019_07_29_gardian_32.txt
2019-07-18T09:42:39Z,"US briefing: Trump crowd chants 'send her back', Puerto Rico and Kevin Spacey",https://www.theguardian.com/us-news/2019/jul/18/us-briefing-trump-crowd-chants-send-her-back-puerto-rico-kevin-spacey,article,,../data/disaster_news/articles/2019_07_18_gardian_33.txt
2019-07-03T10:21:33Z,"US briefing: 2020 census, Trump's tax returns and deep-sea mining",https://www.theguardian.com/us-news/2019/jul/03/us-briefing-2020-census-donald-trump-tax-returns-and-deep-sea-mining,article,,../data/disaster_news/articles/2019_07_03_gardian_34.txt
2019-07-16T06:15:58Z,'Do not take the bait': congresswomen denounce racist Trump attack,https://www.theguardian.com/us-news/2019/jul/15/congresswomen-trump-racist-attack-aoc-pressley-omar-tlaib,article,,../data/disaster_news/articles/2019_07_16_gardian_35.txt
2019-07-14T15:51:38Z,Trump claims migrant detention center visited by Pence was ‘clean but crowded’,https://www.theguardian.com/us-news/2019/jul/14/trump-migrant-detention-center-pence-visit,article,,../data/disaster_news/articles/2019_07_14_gardian_36.txt
2019-07-21T05:00:50Z,The Man Who Sold America: Joy-Ann Reid hosts a Trump house of horrors,https://www.theguardian.com/us-news/2019/jul/21/the-man-who-sold-america-joy-ann-reid-trump,article,,../data/disaster_news/articles/2019_07_21_gardian_37.txt
2019-07-13T06:00:57Z,"‘Every day, it is a risk’: immigrant communities paralyzed by fear of impending Ice raids",https://www.theguardian.com/us-news/2019/jul/12/every-day-it-is-a-risk-immigrant-communities-paralyzed-by-fear-of-impending-ice-raids,article,,../data/disaster_news/articles/2019_07_13_gardian_38.txt
2019-07-26T11:49:49Z,"War on science: Trump administration muzzles climate experts, critics say",https://www.theguardian.com/us-news/2019/jul/26/war-on-science-trump-administration-muzzles-climate-experts-critics-say,article,,../data/disaster_news/articles/2019_07_26_gardian_39.txt
2019-07-15T17:24:10Z,'You can leave': Trump unrepentant over racist attack on congresswomen,https://www.theguardian.com/us-news/2019/jul/15/donald-trump-congresswomen-republicans-ocasio-cortez-tlaib-pressley-omar,article,,../data/disaster_news/articles/2019_07_15_gardian_40.txt
2019-07-01T05:00:38Z,The numbers game: how migrants at the border await their fate,https://www.theguardian.com/us-news/2019/jul/01/migrants-us-mexico-border-rio-grande-numbers,article,,../data/disaster_news/articles/2019_07_01_gardian_41.txt
2019-07-13T08:00:56Z,‘I accused Donald Trump of sexual assault. Now I sleep with a loaded gun’,https://www.theguardian.com/us-news/2019/jul/13/i-accused-donald-trump-of-sexual-assault-e-jean-carroll-ed-pilkington,article,,../data/disaster_news/articles/2019_07_13_gardian_42.txt
