webPublicationDate,webTitle,webUrl,type,disaster_type,path
2020-10-02T20:30:03Z,Weatherwatch: storm surge,https://www.theguardian.com/us-news/2020/oct/02/weatherwatch-hurricane-laura-storm-surge-that-went-astray,article,storm,../data/disaster_news/articles/2020_10_02_gardian_0.txt
2020-10-13T21:27:28Z,California: autumn heatwave sparks fears of new wildfires,https://www.theguardian.com/us-news/2020/oct/13/california-fires-heat-weather,article,heatwave,../data/disaster_news/articles/2020_10_13_gardian_1.txt
2020-10-14T20:30:04Z,Record number of hurricanes make landfall in US in 2020,https://www.theguardian.com/us-news/2020/oct/14/record-number-hurricanes-make-landfall-united-states-2020,article,hurricane,../data/disaster_news/articles/2020_10_14_gardian_2.txt
2020-10-20T17:41:05Z,Colorado firefighters struggle to control large blazes in drought-stricken state,https://www.theguardian.com/us-news/2020/oct/20/colorado-wildfires-cameron-peak-drought-boulder-denver,article,,../data/disaster_news/articles/2020_10_20_gardian_3.txt
2020-10-06T16:11:07Z,California wildfires spawn first ‘gigafire’ in modern history,https://www.theguardian.com/us-news/2020/oct/06/california-wildfires-gigafire-first,article,wildfire,../data/disaster_news/articles/2020_10_06_gardian_4.txt
2020-10-15T23:42:43Z,"California: 100,000 people without power amid extreme wildfire risk",https://www.theguardian.com/us-news/2020/oct/15/california-power-cuts-heatwave-pg-and-e,article,wildfire,../data/disaster_news/articles/2020_10_15_gardian_5.txt
2020-10-23T19:21:02Z,Northern California on alert as high winds increase wildfire threat,https://www.theguardian.com/us-news/2020/oct/23/california-high-wildfire-risk,article,wildfire,../data/disaster_news/articles/2020_10_23_gardian_6.txt
2020-10-30T10:00:09Z,‘This season is off the charts’: Colorado fights the worst wildfires in its recent history,https://www.theguardian.com/us-news/2020/oct/30/colorado-fires-cameron-peak-east-troublesome,article,wildfire,../data/disaster_news/articles/2020_10_30_gardian_7.txt
2020-10-01T19:15:11Z,Charred homes and crumbled walls: tallying the destruction of a California wildfire,https://www.theguardian.com/us-news/2020/oct/01/santa-rosa-glass-fire-destruction-homes-destroyed,article,wildfire,../data/disaster_news/articles/2020_10_01_gardian_8.txt
2020-10-08T23:01:50Z,Hurricane Delta: Louisiana braces for disaster for sixth time this year,https://www.theguardian.com/us-news/2020/oct/08/hurricane-delta-louisiana-winds-flooding,article,hurricane,../data/disaster_news/articles/2020_10_08_gardian_9.txt
2020-10-23T10:00:07Z,Fire tore through the Karuk tribe’s homeland. Many won’t be able to rebuild,https://www.theguardian.com/us-news/2020/oct/23/karuk-tribe-california-slater-fire-insurance,article,,../data/disaster_news/articles/2020_10_23_gardian_10.txt
2020-10-27T15:08:25Z,Southern California fires: extreme weather stokes two fierce blazes,https://www.theguardian.com/us-news/2020/oct/27/california-firefighters-injured-fires-evacuation,article,,../data/disaster_news/articles/2020_10_27_gardian_11.txt
2020-10-29T10:00:03Z,"US steps up deportation of Haitians ahead of election, raising Covid fears",https://www.theguardian.com/us-news/2020/oct/29/us-steps-up-deportation-haitians-coronavirus,article,,../data/disaster_news/articles/2020_10_29_gardian_12.txt
2020-10-20T05:00:58Z,"In America’s oil country, men losing their jobs are suffering in silence",https://www.theguardian.com/us-news/2020/oct/20/unemployment-men-lose-job-self-esteem,article,,../data/disaster_news/articles/2020_10_20_gardian_13.txt
2020-10-08T15:00:28Z,"Portland: officers targeted medics with teargas and projectiles, report finds",https://www.theguardian.com/us-news/2020/oct/08/portland-protests-medics-police,article,,../data/disaster_news/articles/2020_10_08_gardian_14.txt
2020-10-01T23:32:03Z,California firefighters watch for ‘violent’ winds as nearly 30 blazes burn,https://www.theguardian.com/us-news/2020/oct/01/california-fires-glass-zogg-winds-heat-low-humidity,article,,../data/disaster_news/articles/2020_10_01_gardian_15.txt
2020-10-27T17:58:28Z,Michigan fireball meteorite fragments could shed light on origins of solar system,https://www.theguardian.com/us-news/2020/oct/27/michigan-fireball-meteorite-fragments-could-shed-light-on-origins-of-solar-system,article,,../data/disaster_news/articles/2020_10_27_gardian_16.txt
2020-10-05T21:17:43Z,California fires set bleak record as 4m acres destroyed,https://www.theguardian.com/us-news/2020/oct/05/california-fires-4m-acres-wildfires-burn,article,,../data/disaster_news/articles/2020_10_05_gardian_17.txt
2020-10-29T18:13:08Z,The polls point to a Biden victory but can they be trusted this time?,https://www.theguardian.com/us-news/2020/oct/29/polls-us-election-2020-biden-harris-can-they-be-trusted,article,,../data/disaster_news/articles/2020_10_29_gardian_18.txt
2020-10-02T09:49:46Z,First Thing: October surprise? Trump caught the coronavirus,https://www.theguardian.com/us-news/2020/oct/02/first-thing-october-surprise-donald-trump-caught-coronavirus-covid-19,article,,../data/disaster_news/articles/2020_10_02_gardian_19.txt
2020-10-15T15:01:26Z,Trump ally running for Congress believes in baseless QAnon sex-trafficking conspiracy,https://www.theguardian.com/us-news/2020/oct/15/angela-stanton-king-qanon-conspiracy-theory,article,,../data/disaster_news/articles/2020_10_15_gardian_20.txt
2020-10-17T05:00:12Z,Wide Awakes: the Lincoln-era youth movement inspiring anti-Trump protests,https://www.theguardian.com/us-news/2020/oct/17/wide-awakes-lincoln-era-youth-movement-trump,article,,../data/disaster_news/articles/2020_10_17_gardian_21.txt
2020-10-30T17:45:55Z,Why this election calls into question whether America is a democracy,https://www.theguardian.com/us-news/2020/oct/30/is-america-a-democracy-us-election-fight-to-vote,article,,../data/disaster_news/articles/2020_10_30_gardian_22.txt
2020-10-25T16:32:47Z,Nearly 60 million Americans cast early vote as record-shattering turnout expected,https://www.theguardian.com/us-news/2020/oct/25/nearly-60-million-americans-cast-early-vote-trump-biden,article,,../data/disaster_news/articles/2020_10_25_gardian_23.txt
2020-10-08T03:11:16Z,Trump calls Covid diagnosis 'blessing from God' amid false treatment claims,https://www.theguardian.com/us-news/2020/oct/07/trump-covid-diagnosis-regeneron-treatment,article,,../data/disaster_news/articles/2020_10_08_gardian_24.txt
2020-10-10T17:23:31Z,US Covid cases climb as midwestern states report steep increases,https://www.theguardian.com/us-news/2020/oct/10/coronavirus-us-midwest-north-east-cases,article,,../data/disaster_news/articles/2020_10_10_gardian_25.txt
2020-10-19T23:44:23Z,Georgia: two rightwing Republicans face Democrat in special election debate,https://www.theguardian.com/us-news/2020/oct/19/georgia-special-election-debate-kelly-loeffler-qanon,article,,../data/disaster_news/articles/2020_10_19_gardian_26.txt
2020-10-25T10:00:05Z,Can California’s top wine region survive the era of megafire?,https://www.theguardian.com/us-news/2020/oct/25/california-napa-valley-wine-region-megafires,article,,../data/disaster_news/articles/2020_10_25_gardian_27.txt
2020-10-28T02:44:33Z,Democrats urge voters to hand-deliver ballots to beat court deadline,https://www.theguardian.com/us-news/2020/oct/27/democrats-urge-voters-to-hand-deliver-ballots-to-beat-court-deadline,article,,../data/disaster_news/articles/2020_10_28_gardian_28.txt
2020-10-08T10:00:01Z,Covid ravages Navajo Nation as Trump makes election play for area,https://www.theguardian.com/us-news/2020/oct/08/navajo-nation-coronavirus-pandemic,article,,../data/disaster_news/articles/2020_10_08_gardian_29.txt
2020-10-21T05:30:26Z,"Trump’s false ‘Russian spy’ claims put me in danger, says Steele dossier source",https://www.theguardian.com/us-news/2020/oct/21/trumps-false-russian-spy-claims-put-me-in-danger-says-steele-dossier-source,article,,../data/disaster_news/articles/2020_10_21_gardian_30.txt
2020-10-18T15:31:03Z,Gretchen Whitmer: Trump 'inciting domestic terrorism' with 'Lock her up!' rally chant,https://www.theguardian.com/us-news/2020/oct/18/gretchen-whitmer-donald-trump-rally-lock-her-up-michigan,article,,../data/disaster_news/articles/2020_10_18_gardian_31.txt
2020-10-24T10:00:21Z,California ‘shattering prior election returns’ with 6m ballots already cast,https://www.theguardian.com/us-news/2020/oct/24/california-us-election-2020-early-turnout-vote,article,,../data/disaster_news/articles/2020_10_24_gardian_32.txt
2020-10-15T10:00:22Z,As a young Texan I feel like a political outsider everywhere,https://www.theguardian.com/us-news/2020/oct/15/young-texans-like-me-are-not-politically-apathetic-were-tired,article,,../data/disaster_news/articles/2020_10_15_gardian_33.txt
2020-10-27T10:00:54Z,A beloved Jamaican beach is succumbing to climate change. It won’t be the last,https://www.theguardian.com/us-news/2020/oct/27/jamaica-hellshire-beach-climate-change,article,,../data/disaster_news/articles/2020_10_27_gardian_34.txt
2020-10-31T10:00:48Z,American anxiety drives a crystal boom: 'People are looking for healing',https://www.theguardian.com/us-news/2020/oct/31/us-crystal-gem-boom-people-looking-for-healing,article,,../data/disaster_news/articles/2020_10_31_gardian_35.txt
2020-10-08T22:36:35Z,Six people charged in plot to kidnap Michigan governor Gretchen Whitmer,https://www.theguardian.com/us-news/2020/oct/08/six-people-charged-plot-kidnap-michigan-governor-gretchen-whitmer,article,,../data/disaster_news/articles/2020_10_08_gardian_36.txt
2020-10-18T08:00:44Z,The upset of 2020? Jaime Harrison push to oust Lindsey Graham central to US Senate battle,https://www.theguardian.com/us-news/2020/oct/18/jaime-harrison-south-carolina-senate-lindsey-graham,article,,../data/disaster_news/articles/2020_10_18_gardian_37.txt
2020-10-28T08:27:49Z,If Biden wins what would the first 100 days of his presidency look like?,https://www.theguardian.com/us-news/2020/oct/28/joe-biden-presidency-first-100-days,article,,../data/disaster_news/articles/2020_10_28_gardian_38.txt
2020-10-09T06:00:47Z,How the domestic terror plot to kidnap Michigan's governor unravelled,https://www.theguardian.com/us-news/2020/oct/08/michigan-governor-gretchen-whitmer-kidnap-plot,article,,../data/disaster_news/articles/2020_10_09_gardian_39.txt
2020-10-29T10:00:04Z,"Freed, then locked in: leaving a California prison amid a pandemic",https://www.theguardian.com/us-news/2020/oct/29/california-prisons-covid-19-pandemic-releases-reentry,article,,../data/disaster_news/articles/2020_10_29_gardian_40.txt
