webPublicationDate,webTitle,webUrl,type,disaster_type,path
2020-04-12T23:31:14Z,Tornadoes and storms hit US south as six killed in Mississippi,https://www.theguardian.com/us-news/2020/apr/12/us-weather-tornado-louisiana-texas-mississippi-storms,article,storm,../data/disaster_news/articles/2020_04_12_gardian_0.txt
2020-04-27T21:14:52Z,Thousands of people pack California beaches despite coronavirus concerns,https://www.theguardian.com/us-news/2020/apr/27/california-beaches-coronavirus-orange-county,article,,../data/disaster_news/articles/2020_04_27_gardian_1.txt
2020-04-12T06:00:36Z,'A perfect storm': poverty and race add to Covid-19 toll in US deep south,https://www.theguardian.com/us-news/2020/apr/12/coronavirus-us-deep-south-poverty-race-perfect-storm,article,storm,../data/disaster_news/articles/2020_04_12_gardian_2.txt
2020-04-09T09:00:41Z,"In shadow of pandemic, Trump seizes opportunity to push through his agenda",https://www.theguardian.com/us-news/2020/apr/09/in-shadow-of-pandemic-trump-seizes-opportunity-to-push-through-his-agenda,article,,../data/disaster_news/articles/2020_04_09_gardian_3.txt
2020-04-05T11:05:26Z,Florida's slow response:  a 'mini-Trump' governor who borrowed the president's playbook,https://www.theguardian.com/us-news/2020/apr/05/floridas-slow-response-how-the-sunshine-state-got-it-so-wrong,article,,../data/disaster_news/articles/2020_04_05_gardian_4.txt
2020-04-16T16:43:01Z,Ivanka Trump defies social distancing to celebrate Passover at golf club,https://www.theguardian.com/us-news/2020/apr/16/ivanka-trump-defies-social-distancing-to-celebrate-passover-at-golf-club,article,,../data/disaster_news/articles/2020_04_16_gardian_5.txt
2020-04-28T10:08:33Z,First Thing: Trump's latest coronavirus take - sue China,https://www.theguardian.com/us-news/2020/apr/28/first-thing-trumps-latest-coronavirus-take-sue-china,article,,../data/disaster_news/articles/2020_04_28_gardian_6.txt
2020-04-14T10:39:59Z,First Thing: your new US morning briefing,https://www.theguardian.com/us-news/2020/apr/14/first-thing-your-new-us-morning-briefing-donald-trump-coronavirus,article,,../data/disaster_news/articles/2020_04_14_gardian_7.txt
2020-04-28T19:53:00Z,Mike Pence ignores Mayo Clinic's face mask rule during visit,https://www.theguardian.com/us-news/2020/apr/28/mike-pence-face-mask-mayo-clinic-visit-coronavirus,article,,../data/disaster_news/articles/2020_04_28_gardian_8.txt
2020-04-13T13:02:41Z,Trump adviser Navarro defends US response in angry CBS interview,https://www.theguardian.com/us-news/2020/apr/13/peter-navarro-trump-coronavirus-cbs-60-minutes,article,,../data/disaster_news/articles/2020_04_13_gardian_9.txt
2020-04-04T10:00:02Z,Revealed: food bank shortages expected to hit Washington state by mid-April,https://www.theguardian.com/us-news/2020/apr/04/washington-state-food-bank-shortages-revealed,article,,../data/disaster_news/articles/2020_04_04_gardian_10.txt
2020-04-02T15:22:18Z,California appears to be flattening the curve. But its testing lags behind other states,https://www.theguardian.com/us-news/2020/apr/01/california-coronavirus-shelter-in-place-flatten-curve,article,,../data/disaster_news/articles/2020_04_02_gardian_11.txt
2020-04-02T10:32:48Z,How coronavirus has halted Central American migration to the US,https://www.theguardian.com/us-news/2020/apr/02/us-immigration-central-america-coronavirus-impact,article,,../data/disaster_news/articles/2020_04_02_gardian_12.txt
2020-04-18T14:36:53Z,'I pray to God it never happens again': US gulf coast bears scars of historic oil spill 10 years on,https://www.theguardian.com/us-news/2020/apr/18/gulf-coast-deepwater-horizon-oil-industry-louisiana,article,,../data/disaster_news/articles/2020_04_18_gardian_13.txt
2020-04-11T09:00:10Z,Trump v the states: how the president is remaking the government in his image,https://www.theguardian.com/us-news/2020/apr/11/trump-states-governors-clashes,article,,../data/disaster_news/articles/2020_04_11_gardian_14.txt
2020-04-12T07:00:36Z,Yearning for Obama? Ex-president could soon be back to bat for Biden,https://www.theguardian.com/us-news/2020/apr/12/obama-biden-coronavirus-trump,article,,../data/disaster_news/articles/2020_04_12_gardian_15.txt
2020-04-22T14:00:47Z,"Mass incarceration could add 100,000 deaths to US coronavirus toll, study finds",https://www.theguardian.com/us-news/2020/apr/22/coronavirus-us-jails-incarceration-death-toll-study,article,,../data/disaster_news/articles/2020_04_22_gardian_16.txt
2020-04-14T18:42:24Z,Republicans tried to suppress the vote in Wisconsin. It backfired,https://www.theguardian.com/us-news/2020/apr/14/wisconsin-election-coronavirus-republicans-supreme-court,article,,../data/disaster_news/articles/2020_04_14_gardian_17.txt
2020-04-15T08:00:39Z,‘Designed for us to fail’: Floridians upset as unemployment system melts down,https://www.theguardian.com/us-news/2020/apr/15/florida-unemployment-system-coronavirus-applications,article,,../data/disaster_news/articles/2020_04_15_gardian_18.txt
2020-04-01T10:30:18Z,The pandemic is producing a 'Trump bump' in the polls – but it may not last | Simon Tisdall,https://www.theguardian.com/us-news/2020/apr/01/coronavirus-trump-bump-polls,article,,../data/disaster_news/articles/2020_04_01_gardian_19.txt
2020-04-18T00:56:16Z,Trump calls protesters against stay-at-home orders 'very responsible',https://www.theguardian.com/us-news/2020/apr/17/trump-liberate-tweets-coronavirus-stay-at-home-orders,article,,../data/disaster_news/articles/2020_04_18_gardian_20.txt
2020-04-15T10:10:41Z,'It could have been averted': How 92 residents at a San Francisco homeless shelter got Covid-19,https://www.theguardian.com/us-news/2020/apr/15/san-francisco-homeless-coronavirus-msc-shelter,article,,../data/disaster_news/articles/2020_04_15_gardian_21.txt
2020-04-09T17:42:15Z,America's first ER doctor to die on the frontline of the coronavirus battle,https://www.theguardian.com/us-news/2020/apr/09/first-doctor-die-coronavirus-us-frank-gabrin-er,article,,../data/disaster_news/articles/2020_04_09_gardian_22.txt
