webPublicationDate,webTitle,webUrl,type,disaster_type,path
2020-03-30T20:35:49Z,New York: makeshift hospitals set up as Cuomo warns 'tsunami is coming',https://www.theguardian.com/us-news/2020/mar/30/new-york-coronavirus-andrew-cuomo-makeshift-hospitals,article,,../data/disaster_news/articles/2020_03_30_gardian_0.txt
2020-03-10T10:00:29Z,'Remember us': could Trump lose Florida because of hurricane refugees?,https://www.theguardian.com/us-news/2020/mar/10/donald-trump-lose-florida-hurricane-maria-refugees-us-elections-2020,article,hurricane,../data/disaster_news/articles/2020_03_10_gardian_1.txt
2020-03-04T10:40:58Z,"US briefing: Biden's super Tuesday, Nashville tornadoes and abortion",https://www.theguardian.com/us-news/2020/mar/04/us-briefing-bidens-super-tuesday-nashville-tornadoes-and-abortion,article,tornado,../data/disaster_news/articles/2020_03_04_gardian_2.txt
2020-03-31T09:50:45Z,"US briefing: Cuomo's virus warning, business reacts and age risk study",https://www.theguardian.com/us-news/2020/mar/31/us-briefing-cuomos-virus-warning-business-reacts-and-age-risk-study,article,,../data/disaster_news/articles/2020_03_31_gardian_3.txt
2020-03-24T18:14:29Z,Coronavirus in America: why the US has struggled to tackle a growing crisis,https://www.theguardian.com/us-news/2020/mar/24/coronavirus-america-donald-trump-crisis,article,,../data/disaster_news/articles/2020_03_24_gardian_4.txt
2020-03-26T16:59:32Z,"'A nightmare all over again': after surviving Katrina, New Orleans battles Covid-19",https://www.theguardian.com/us-news/2020/mar/26/new-orleans-surviving-katrina-battles-covid-19-coronavirus,article,,../data/disaster_news/articles/2020_03_26_gardian_5.txt
2020-03-01T11:00:12Z,"Friend, we've built a historic, grassroots effort and we're in the fight of our lives. Click here!",https://www.theguardian.com/us-news/2020/mar/01/campaign-fundraising-email-parody-elections-2020,article,,../data/disaster_news/articles/2020_03_01_gardian_6.txt
2020-03-13T07:00:54Z,Calls mount to free low-risk US inmates to curb coronavirus impact on prisons,https://www.theguardian.com/us-news/2020/mar/13/coronavirus-us-prisons-jails,article,,../data/disaster_news/articles/2020_03_13_gardian_7.txt
2020-03-15T13:52:36Z,'They’re playing catch up': Florida struggles to respond to coronavirus in time for key primary,https://www.theguardian.com/us-news/2020/mar/15/florida-primary-tuesday-coronavirus-fears,article,,../data/disaster_news/articles/2020_03_15_gardian_8.txt
2020-03-29T10:00:51Z,Disunited states of America: responses to coronavirus shaped by hyper-partisan politics,https://www.theguardian.com/us-news/2020/mar/29/america-states-coronavirus-red-blue-different-approaches,article,,../data/disaster_news/articles/2020_03_29_gardian_9.txt
2020-03-11T12:13:57Z,"US briefing: Biden wins big again, US Covid-19 cases pass 1,000, and MH17",https://www.theguardian.com/us-news/2020/mar/11/us-briefing-biden-wins-big-again-us-covid-19-cases-pass-1000-and-mh17,article,,../data/disaster_news/articles/2020_03_11_gardian_10.txt
2020-03-23T08:00:30Z,"Rapes, murders ... and coronavirus: the dangers US asylum seekers in Mexico must face",https://www.theguardian.com/us-news/2020/mar/23/us-mexico-immigration-coronavirus-asylum,article,,../data/disaster_news/articles/2020_03_23_gardian_11.txt
2020-03-01T16:44:01Z,Mike Bloomberg addresses US in TV ad on coronavirus and Trump response,https://www.theguardian.com/us-news/2020/mar/01/mike-bloomberg-tv-ad-coronavirus,article,,../data/disaster_news/articles/2020_03_01_gardian_12.txt
2020-03-27T09:00:52Z,Georgia Covid-19 cases rise as Atlanta mayor warns hospitals are at capacity,https://www.theguardian.com/us-news/2020/mar/27/us-coronavirus-outbreak-georgia-hospitals-atlanta,article,,../data/disaster_news/articles/2020_03_27_gardian_13.txt
2020-03-20T17:09:18Z,"Up to 1,000% increase in claims: jobless New Yorkers overwhelm system",https://www.theguardian.com/us-news/2020/mar/20/new-york-unemployment-benefits-system-creaks,article,,../data/disaster_news/articles/2020_03_20_gardian_14.txt
2020-03-25T01:33:01Z,California scrambles to avoid Covid-19's worst-case scenario: 'It will take a heroic effort',https://www.theguardian.com/us-news/2020/mar/24/california-coronavirus-cases-hospital-beds-new-york,article,,../data/disaster_news/articles/2020_03_25_gardian_15.txt
2020-03-23T11:33:24Z,"US briefing: Trump under pressure, senator tests positive and Olympics in doubt",https://www.theguardian.com/us-news/2020/mar/23/us-briefing-trump-under-pressure-senator-tests-positive-and-olympics-in-doubt,article,,../data/disaster_news/articles/2020_03_23_gardian_16.txt
2020-03-04T18:40:47Z,'A chain reaction': how one endorsement set Joe Biden's surge in motion,https://www.theguardian.com/us-news/2020/mar/04/joe-biden-jim-clyburn-endorsement-super-tuesday,article,,../data/disaster_news/articles/2020_03_04_gardian_17.txt
2020-03-27T11:17:15Z,"US briefing: US has most Covid-19 cases in the world, as NY begs for help",https://www.theguardian.com/us-news/2020/mar/27/us-briefing-us-has-most-covid-19-cases-in-world-ny-begs-for-help,article,,../data/disaster_news/articles/2020_03_27_gardian_18.txt
2020-03-01T02:28:31Z,Tom Steyer drops out of 2020 race after disappointing South Carolina result,https://www.theguardian.com/us-news/2020/feb/29/tom-steyer-drops-out-south-carolina,article,,../data/disaster_news/articles/2020_03_01_gardian_19.txt
2020-03-16T11:34:15Z,"US briefing: global coronavirus deaths, Biden v Sanders and Michael Flynn",https://www.theguardian.com/us-news/2020/mar/16/us-briefing-global-coronavirus-deaths-biden-v-sanders-and-michael-flynn,article,,../data/disaster_news/articles/2020_03_16_gardian_20.txt
2020-03-15T06:00:49Z,The acid test of Trump's maverick leadership has come – can he save himself?,https://www.theguardian.com/us-news/2020/mar/15/trump-leadership-coronavirus-pandemic,article,,../data/disaster_news/articles/2020_03_15_gardian_21.txt
2020-03-24T13:00:33Z,"Trump's staff cuts have undermined Covid-19 containment efforts, watchdog finds",https://www.theguardian.com/us-news/2020/mar/24/trump-cuts-undermine-coronavirus-containment-cdc-watchdog-report,article,,../data/disaster_news/articles/2020_03_24_gardian_22.txt
2020-03-31T02:14:56Z,Las Vegas parking lot turned into 'homeless shelter' with social distancing markers,https://www.theguardian.com/us-news/2020/mar/30/las-vegas-parking-lot-homeless-shelter,article,,../data/disaster_news/articles/2020_03_31_gardian_23.txt
2020-03-26T15:52:51Z,US private health insurance companies clog system amid Covid-19 pandemic,https://www.theguardian.com/us-news/2020/mar/26/us-insurance-companies-coronavirus-hospitals,article,,../data/disaster_news/articles/2020_03_26_gardian_24.txt
2020-03-21T10:57:39Z,Trump throws tantrum over coronavirus question: 'You're a terrible reporter',https://www.theguardian.com/us-news/2020/mar/20/trump-coronavirus-question-attack-reporter-over-fears,article,,../data/disaster_news/articles/2020_03_21_gardian_25.txt
2020-03-20T13:33:36Z,Republican senator urged to quit after report he sold stocks before Covid-19 market plunge,https://www.theguardian.com/us-news/2020/mar/20/republican-senators-sold-stocks-before-markets-plunged-on-coronavirus-fears-reports,article,,../data/disaster_news/articles/2020_03_20_gardian_26.txt
2020-03-26T20:43:16Z,Will the coronavirus crisis spell triumph or disaster for Donald Trump?,https://www.theguardian.com/us-news/2020/mar/26/coronavirus-donald-trump-triumph-or-disaster,article,,../data/disaster_news/articles/2020_03_26_gardian_27.txt
2020-03-26T10:00:24Z,California's homeless census was already troubled. Covid-19 is making it impossible,https://www.theguardian.com/us-news/2020/mar/26/california-homeless-census-2020-coronavirus,article,,../data/disaster_news/articles/2020_03_26_gardian_28.txt
2020-03-20T08:00:16Z,‘Timing is critical’: Native Americans warn virus may overwhelm underfunded health services,https://www.theguardian.com/us-news/2020/mar/20/coronavirus-outbreak-us-native-americans-health-services,article,,../data/disaster_news/articles/2020_03_20_gardian_29.txt
2020-03-01T11:00:13Z,Bloody Sunday remembered: civil rights marchers tell story of their iconic photos,https://www.theguardian.com/us-news/2020/mar/01/bloody-sunday-remembered-civil-rights-marchers-tell-story-of-their-iconic-photos,article,,../data/disaster_news/articles/2020_03_01_gardian_30.txt
2020-03-14T06:00:21Z,"Teen models, powerful men and private dinners: when Trump hosted Look of the Year",https://www.theguardian.com/us-news/2020/mar/14/teen-models-powerful-men-when-donald-trump-hosted-look-of-the-year,article,,../data/disaster_news/articles/2020_03_14_gardian_31.txt
