webPublicationDate,webTitle,webUrl,type,disaster_type,path
2020-05-05T08:30:04Z,'It sounded evil': inside the eerie moment California’s deadliest wildfire began,https://www.theguardian.com/us-news/2020/may/05/paradise-california-wildfire-book-extract,article,wildfire,../data/disaster_news/articles/2020_05_05_gardian_0.txt
2020-05-22T12:42:22Z,"When the '500-year flood' hit Michigan, residents had to weigh risk of escape in a pandemic",https://www.theguardian.com/us-news/2020/may/22/michigan-dam-break-500-year-flood-escape-coronavirus,article,flood,../data/disaster_news/articles/2020_05_22_gardian_1.txt
2020-05-30T10:00:40Z,'A summer unlike any other': heatwaves and Covid-19 are a deadly combination,https://www.theguardian.com/us-news/2020/may/30/coronavirus-heatwaves-health-summer-us-cities,article,,../data/disaster_news/articles/2020_05_30_gardian_2.txt
2020-05-25T07:10:53Z,‘We will simply disconnect’: Mike Pompeo and the Australian TV appearance that caused a diplomatic storm,https://www.theguardian.com/us-news/2020/may/25/we-will-simply-disconnect-mike-pompeo-and-the-australian-tv-appearance-that-caused-a-diplomatic-storm,article,storm,../data/disaster_news/articles/2020_05_25_gardian_3.txt
2020-05-20T19:42:50Z,Michigan: threat of toxic contamination looms after dam failures trigger flooding,https://www.theguardian.com/us-news/2020/may/20/michigan-flooding-dam-toxic-contamination-threat,article,,../data/disaster_news/articles/2020_05_20_gardian_4.txt
2020-05-26T18:51:10Z,Video of white woman calling police on black man in Central Park draws outrage,https://www.theguardian.com/us-news/2020/may/26/central-park-new-york-white-woman-black-birdwatcher,article,,../data/disaster_news/articles/2020_05_26_gardian_5.txt
2020-05-25T15:47:05Z,Trump threatens to move Republican convention if North Carolina won't allow packed arena,https://www.theguardian.com/us-news/2020/may/25/donald-trump-republican-national-convention-north-carolina,article,,../data/disaster_news/articles/2020_05_25_gardian_6.txt
2020-05-13T21:53:34Z,Grazing hell: 200 escaped goats hoof it through California neighborhood,https://www.theguardian.com/us-news/2020/may/13/goats-escape-san-jose-video,article,,../data/disaster_news/articles/2020_05_13_gardian_7.txt
2020-05-10T19:42:40Z,Trump claims Obama committed 'biggest political crime in American history',https://www.theguardian.com/us-news/2020/may/10/trump-obama-biggest-political-american-history-russia-michael-flynn,article,,../data/disaster_news/articles/2020_05_10_gardian_8.txt
2020-05-04T23:48:03Z,"California eases Covid-19 restrictions, allowing some businesses to reopen",https://www.theguardian.com/us-news/2020/may/04/california-lockdown-business-reopen-coronavirus,article,,../data/disaster_news/articles/2020_05_04_gardian_9.txt
2020-05-12T09:30:07Z,"Loud sex, thunderous dancing: how coronavirus strains neighborly ties",https://www.theguardian.com/us-news/2020/may/12/coronavirus-loud-neighbors-community-lockdown,article,,../data/disaster_news/articles/2020_05_12_gardian_10.txt
2020-05-03T09:00:47Z,Pandemic brings Trump's war on science to the boil – but who will win?,https://www.theguardian.com/us-news/2020/may/03/science-donald-trump-coronavirus,article,,../data/disaster_news/articles/2020_05_03_gardian_11.txt
2020-05-20T12:13:58Z,Florida scientist says she was fired for refusing to change Covid-19 data 'to support reopen plan',https://www.theguardian.com/us-news/2020/may/20/florida-scientist-dr-rebekah-jones-fired-refusing-change-covid-19-data-reopen-plan,article,,../data/disaster_news/articles/2020_05_20_gardian_12.txt
2020-05-08T10:20:16Z,First thing: states are reopening without CDC's step-by-step roadmap,https://www.theguardian.com/us-news/2020/may/08/first-thing-states-are-reopening-without-the-cdcs-step-by-step-roadmap,article,,../data/disaster_news/articles/2020_05_08_gardian_13.txt
2020-05-15T10:15:24Z,Meet the gun safety instructor holding 'office hours' on Zoom,https://www.theguardian.com/us-news/2020/may/15/gun-sales-us-zoom-classes-activists,article,,../data/disaster_news/articles/2020_05_15_gardian_14.txt
2020-05-11T13:01:16Z,Midwesterners were already doubting Trump. Covid could seal his political fate,https://www.theguardian.com/us-news/commentisfree/2020/may/11/midwesterners-were-already-doubting-trump-covid-could-seal-his-political-fate,article,,../data/disaster_news/articles/2020_05_11_gardian_15.txt
2020-05-21T09:51:55Z,"First Thing: US has three months to prepare for second Covid-19 wave, say scientists",https://www.theguardian.com/us-news/2020/may/21/first-thing-us-has-three-months-to-prepare-for-second-covid-19-wave-say-scientists,article,,../data/disaster_news/articles/2020_05_21_gardian_16.txt
2020-05-29T10:06:11Z,"‘We had to overcome fear’: the unsung heroes caring for Americans as deaths pass 100,000",https://www.theguardian.com/us-news/2020/may/29/coronavirus-us-deaths-reach-100000-unsung-heroes,article,,../data/disaster_news/articles/2020_05_29_gardian_17.txt
2020-05-22T21:58:34Z,Biden apologizes for saying voters who back Trump 'ain't black',https://www.theguardian.com/us-news/2020/may/22/joe-biden-draws-criticism-americans-who-back-trump-aint-black,article,,../data/disaster_news/articles/2020_05_22_gardian_18.txt
2020-05-07T10:44:02Z,First Thing: The climate can't take a return to 'business as usual',https://www.theguardian.com/us-news/2020/may/07/first-thing-the-climate-cant-take-a-return-to-business-as-usual,article,,../data/disaster_news/articles/2020_05_07_gardian_19.txt
2020-05-13T10:00:37Z,'Big Gretch': how the pandemic pushed Michigan's governor into the spotlight,https://www.theguardian.com/us-news/2020/may/13/gretchen-whitmer-michigan-governor-coronavirus,article,,../data/disaster_news/articles/2020_05_13_gardian_20.txt
2020-05-15T05:00:31Z,What coronavirus is doing to stressed US health workers – and why it will be felt for years,https://www.theguardian.com/us-news/2020/may/15/us-nurses-doctors-mental-health-coronavirus,article,,../data/disaster_news/articles/2020_05_15_gardian_21.txt
2020-05-24T10:00:19Z,"Race, wealth and public spaces: US beaches are a new flashpoint of the lockdown",https://www.theguardian.com/us-news/2020/may/24/us-beaches-covid-19-florida-access-parks,article,,../data/disaster_news/articles/2020_05_24_gardian_22.txt
2020-05-17T01:57:20Z,"Invisible deaths: from nursing homes to prisons, the coronavirus toll is out of sight – and out of mind?",https://www.theguardian.com/us-news/2020/may/16/coronavirus-pandemic-deaths-grieving-invisible,article,,../data/disaster_news/articles/2020_05_17_gardian_23.txt
2020-05-01T21:32:32Z,"Trump 'cannot tell a lie' – but can Kayleigh McEnany, his new press secretary?",https://www.theguardian.com/us-news/2020/may/01/trump-lie-kayleigh-mcenany-press-secretary-coronavrius-michael-flynn,article,,../data/disaster_news/articles/2020_05_01_gardian_24.txt
2020-05-01T11:18:31Z,"First Thing: Amazon gets a pandemic sales boom, but its workers walk out",https://www.theguardian.com/us-news/2020/may/01/first-thing-amazon-gets-a-pandemic-profit-boom-but-its-workers-walk-out,article,,../data/disaster_news/articles/2020_05_01_gardian_25.txt
2020-05-28T10:03:28Z,"As 100,000 die, the virus lays bare America's brutal fault lines – race, gender, poverty and broken politics",https://www.theguardian.com/us-news/2020/may/28/us-coronavirus-death-toll-racial-disparity-inequality,article,,../data/disaster_news/articles/2020_05_28_gardian_26.txt
2020-05-26T18:00:46Z,Cuomo gave immunity to nursing home executives after big campaign donations,https://www.theguardian.com/us-news/2020/may/26/andrew-cuomo-nursing-home-execs-immunity,article,,../data/disaster_news/articles/2020_05_26_gardian_27.txt
2020-05-19T17:41:00Z,"A caring neighbor, a nurse who pulled double shifts: the US health workers who died from Covid-19",https://www.theguardian.com/us-news/2020/apr/15/nurses-surgeons-janitors-first-us-health-workers-to-die-covid-19,article,,../data/disaster_news/articles/2020_05_19_gardian_28.txt
