webPublicationDate,webTitle,webUrl,type,disaster_type,path
2020-07-31T10:00:11Z,'You need to pay attention': virus-hit Texas readies for hurricane threat,https://www.theguardian.com/us-news/2020/jul/31/texas-coronavirus-pandemic-hurricane-covid-19,article,hurricane,../data/disaster_news/articles/2020_07_31_gardian_0.txt
2020-07-10T20:35:32Z,"Pandemic sidelines more than 1,000 incarcerated wildfire fighters in California",https://www.theguardian.com/us-news/2020/jul/10/california-wildfire-coronavirus-prison-incarcerated-firefighters,article,wildfire,../data/disaster_news/articles/2020_07_10_gardian_1.txt
2020-07-13T15:57:20Z,"‘Tsunami of untruths’: Trump has made 20,000 false or misleading claims – report",https://www.theguardian.com/us-news/2020/jul/13/donald-trump-20000-false-or-misleading-claims,article,tsunami,../data/disaster_news/articles/2020_07_13_gardian_2.txt
2020-07-30T10:00:10Z,California landlords are locking out struggling tenants. A 'tsunami of evictions' may be next,https://www.theguardian.com/us-news/2020/jul/30/california-covid-19-evictions-landlords-tenants,article,,../data/disaster_news/articles/2020_07_30_gardian_3.txt
2020-07-12T19:34:07Z,Officials warn of health risks as heatwave may break records in the south of US,https://www.theguardian.com/us-news/2020/jul/12/us-south-heatwave-warnings,article,heatwave,../data/disaster_news/articles/2020_07_12_gardian_4.txt
2020-07-08T22:21:09Z,Flash flood sends woman whooshing under New Jersey city and into river,https://www.theguardian.com/us-news/2020/jul/08/new-jersey-woman-flood-passaic-river,article,flood,../data/disaster_news/articles/2020_07_08_gardian_5.txt
2020-07-06T20:17:42Z,Navajo Nation faces twin threats as wildfires spread during pandemic,https://www.theguardian.com/us-news/2020/jul/06/arizona-wildfires-coronavirus-navajo-nation,article,wildfire,../data/disaster_news/articles/2020_07_06_gardian_6.txt
2020-07-27T07:00:47Z,What the US exiting the Paris climate accord means,https://www.theguardian.com/us-news/2020/jul/27/us-paris-climate-accord-exit-what-it-means,article,,../data/disaster_news/articles/2020_07_27_gardian_7.txt
2020-07-03T21:55:41Z,Trump heads to Mount Rushmore for divisive fireworks celebration,https://www.theguardian.com/us-news/2020/jul/03/trump-mount-rushmore-speech-fireworks-coronavirus,article,,../data/disaster_news/articles/2020_07_03_gardian_8.txt
2020-07-10T18:40:42Z,"Trump's New Hampshire rally delayed by weather, White House claims",https://www.theguardian.com/us-news/2020/jul/10/trump-new-hampshire-campaign-rally-postponed-weather,article,,../data/disaster_news/articles/2020_07_10_gardian_9.txt
2020-07-09T10:00:04Z,'Opioid overdoses are skyrocketing': as Covid-19 sweeps across US an old epidemic returns,https://www.theguardian.com/us-news/2020/jul/09/coronavirus-pandemic-us-opioids-crisis,article,,../data/disaster_news/articles/2020_07_09_gardian_10.txt
2020-07-29T16:37:05Z,"US coronavirus deaths near 150,000 as 21 states declared 'red zones'",https://www.theguardian.com/us-news/2020/jul/29/us-covid-19-coronavirus-deaths-states-red-zone-infection-spikes,article,,../data/disaster_news/articles/2020_07_29_gardian_11.txt
2020-07-03T17:28:59Z,"Fourth of July celebrations increase risk of 'superspreader' events, experts warn",https://www.theguardian.com/us-news/2020/jul/03/fourth-of-july-coronavirus-super-spreader-coronavirus,article,,../data/disaster_news/articles/2020_07_03_gardian_12.txt
2020-07-03T10:00:18Z,"LA's Covid-19 'explosion': overwhelmed hospitals, struggling workers, shuttered restaurants",https://www.theguardian.com/us-news/2020/jul/03/los-angeles-covid-19-surge-homeless-immigrants,article,,../data/disaster_news/articles/2020_07_03_gardian_13.txt
2020-07-17T14:30:31Z,Florida’s ‘mini-Trump’ Ron DeSantis under growing pressure as Covid-19 cases surge,https://www.theguardian.com/us-news/2020/jul/17/florida-coronavirus-ron-desantis-governor-trump,article,,../data/disaster_news/articles/2020_07_17_gardian_14.txt
2020-07-10T22:16:48Z,California sees two deadliest days since pandemic began as Covid-19 cases rise,https://www.theguardian.com/us-news/2020/jul/10/california-coronavirus-covid-19-cases-death-toll-record,article,,../data/disaster_news/articles/2020_07_10_gardian_15.txt
2020-07-25T18:12:31Z,Republicans continue Covid-19 relief talks as Democrat warns of catastrophe,https://www.theguardian.com/us-news/2020/jul/25/coronavirus-relief-unemployment-600-benefit-republicans-senate,article,,../data/disaster_news/articles/2020_07_25_gardian_16.txt
2020-07-17T07:00:08Z,"'Reckless, callous, cruel': teachers' chief denounces Trump plan to reopen schools",https://www.theguardian.com/us-news/2020/jul/17/trump-teachers-reopening-schools-coronavirus-randi-weingarten,article,,../data/disaster_news/articles/2020_07_17_gardian_17.txt
2020-07-10T10:00:13Z,Texas border county had 'model' Covid-19 response – then the governor stepped in,https://www.theguardian.com/us-news/2020/jul/10/texas-starr-county-covid-19-model-greg-abbott,article,,../data/disaster_news/articles/2020_07_10_gardian_18.txt
2020-07-04T04:56:03Z,"US under siege from 'far-left fascism', says Trump in Mount Rushmore speech",https://www.theguardian.com/us-news/2020/jul/04/us-under-siege-from-far-left-fascism-says-trump-in-mount-rushmore-speech,article,,../data/disaster_news/articles/2020_07_04_gardian_19.txt
2020-07-02T12:14:38Z,"Trump has 'gone awol' as president amid coronavirus pandemic, says ex-CIA director",https://www.theguardian.com/us-news/2020/jul/02/trump-coronavirus-awol-crisis-leon-panetta,article,,../data/disaster_news/articles/2020_07_02_gardian_20.txt
2020-07-20T06:00:11Z,US scientists rebuke Trump over coronavirus response and other affronts,https://www.theguardian.com/us-news/2020/jul/20/national-academy-sciences-donald-trump-coronavirus-response,article,,../data/disaster_news/articles/2020_07_20_gardian_21.txt
2020-07-29T20:21:38Z,Donald Trump stokes racial fears with appeal to white suburban voters,https://www.theguardian.com/us-news/2020/jul/29/donald-trump-white-suburban-voters-rule-rollback,article,,../data/disaster_news/articles/2020_07_29_gardian_22.txt
2020-07-16T09:53:44Z,"First Thing: pandemic proves climate was never treated as a crisis, say activists",https://www.theguardian.com/us-news/2020/jul/16/first-thing-pandemic-proves-climate-was-never-treated-as-a-crisis-say-activists,article,,../data/disaster_news/articles/2020_07_16_gardian_23.txt
2020-07-30T10:24:44Z,"First Thing: six months into the Covid-19 pandemic, 150,000 Americans are dead",https://www.theguardian.com/us-news/2020/jul/30/first-thing-six-months-into-the-covid-19-pandemic-150000-americans-are-dead,article,,../data/disaster_news/articles/2020_07_30_gardian_24.txt
2020-07-11T12:32:21Z,Will Republicans ditch Trump to save the Senate as support nosedives?,https://www.theguardian.com/us-news/2020/jul/11/donald-trump-republicans-election-senate-biden,article,,../data/disaster_news/articles/2020_07_11_gardian_25.txt
2020-07-20T09:30:15Z,‘I feel helpless’: three people on their grueling Covid-19 recoveries,https://www.theguardian.com/us-news/2020/jul/20/coronavirus-side-effects-long-term-recovery-symptoms,article,,../data/disaster_news/articles/2020_07_20_gardian_26.txt
2020-07-05T17:24:59Z,Trump celebrates Fourth of July by stoking division over pandemic and race,https://www.theguardian.com/us-news/2020/jul/05/trump-july-fourth-speech-rushmore-coronavirus-race-protests,article,,../data/disaster_news/articles/2020_07_05_gardian_27.txt
2020-07-21T20:12:32Z,Trump orders undocumented immigrants excluded from key census count,https://www.theguardian.com/us-news/2020/jul/21/trump-executive-order-census-undocumented-immigrants,article,,../data/disaster_news/articles/2020_07_21_gardian_28.txt
2020-07-10T19:31:19Z,Over 40 Florida hospitals max out ICU capacity as Covid-19 cases surge across US,https://www.theguardian.com/us-news/2020/jul/10/florida-coronavirus-cases-icu-beds-arizona-texas,article,,../data/disaster_news/articles/2020_07_10_gardian_29.txt
2020-07-30T17:18:34Z,Why Trump cannot delay the election – plus the truth about mail-in voting,https://www.theguardian.com/us-news/2020/jul/30/can-trump-delay-the-election-mail-in-voting-attacks,article,,../data/disaster_news/articles/2020_07_30_gardian_30.txt
2020-07-17T12:18:19Z,Trump's campaign reshuffle shows he's figured out he's losing,https://www.theguardian.com/us-news/2020/jul/17/trump-campaign-brad-parscale-demotion-losing,article,,../data/disaster_news/articles/2020_07_17_gardian_31.txt
2020-07-04T07:00:07Z,"'We don't want things to get out of hand again': as New York reopens, dangers lie ahead",https://www.theguardian.com/us-news/2020/jul/04/new-york-celebrates-comeback-from-covid-19-but-hidden-dangers-lie-ahead,article,,../data/disaster_news/articles/2020_07_04_gardian_32.txt
2020-07-08T11:00:05Z,'Unbelievably unfair': thousands of Americans face having votes rejected in election,https://www.theguardian.com/us-news/2020/jul/08/mail-in-ballots-rejected-small-errors,article,,../data/disaster_news/articles/2020_07_08_gardian_33.txt
2020-07-25T07:00:49Z,'Nobody’s ever seen anything like this': how coronavirus turned the US election upside down,https://www.theguardian.com/us-news/2020/jul/25/coronavirus-trump-white-house-election-2020,article,,../data/disaster_news/articles/2020_07_25_gardian_34.txt
2020-07-01T10:00:20Z,The incredible story of New Orleans' first black female homicide detective,https://www.theguardian.com/us-news/2020/jul/01/new-orleans-jacklean-davis-police-detective,article,,../data/disaster_news/articles/2020_07_01_gardian_35.txt
