webPublicationDate,webTitle,webUrl,type,disaster_type,path
2020-06-10T20:30:31Z,Tropical Storm Cristobal brings heavy rain and flooding to southern US,https://www.theguardian.com/us-news/2020/jun/10/tropical-storm-cristobal-brings-heavy-rain-and-flooding-to-southern-us,article,storm,../data/disaster_news/articles/2020_06_10_gardian_0.txt
2020-06-25T15:24:44Z,Trump's Mount Rushmore fireworks plan draws criticism from Native Americans,https://www.theguardian.com/us-news/2020/jun/25/trump-mount-rushmore-fourth-of-july-native-americans,article,,../data/disaster_news/articles/2020_06_25_gardian_1.txt
2020-06-22T10:00:23Z,New York congressional race: fight to unseat senior party figure splits Democrats,https://www.theguardian.com/us-news/2020/jun/22/new-york-congressional-race-fight-to-unseat-senior-party-figure-splits-democrats,article,,../data/disaster_news/articles/2020_06_22_gardian_2.txt
2020-06-08T10:23:42Z,First Thing: can cities live without police? Minneapolis may find out,https://www.theguardian.com/us-news/2020/jun/08/first-thing-can-cities-live-without-police-minneapolis-may-find-out,article,,../data/disaster_news/articles/2020_06_08_gardian_3.txt
2020-06-24T20:01:46Z,'Too early to call': why it's unlikely we'll have a winner on US election night,https://www.theguardian.com/us-news/2020/jun/24/us-2020-election-results-delays-kentucky-primary,article,,../data/disaster_news/articles/2020_06_24_gardian_4.txt
2020-06-25T11:14:02Z,First Thing: Trump winds down pandemic response as cases ramp up,https://www.theguardian.com/us-news/2020/jun/25/first-thing-trump-winds-down-pandemic-response-as-cases-ramp-up,article,,../data/disaster_news/articles/2020_06_25_gardian_5.txt
2020-06-24T21:35:37Z,Long lines and delayed results: key takeaways from the latest US primaries,https://www.theguardian.com/us-news/2020/jun/24/us-primaries-new-york-kentucky-north-carolina,article,,../data/disaster_news/articles/2020_06_24_gardian_6.txt
2020-06-17T10:31:15Z,First Thing: Trump is undermining America's coronavirus recovery,https://www.theguardian.com/us-news/2020/jun/17/first-thing-trump-is-undermining-americas-coronavirus-recovery,article,,../data/disaster_news/articles/2020_06_17_gardian_7.txt
2020-06-23T21:08:46Z,Trump family tries to block publication of book by president's niece – report,https://www.theguardian.com/us-news/2020/jun/23/mary-trump-book-family-court-block-publication,article,,../data/disaster_news/articles/2020_06_23_gardian_8.txt
2020-06-18T00:53:11Z,Bolton's book shows it's still possible to be shocked by Trump's presidency,https://www.theguardian.com/us-news/2020/jun/18/boltons-bombshell-book-shows-its-still-possible-to-be-shocked-by-trumps-presidency,article,,../data/disaster_news/articles/2020_06_18_gardian_9.txt
2020-06-24T10:19:39Z,First Thing: coronavirus has brought the US 'to its knees',https://www.theguardian.com/us-news/2020/jun/24/first-thing-coronavirus-brought-us-knees,article,,../data/disaster_news/articles/2020_06_24_gardian_10.txt
2020-06-12T12:05:53Z,First Thing: racism is now officially a public health emergency,https://www.theguardian.com/us-news/2020/jun/12/first-thing-racism-is-now-officially-a-public-health-emergency,article,,../data/disaster_news/articles/2020_06_12_gardian_11.txt
2020-06-25T12:47:42Z,'Revel in the grubby wilderness': how to spot nature from lockdown,https://www.theguardian.com/us-news/2020/jun/25/urban-nature-wildlife-windows-stoops-parks-pandemic,article,,../data/disaster_news/articles/2020_06_25_gardian_12.txt
2020-06-02T20:33:08Z,Americans vote in primaries amid Covid-19 and mass protests,https://www.theguardian.com/us-news/2020/jun/02/democratic-primaries-vote-amid-covid-mass-protests,article,,../data/disaster_news/articles/2020_06_02_gardian_13.txt
2020-06-26T09:15:36Z,Key findings: the Guardian's water poverty investigation in 12 US cities,https://www.theguardian.com/us-news/2020/jun/26/running-drinking-water-poverty-us-cities,article,,../data/disaster_news/articles/2020_06_26_gardian_14.txt
2020-06-23T14:00:48Z,'An embarrassment': Trump's justice department goes quiet on voting rights,https://www.theguardian.com/us-news/2020/jun/23/us-justice-department-voting-rights-2020-election,article,,../data/disaster_news/articles/2020_06_23_gardian_15.txt
2020-06-15T14:19:35Z,‘Who are we?’ Joe Biden seizes the moment as nation's attitude shifts on race,https://www.theguardian.com/us-news/2020/jun/15/joe-biden-race-reforms-democrat-seizes-moment,article,,../data/disaster_news/articles/2020_06_15_gardian_16.txt
2020-06-14T17:30:51Z,'All lies': how the US military covered up gunning down two journalists in Iraq,https://www.theguardian.com/us-news/2020/jun/15/all-lies-how-the-us-military-covered-up-gunning-down-two-journalists-in-iraq,article,,../data/disaster_news/articles/2020_06_14_gardian_17.txt
2020-06-07T06:00:43Z,A week that shook a nation: anger burns as power of protests leaves Trump exposed,https://www.theguardian.com/us-news/2020/jun/06/america-george-floyd-protests-trump,article,,../data/disaster_news/articles/2020_06_07_gardian_18.txt
