webPublicationDate,webTitle,webUrl,type,disaster_type,path
2020-02-11T11:00:02Z,Shannen Doherty reveals terminal cancer amid wildfire insurance battle,https://www.theguardian.com/us-news/2020/feb/11/shannen-doherty-terminal-cancer-wildfire-insurance,article,wildfire,../data/disaster_news/articles/2020_02_11_gardian_0.txt
2020-02-29T11:00:43Z,Where do the 2020 Democratic candidates stand on the climate crisis?,https://www.theguardian.com/us-news/2020/feb/29/democratic-candidates-environment-climate-change,article,,../data/disaster_news/articles/2020_02_29_gardian_1.txt
2020-02-21T11:00:52Z,Dry February sends California back to drought: 'This hasn't happened in 150 years',https://www.theguardian.com/us-news/2020/feb/21/california-drought-february-rain-snow-pack-sierra,article,drought,../data/disaster_news/articles/2020_02_21_gardian_2.txt
2020-02-08T11:00:35Z,After the wildfires: tourist firms in California's wine country say no one is coming,https://www.theguardian.com/us-news/2020/feb/08/guerneville-wine-country-climate-crisis-business,article,wildfire,../data/disaster_news/articles/2020_02_08_gardian_3.txt
2020-02-21T11:00:52Z,"$45m, 1.6bn views and ‘Crazy Donald’: How Bloomberg bought your Facebook feed",https://www.theguardian.com/us-news/2020/feb/21/mike-bloomberg-facebook-ad-campaign,article,,../data/disaster_news/articles/2020_02_21_gardian_4.txt
2020-02-01T16:04:31Z,"Welcome to Iowa, the temporary center of America's political universe",https://www.theguardian.com/us-news/2020/feb/01/iowa-caucuses-temporary-center-america-political-universe-us-election-2020-democrats,article,,../data/disaster_news/articles/2020_02_01_gardian_5.txt
2020-02-23T17:14:28Z,New Orleans: two people killed by Mardi Gras floats in one week,https://www.theguardian.com/us-news/2020/feb/23/mardi-gras-floats-new-orleans-two-killed,article,,../data/disaster_news/articles/2020_02_23_gardian_6.txt
2020-02-01T02:42:10Z,"Republicans clear final hurdle to acquittal, and other takeaways from impeachment today",https://www.theguardian.com/us-news/2020/jan/31/trump-impeachment-trial-takeaways-witnesses,article,,../data/disaster_news/articles/2020_02_01_gardian_7.txt
2020-02-28T06:00:08Z,The majority-black city blocked from electing black officials,https://www.theguardian.com/us-news/2020/feb/28/alabama-pleasant-grove-fight-to-vote,article,,../data/disaster_news/articles/2020_02_28_gardian_8.txt
2020-02-01T04:18:14Z,"Senators vote against hearing witnesses, paving way for Trump acquittal",https://www.theguardian.com/us-news/2020/jan/31/trump-impeachment-trial-senate-democrats,article,,../data/disaster_news/articles/2020_02_01_gardian_9.txt
2020-02-13T09:00:03Z,How America's shrinking cities can 'rightsize',https://www.theguardian.com/us-news/2020/feb/13/us-shrinking-cities-rightsize,article,,../data/disaster_news/articles/2020_02_13_gardian_10.txt
2020-02-13T11:00:00Z,'War on the poor': Las Vegas's homelessness crackdown takes effect,https://www.theguardian.com/us-news/2020/feb/13/las-vegas-homeless-sleeping-ban-no-lodging,article,,../data/disaster_news/articles/2020_02_13_gardian_11.txt
2020-02-06T10:00:36Z,Will Trump's acquittal pose problems for Democrats in the 2020 elections?,https://www.theguardian.com/us-news/2020/feb/06/democrats-trump-impeachment-battle-elections,article,,../data/disaster_news/articles/2020_02_06_gardian_12.txt
2020-02-04T16:02:19Z,'People were breaking down crying': Iowa vote-counters tell of caucus debacle,https://www.theguardian.com/us-news/2020/feb/04/iowa-caucus-debacle-democrats-vote-counters-app,article,,../data/disaster_news/articles/2020_02_04_gardian_13.txt
2020-02-23T07:00:44Z,Can Mike Bloomberg come back from his Democratic debate debacle?,https://www.theguardian.com/us-news/2020/feb/23/mike-bloomberg-democratic-2020-election-chances,article,,../data/disaster_news/articles/2020_02_23_gardian_14.txt
2020-02-07T16:31:07Z,Republicans feel bullish about 2020 as Trump revels in 'incredible' week,https://www.theguardian.com/us-news/2020/feb/07/trump-good-week-impeachment-iowa-democrats,article,,../data/disaster_news/articles/2020_02_07_gardian_15.txt
2020-02-08T06:00:29Z,'It's stunning how far they've fallen': Iowa app farce shows Democrats' tech slump,https://www.theguardian.com/us-news/2020/feb/08/the-democrats-have-fallen-iowa-debacle-shows-party-has-fallen-behind-in-the-tech-race,article,,../data/disaster_news/articles/2020_02_08_gardian_16.txt
2020-02-24T08:00:15Z,Can Mike Bloomberg buy his way to the White House?,https://www.theguardian.com/us-news/2020/feb/24/can-bloomberg-win-white-house-with-money,article,,../data/disaster_news/articles/2020_02_24_gardian_17.txt
2020-02-05T11:00:08Z,Iowa and the grand tradition of election tech mishaps,https://www.theguardian.com/us-news/2020/feb/05/iowa-election-tech-issues-florida,article,,../data/disaster_news/articles/2020_02_05_gardian_18.txt
2020-02-08T07:00:30Z,'Real power is fear': what Machiavelli tells us about Trump in 2020,https://www.theguardian.com/us-news/2020/feb/08/real-power-is-fear-donald-trump-machiavelli-boucheron,article,,../data/disaster_news/articles/2020_02_08_gardian_19.txt
