webPublicationDate,webTitle,webUrl,type,disaster_type,path
2020-11-11T18:43:11Z,Florida braced for Eta as new study finds hurricanes staying stronger for longer,https://www.theguardian.com/us-news/2020/nov/11/eta-storm-florida-hurricane-category-1-landfall,article,hurricane,../data/disaster_news/articles/2020_11_11_gardian_0.txt
2020-11-24T01:26:04Z,Dianne Feinstein to step down as top Democrat on Senate judiciary panel,https://www.theguardian.com/us-news/2020/nov/23/dianne-feinstein-senate-judiciary-committee,article,,../data/disaster_news/articles/2020_11_24_gardian_1.txt
2020-11-03T11:00:03Z,Pennsylvania: the battleground state most likely to take entire election with it,https://www.theguardian.com/us-news/2020/nov/03/pennsylvania-votes-electoral-college-election-battleground,article,,../data/disaster_news/articles/2020_11_03_gardian_2.txt
2020-11-27T10:35:30Z,‘Mini desk. Tiny hands. Small soul’: Trump mocked for giving speech at little table,https://www.theguardian.com/us-news/2020/nov/27/mini-desk-trump-mocked-speech-little-table-diaperdon-twitter-president-furniture,article,,../data/disaster_news/articles/2020_11_27_gardian_3.txt
2020-11-11T11:05:36Z,Prop 22: why Uber's victory in California could harm gig workers nationwide,https://www.theguardian.com/us-news/2020/nov/11/california-proposition-22-uber-lyft-doordash-labor-laws,article,,../data/disaster_news/articles/2020_11_11_gardian_4.txt
2020-11-09T10:00:07Z,"Goodbye Trump, hello Biden: how America is waving goodbye to a shocking, shameful era",https://www.theguardian.com/us-news/2020/nov/09/joe-biden-challenge-unite-america,article,,../data/disaster_news/articles/2020_11_09_gardian_5.txt
2020-11-06T19:57:45Z,Los Angeles: progressive challenger ousts top prosecutor Jackie Lacey,https://www.theguardian.com/us-news/2020/nov/06/jackie-lacey-george-gascon-los-angeles-district-attorney-winner,article,,../data/disaster_news/articles/2020_11_06_gardian_6.txt
2020-11-15T11:00:32Z,'Customers are calling us crying': scams and soaring prices as Californians move out,https://www.theguardian.com/us-news/2020/nov/15/leaving-california-exodus-move-out-movers,article,,../data/disaster_news/articles/2020_11_15_gardian_7.txt
2020-11-07T01:19:06Z,Why is the Nevada vote count taking so long?,https://www.theguardian.com/us-news/2020/nov/06/why-is-the-nevada-vote-count-taking-so-long-us-election-2020,article,,../data/disaster_news/articles/2020_11_07_gardian_8.txt
2020-11-02T18:08:12Z,'Putin could only dream of it': how Trump became the biggest source of disinformation in 2020,https://www.theguardian.com/us-news/2020/nov/02/trump-us-election-disinformation-russia,article,,../data/disaster_news/articles/2020_11_02_gardian_9.txt
2020-11-13T16:21:31Z,"Making America grrr-eat again: Major and Champ, the Bidens' 'first dogs'",https://www.theguardian.com/us-news/2020/nov/13/first-dogs-major-champ-joe-biden-white-house,article,,../data/disaster_news/articles/2020_11_13_gardian_10.txt
2020-11-24T11:13:20Z,Trump tentatively agrees to transition | First Thing,https://www.theguardian.com/us-news/2020/nov/24/first-thing-trump-finally-agrees-to-a-presidential-transition,article,,../data/disaster_news/articles/2020_11_24_gardian_11.txt
2020-11-03T07:00:49Z,US election 2020: a guide to what will happen on Tuesday – and beyond,https://www.theguardian.com/us-news/2020/nov/03/us-election-2020-results-guide-what-will-happen,article,,../data/disaster_news/articles/2020_11_03_gardian_12.txt
2020-11-30T10:00:03Z,Five factors that helped US democracy resist Trump's election onslaught,https://www.theguardian.com/us-news/2020/nov/30/how-us-democracy-survived-trump-election-lies-misinformation,article,,../data/disaster_news/articles/2020_11_30_gardian_13.txt
2020-11-05T15:00:31Z,Fight to Vote: what election experts warned about versus what really happened,https://www.theguardian.com/us-news/2020/nov/05/fight-to-vote-us-election-newsletter-experts-results,article,,../data/disaster_news/articles/2020_11_05_gardian_14.txt
2020-11-03T02:56:23Z,US braces for historic election amid fears democracy is in danger,https://www.theguardian.com/us-news/2020/nov/02/us-election-biden-trump-campaign-bus,article,,../data/disaster_news/articles/2020_11_03_gardian_15.txt
2020-11-26T06:00:49Z,"'All we could do was run': the strange story of Gerald, the turkey who terrorized a city",https://www.theguardian.com/us-news/2020/nov/25/oakland-turkey-gerald-attack-rose-garden,article,,../data/disaster_news/articles/2020_11_26_gardian_16.txt
2020-11-01T09:45:16Z,Wisconsin battles rapid rise in Covid cases amid partisan disputes over safety,https://www.theguardian.com/us-news/2020/nov/01/wisconsin-battles-rapid-rise-covid-cases-amid-partisan-disputes-safety,article,,../data/disaster_news/articles/2020_11_01_gardian_17.txt
2020-11-12T16:28:12Z,Barack Obama: 'Americans spooked by black man in White House' led to Trump presidency,https://www.theguardian.com/us-news/2020/nov/12/barack-obama-memoir-donald-trump,article,,../data/disaster_news/articles/2020_11_12_gardian_18.txt
2020-11-04T02:00:53Z,Voting proceeds smoothly across US despite fears of unrest,https://www.theguardian.com/us-news/2020/nov/03/us-voting-proceeds-smoothly-despite-fears,article,,../data/disaster_news/articles/2020_11_04_gardian_19.txt
2020-11-11T07:15:31Z,Loser: Donald Trump derided defeat – now he must live with it,https://www.theguardian.com/us-news/2020/nov/11/donald-trump-loser-president,article,,../data/disaster_news/articles/2020_11_11_gardian_20.txt
2020-11-16T08:00:02Z,America's flawed democracy: the five key areas where it is failing,https://www.theguardian.com/us-news/2020/nov/16/america-flawed-democracy-five-key-areas,article,,../data/disaster_news/articles/2020_11_16_gardian_21.txt
