webPublicationDate,webTitle,webUrl,type,disaster_type,path
2020-09-16T20:30:37Z,Weatherwatch: how strong winds made US wildfires worse,https://www.theguardian.com/us-news/2020/sep/16/weatherwatch-how-strong-winds-made-us-wildfires-worse,article,wildfire,../data/disaster_news/articles/2020_09_16_gardian_0.txt
2020-09-06T16:20:17Z,California's record-breaking heatwave sparks wildfires and raises health concerns,https://www.theguardian.com/us-news/2020/sep/06/california-dangerous-record-breaking-heatwave,article,heatwave,../data/disaster_news/articles/2020_09_06_gardian_1.txt
2020-09-30T06:30:31Z,America's year of fire and tempests means climate crisis just got very real,https://www.theguardian.com/us-news/2020/sep/30/climate-crisis-americans-wildfires-hurricanes-2020,article,,../data/disaster_news/articles/2020_09_30_gardian_2.txt
2020-09-12T10:00:27Z,'Unprecedented': the US west's wildfire catastrophe explained,https://www.theguardian.com/us-news/2020/sep/12/california-oregon-washington-fires-explained-climate-change,article,wildfire,../data/disaster_news/articles/2020_09_12_gardian_3.txt
2020-09-25T23:43:32Z,California braces for dangerous heat as wildfire battle continues,https://www.theguardian.com/us-news/2020/sep/25/california-heatwave-temperatures-wildfires,article,wildfire,../data/disaster_news/articles/2020_09_25_gardian_4.txt
2020-09-15T10:06:48Z,First Thing: Trump says 'science doesn't know' what's causing wildfires,https://www.theguardian.com/us-news/2020/sep/15/first-thing-trump-says-science-doesnt-know-whats-causing-wildfires,article,wildfire,../data/disaster_news/articles/2020_09_15_gardian_5.txt
2020-09-02T23:23:57Z,California braces for record heat even as wildfire smoke keeps windows closed,https://www.theguardian.com/us-news/2020/sep/02/california-heatwave-wildfire-smoke-air-quality-covid-19,article,wildfire,../data/disaster_news/articles/2020_09_02_gardian_6.txt
2020-09-26T10:00:13Z,California fires: local groups fill in gaps as Black and Latino communities are left to prepare on their own,https://www.theguardian.com/us-news/2020/sep/26/california-disaster-groups-black-latino-wildfires,article,,../data/disaster_news/articles/2020_09_26_gardian_7.txt
2020-09-06T16:25:06Z,More than 200 campers rescued from California lake as wildfires spread,https://www.theguardian.com/us-news/2020/sep/05/us-west-coast-heatwave-california,article,wildfire,../data/disaster_news/articles/2020_09_06_gardian_8.txt
2020-09-03T10:00:07Z,My family built our dream home in the woods. It was no match for wildfire,https://www.theguardian.com/us-news/2020/sep/03/california-hennessy-fire-dream-home-wildfire,article,wildfire,../data/disaster_news/articles/2020_09_03_gardian_9.txt
2020-09-09T12:00:56Z,California wildfires torch record 2m acres as new blazes force evacuations,https://www.theguardian.com/world/2020/sep/08/california-wildfires-torch-2m-acres-blazes-force-evacuations,article,wildfire,../data/disaster_news/articles/2020_09_09_gardian_10.txt
2020-09-08T10:00:19Z,What a big Covid-era earthquake would mean for the Bay Area,https://www.theguardian.com/us-news/2020/sep/08/san-francisco-bay-area-earthquake-coronavirus-housing,article,earthquake,../data/disaster_news/articles/2020_09_08_gardian_11.txt
2020-09-20T08:30:40Z,Charleston aims to force fossil fuel companies to pay $2bn to combat climate crisis,https://www.theguardian.com/us-news/2020/sep/20/charleston-force-fossil-fuel-companies-pay-2bn-combat-climate-crisis,article,,../data/disaster_news/articles/2020_09_20_gardian_12.txt
2020-09-19T05:00:08Z,'Too late to stop it': California's future hinges on managing megafires,https://www.theguardian.com/us-news/2020/sep/18/california-fires-wildfires-future-housing,article,,../data/disaster_news/articles/2020_09_19_gardian_13.txt
2020-09-23T21:06:11Z,Bobcat fire: officials investigate whether southern California utility sparked blaze,https://www.theguardian.com/us-news/2020/sep/23/bobcat-wildfire-mountains-los-angeles,article,,../data/disaster_news/articles/2020_09_23_gardian_14.txt
2020-09-19T09:00:12Z,"Officials baselessly linked 'antifa' to arson before wildfires, documents show",https://www.theguardian.com/us-news/2020/sep/19/police-antifa-arson-wildfire-conspiracy-theories,article,wildfire,../data/disaster_news/articles/2020_09_19_gardian_15.txt
2020-09-07T10:00:03Z,Homeless Californians face new crisis: living outside in smoke-filled air,https://www.theguardian.com/us-news/2020/sep/07/homeless-wildfire-smoke-breathing-california,article,,../data/disaster_news/articles/2020_09_07_gardian_16.txt
2020-09-09T20:37:10Z,"'Good morning, hell': Californians awake to apocalyptic skies as wildfires rage",https://www.theguardian.com/us-news/2020/sep/09/orange-sky-california-fires-smoke-san-francisco,article,wildfire,../data/disaster_news/articles/2020_09_09_gardian_17.txt
2020-09-22T12:05:13Z,He fought wildfires while imprisoned. California reported him to Ice for deportation,https://www.theguardian.com/us-news/2020/sep/22/california-inmate-firefighter-ice-deportation,article,wildfire,../data/disaster_news/articles/2020_09_22_gardian_18.txt
2020-09-08T23:48:13Z,Hundreds of thousands brace for power shutoffs as California fires burn 2m acres,https://www.theguardian.com/us-news/2020/sep/08/california-fires-power-shutoffs-pge,article,,../data/disaster_news/articles/2020_09_08_gardian_19.txt
2020-09-15T01:38:29Z,US fires: Oregon wildfires kill at least 10 while 22 people are still missing,https://www.theguardian.com/us-news/2020/sep/14/us-west-fires-nearly-all-missing-people-accounted-for-deaths-smoke-air-quality,article,wildfire,../data/disaster_news/articles/2020_09_15_gardian_20.txt
2020-09-17T10:30:15Z,"First Thing: 'I was in Trump's grip, and I couldn't get out of it'",https://www.theguardian.com/us-news/2020/sep/17/first-thing-i-was-in-trumps-grip-and-i-couldnt-get-out-of-it,article,,../data/disaster_news/articles/2020_09_17_gardian_21.txt
2020-09-02T10:00:06Z,A California family faced 14 wildfires in six years. Nothing prepared them for this year's inferno,https://www.theguardian.com/us-news/2020/sep/02/california-lnu-lightning-complex-fire-survivors,article,wildfire,../data/disaster_news/articles/2020_09_02_gardian_22.txt
2020-09-30T12:57:21Z,'There's a lot of hurt': four years of fire take toll on California's wine country,https://www.theguardian.com/us-news/2020/sep/30/california-wine-country-four-years-fires,article,,../data/disaster_news/articles/2020_09_30_gardian_23.txt
2020-09-13T05:00:51Z,Smoke over Paradise stirs painful memories of California's deadliest fire,https://www.theguardian.com/us-news/2020/sep/13/paradise-california-fire-widlfires,article,,../data/disaster_news/articles/2020_09_13_gardian_24.txt
2020-09-12T08:30:25Z,"As fires burn the west, top Democrats stay quiet on the climate crisis",https://www.theguardian.com/us-news/2020/sep/12/wildfires-democrats-climate-crisis,article,,../data/disaster_news/articles/2020_09_12_gardian_25.txt
2020-09-21T10:00:21Z,'Not a normal childhood': California parents struggle as Covid and fires collide,https://www.theguardian.com/us-news/2020/sep/21/parenting-coronavirus-wildfires-california,article,,../data/disaster_news/articles/2020_09_21_gardian_26.txt
2020-09-30T15:43:39Z,"Northern California fires rage on as hot, dry weather holds",https://www.theguardian.com/us-news/2020/sep/30/northern-california-fires-zogg-hot-dry-weather,article,,../data/disaster_news/articles/2020_09_30_gardian_27.txt
2020-09-07T04:32:49Z,California blaze caused by firework at gender-reveal party,https://www.theguardian.com/us-news/2020/sep/07/california-fire-caused-by-explosive-at-gender-reveal-party,article,,../data/disaster_news/articles/2020_09_07_gardian_28.txt
2020-09-14T20:57:22Z,Biden calls Trump a 'climate arsonist' as president denies science,https://www.theguardian.com/us-news/2020/sep/14/biden-trump-wildfires-messages-campaign-trail-california,article,,../data/disaster_news/articles/2020_09_14_gardian_29.txt
2020-09-09T07:00:07Z,'Our democracy is deeply imperiled': how democratic norms are under threat ahead of the US election,https://www.theguardian.com/us-news/2020/sep/09/us-election-trump-democracy-imperiled,article,,../data/disaster_news/articles/2020_09_09_gardian_30.txt
2020-09-09T10:00:11Z,"Trauma, fear, homelessness: life after California's deadliest fire shows the future of climate crisis",https://www.theguardian.com/us-news/2020/sep/09/trauma-fear-homelessness-paradise-camp-fire-migrants-climate-change,article,,../data/disaster_news/articles/2020_09_09_gardian_31.txt
2020-09-01T23:51:00Z,Animal Crossing: Biden campaign offers virtual yard signs in Nintendo game,https://www.theguardian.com/us-news/2020/sep/01/animal-crossing-joe-biden-kamala-harris-campaign-signs,article,,../data/disaster_news/articles/2020_09_01_gardian_32.txt
2020-09-22T09:00:10Z,The fight for Florida's Latino voters: Biden courts Puerto Ricans as Trump rallies Cubans,https://www.theguardian.com/us-news/2020/sep/22/florida-latino-voters-trump-rallies-cubans-biden-courts-puerto-ricans,article,,../data/disaster_news/articles/2020_09_22_gardian_33.txt
2020-09-01T10:00:33Z,'I'm still hurting': encounter with Phoenix police leaves teenage girl with permanent burn scars,https://www.theguardian.com/weather/2020/sep/01/im-still-hurting-encounter-with-phoenix-police-leaves-teenage-girl-with-permanent-burn-scars,article,,../data/disaster_news/articles/2020_09_01_gardian_34.txt
2020-09-29T10:21:58Z,Debate offers Trump chance to yank stubbornly stable 2020 race his way,https://www.theguardian.com/us-news/2020/sep/29/donald-trump-joe-biden-presidential-debate-cleveland,article,,../data/disaster_news/articles/2020_09_29_gardian_35.txt
2020-09-08T10:11:44Z,First Thing: vice-presidential candidates launch campaign season in Wisconsin,https://www.theguardian.com/us-news/2020/sep/08/first-thing-vice-presidential-candidates-launch-campaign-season-in-wisconsin,article,,../data/disaster_news/articles/2020_09_08_gardian_36.txt
2020-09-25T09:53:37Z,First Thing: would Republicans really stop Trump disrupting the election?,https://www.theguardian.com/us-news/2020/sep/25/first-thing-would-republicans-really-stop-trump-disrupting-the-election,article,,../data/disaster_news/articles/2020_09_25_gardian_37.txt
2020-09-14T10:40:44Z,First Thing: Trump flouts Covid regulations with another indoor rally,https://www.theguardian.com/us-news/2020/sep/14/first-thing-trump-flouts-covid-regulations-with-another-indoor-rally,article,,../data/disaster_news/articles/2020_09_14_gardian_38.txt
2020-09-14T07:00:22Z,Just 50 days until a US election both sides see as an existential struggle,https://www.theguardian.com/us-news/2020/sep/14/us-election-50-days-donald-trump-joe-biden,article,,../data/disaster_news/articles/2020_09_14_gardian_39.txt
2020-09-11T10:23:00Z,First Thing: Biden slams Trump's 'almost criminal' coronavirus response,https://www.theguardian.com/us-news/2020/sep/11/first-thing-biden-slams-trumps-almost-criminal-coronavirus-response,article,,../data/disaster_news/articles/2020_09_11_gardian_40.txt
2020-09-10T18:54:39Z,Oregon fires: evacuated prisoners sleep on floor in packed Covid-19 hotspot,https://www.theguardian.com/us-news/2020/sep/10/oregon-fires-prisoners-evacuated-covid-19,article,,../data/disaster_news/articles/2020_09_10_gardian_41.txt
