webPublicationDate,webTitle,webUrl,type,disaster_type,path
2020-12-30T09:00:07Z,California's wildfire hell: how 2020 became the state's worst ever fire season,https://www.theguardian.com/us-news/2020/dec/30/california-wildfires-north-complex-record,article,wildfire,../data/disaster_news/articles/2020_12_30_gardian_0.txt
2020-12-26T11:00:13Z,LA's Covid 'tsunami': inside the new center of America's raging pandemic,https://www.theguardian.com/us-news/2020/dec/26/los-angeles-coronavirus-surge-hospitals,article,,../data/disaster_news/articles/2020_12_26_gardian_1.txt
2020-12-15T13:04:25Z,Major winter storm to bring deep snow and power outages to US east coast,https://www.theguardian.com/us-news/2020/dec/15/winter-storm-snow-power-outages-us-east-coast,article,storm,../data/disaster_news/articles/2020_12_15_gardian_2.txt
2020-12-17T11:13:25Z,"Biden to get Covid vaccine in days, but mega storm threatens rollout | First Thing",https://www.theguardian.com/us-news/2020/dec/17/first-thing-joe-biden-get-covid-vaccine-days-winter-storm-rollout,article,storm,../data/disaster_news/articles/2020_12_17_gardian_3.txt
2020-12-30T17:29:20Z,US approves sale of $290m in bombs to Saudi Arabia,https://www.theguardian.com/us-news/2020/dec/30/us-approves-sale-of-290m-in-bombs-to-saudi-arabia,article,,../data/disaster_news/articles/2020_12_30_gardian_4.txt
2020-12-04T16:05:10Z,California: powerful winds ease but extreme fire danger remains due to dry conditions,https://www.theguardian.com/us-news/2020/dec/04/california-powerful-winds-ease-extreme-fire-danger-remains-dry-conditions,article,,../data/disaster_news/articles/2020_12_04_gardian_5.txt
2020-12-28T23:12:11Z,Outrage over planned New Year's Eve gatherings as Los Angeles faces crush of Covid cases,https://www.theguardian.com/us-news/2020/dec/28/los-angeles-coronavirus-new-years-eve-events,article,,../data/disaster_news/articles/2020_12_28_gardian_6.txt
2020-12-23T10:00:42Z,Our favorite photos from 2020: how Guardian US saw the year,https://www.theguardian.com/us-news/2020/dec/23/guardian-us-favorite-photos-2020,article,,../data/disaster_news/articles/2020_12_23_gardian_7.txt
2020-12-11T11:00:26Z,A crisis of invisibility: inside San Francisco's planned Native American cultural center,https://www.theguardian.com/us-news/2020/dec/11/san-francisco-native-americans-the-village-cultural-district,article,,../data/disaster_news/articles/2020_12_11_gardian_8.txt
2020-12-30T10:54:48Z,Mutant strain of coronavirus reaches the US | First Thing,https://www.theguardian.com/us-news/2020/dec/30/first-thing-mutant-strain-of-coronavirus-reaches-the-us,article,,../data/disaster_news/articles/2020_12_30_gardian_9.txt
2020-12-06T10:00:06Z,Joe Biden's staff nominations are early test of relationship with progressives,https://www.theguardian.com/us-news/2020/dec/06/joe-biden-progressives-staff-nominations-democrats,article,,../data/disaster_news/articles/2020_12_06_gardian_10.txt
2020-12-15T02:45:39Z,Barr couldn't pass Trump's loyalty test: shredding the US constitution – analysis,https://www.theguardian.com/us-news/2020/dec/14/bill-barr-donald-trump-resignation-us-constitution,article,,../data/disaster_news/articles/2020_12_15_gardian_11.txt
2020-12-29T11:00:40Z,‘People are terrified’: a coronavirus surge across California’s prisons renews calls for releases,https://www.theguardian.com/us-news/2020/dec/29/california-coronavirus-cases-prison-system,article,,../data/disaster_news/articles/2020_12_29_gardian_12.txt
2020-12-13T11:00:04Z,California could allow mass evictions to begin during the worst Covid surge yet,https://www.theguardian.com/us-news/2020/dec/13/california-mass-evictions-renters-covid-19-surge,article,,../data/disaster_news/articles/2020_12_13_gardian_13.txt
2020-12-14T23:08:16Z,New York City restaurant workers fear for livelihoods as indoor dining banned,https://www.theguardian.com/us-news/2020/dec/14/new-york-city-restaurants-indoor-dining-banned,article,,../data/disaster_news/articles/2020_12_14_gardian_14.txt
2020-12-24T06:23:56Z,Donald Trump expected to grant more pardons to allies in frenzied final month,https://www.theguardian.com/us-news/2020/dec/24/donald-trump-pardons-president-whats-next,article,,../data/disaster_news/articles/2020_12_24_gardian_15.txt
2020-12-29T06:00:35Z,Newt Gingrich: Democrats are trying to 'brainwash the entire next generation',https://www.theguardian.com/us-news/2020/dec/29/newt-gingrich-democrats-brainwash-next-generation-trump-us-politics,article,,../data/disaster_news/articles/2020_12_29_gardian_16.txt
2020-12-31T11:00:38Z,What happened when California tried to fix its homelessness crisis as the pandemic arrived,https://www.theguardian.com/us-news/2020/dec/31/california-homelessness-initiative-faltered-project-roomkey-pandemic,article,,../data/disaster_news/articles/2020_12_31_gardian_17.txt
2020-12-17T15:30:03Z,Fight to vote: the most important voting rights stories of the year,https://www.theguardian.com/us-news/2020/dec/17/fight-to-vote-newsletter-top-stories-election-2020,article,,../data/disaster_news/articles/2020_12_17_gardian_18.txt
2020-12-01T11:20:14Z,Trump’s science-skeptic advisor resigns as his election hopes narrow | First Thing,https://www.theguardian.com/us-news/2020/dec/01/first-thing-trumps-science-skeptic-advisor-resigns-as-his-election-hopes-narrow,article,,../data/disaster_news/articles/2020_12_01_gardian_19.txt
2020-12-18T10:49:31Z,Devastating day as US shatters coronavirus records | First Thing,https://www.theguardian.com/us-news/2020/dec/18/first-thing-devastating-day-as-us-shatters-coronavirus-records,article,,../data/disaster_news/articles/2020_12_18_gardian_20.txt
2020-12-13T11:00:05Z,AOC's cooking live streams perfect the recipe for making politics palatable,https://www.theguardian.com/us-news/2020/dec/13/aoc-cooking-live-streams-politics,article,,../data/disaster_news/articles/2020_12_13_gardian_21.txt
2020-12-06T11:00:07Z,'Flexing their power': how America's richest zip code stays exclusive,https://www.theguardian.com/us-news/2020/dec/06/atherton-california-wealthy-zip-code-zoning,article,,../data/disaster_news/articles/2020_12_06_gardian_22.txt
2020-12-10T07:00:41Z,'It's surreal': the US officials facing violent threats as Trump claims voter fraud,https://www.theguardian.com/us-news/2020/dec/09/trump-voter-fraud-threats-violence-militia,article,,../data/disaster_news/articles/2020_12_10_gardian_23.txt
2020-12-15T12:00:05Z,"As Biden won the presidency, Republicans cemented their grip on power for the next decade",https://www.theguardian.com/us-news/2020/dec/15/gerrymandering-republicans-map-charts-states,article,,../data/disaster_news/articles/2020_12_15_gardian_24.txt
