webPublicationDate,webTitle,webUrl,type,disaster_type,path
2020-01-18T19:33:20Z,Storm to bring snow and strong winds in move from midwest to north-east,https://www.theguardian.com/us-news/2020/jan/18/winter-storm-snow-midwest-north-east-weather,article,storm,../data/disaster_news/articles/2020_01_18_gardian_0.txt
2020-01-22T11:00:23Z,'A perfect storm': US census imperiled by Trump rhetoric and growing distrust,https://www.theguardian.com/us-news/2020/jan/22/us-census-trump-rhetoric-distrust-undercount,article,storm,../data/disaster_news/articles/2020_01_22_gardian_1.txt
2020-01-24T11:31:32Z,"US briefing: China's lockdown grows, wildfires and American neo-Nazis",https://www.theguardian.com/us-news/2020/jan/24/us-briefing-china-lockdown-grows-wildfires-and-american-neo-nazis,article,wildfire,../data/disaster_news/articles/2020_01_24_gardian_2.txt
2020-01-11T00:27:04Z,'Politics of love': the end of Marianne Williamson's bizarre and mesmerizing campaign,https://www.theguardian.com/us-news/2020/jan/10/marianne-williamson,article,,../data/disaster_news/articles/2020_01_11_gardian_3.txt
2020-01-31T14:02:22Z,California housing bill’s failure comes amid fierce debate on how to solve crisis,https://www.theguardian.com/us-news/2020/jan/31/california-housing-crisis-bill-failure-debate,article,,../data/disaster_news/articles/2020_01_31_gardian_4.txt
2020-01-08T20:55:25Z,The optics of Trump's announcement: America stands ready to strike,https://www.theguardian.com/us-news/2020/jan/08/trump-iran-announcement-optics,article,,../data/disaster_news/articles/2020_01_08_gardian_5.txt
2020-01-07T16:52:59Z,US air force says fighter jet test is 'coincidence' after Trump's Iran threat,https://www.theguardian.com/us-news/2020/jan/07/us-air-force-test-52-fighter-jets-coincidence-trump-iran-threat,article,,../data/disaster_news/articles/2020_01_07_gardian_6.txt
2020-01-11T20:34:40Z,"Lou Ferrigno, TV's Incredible Hulk, to be sheriff's deputy in New Mexico",https://www.theguardian.com/us-news/2020/jan/11/lou-ferrigno-televisions-incredible-hulk-to-join-new-mexicos-sheriffs-deputies,article,,../data/disaster_news/articles/2020_01_11_gardian_7.txt
2020-01-23T00:28:29Z,Coronavirus outbreak: doctors use robot to treat first known US patient,https://www.theguardian.com/us-news/2020/jan/22/coronavirus-doctors-use-robot-to-treat-first-known-us-patient,article,,../data/disaster_news/articles/2020_01_23_gardian_8.txt
2020-01-17T19:26:31Z,Pro-gun activists threaten to kill state lawmaker over bill they misunderstood,https://www.theguardian.com/us-news/2020/jan/17/virginia-lee-carter-school-strike-bill-guns,article,,../data/disaster_news/articles/2020_01_17_gardian_9.txt
2020-01-23T00:00:28Z,Trump tweets his way to a record on impeachment day,https://www.theguardian.com/us-news/2020/jan/22/trump-impeachment-tweet-record,article,,../data/disaster_news/articles/2020_01_23_gardian_10.txt
2020-01-10T09:30:33Z,'It makes sense': the trailer park that could be Trump's presidential library,https://www.theguardian.com/us-news/2020/jan/10/trump-presidential-library-florida-briny-breezes,article,,../data/disaster_news/articles/2020_01_10_gardian_11.txt
2020-01-24T23:24:55Z,"Bernie Sanders 'must reconsider' Joe Rogan endorsement, says LGBTQ group",https://www.theguardian.com/us-news/2020/jan/24/bernie-sanders-joe-rogan-human-rights-campaign,article,,../data/disaster_news/articles/2020_01_24_gardian_12.txt
2020-01-30T15:38:51Z,Mike Pompeo aims to smooth relations with Kyiv on Ukraine visit,https://www.theguardian.com/us-news/2020/jan/30/mike-pompeo-aims-to-smooth-relations-with-kyiv-on-ukraine-visit,article,,../data/disaster_news/articles/2020_01_30_gardian_13.txt
2020-01-03T09:00:00Z,Trump bids to shore up evangelical support with visit to Miami megachurch,https://www.theguardian.com/us-news/2020/jan/03/trump-evangelicals-religious-right-miami-hispanic-megachurch,article,,../data/disaster_news/articles/2020_01_03_gardian_14.txt
2020-01-21T11:00:53Z,"Distrust of police is major driver of US gun violence, report warns",https://www.theguardian.com/us-news/2020/jan/21/police-gun-violence-trust-report,article,,../data/disaster_news/articles/2020_01_21_gardian_15.txt
2020-01-18T11:00:26Z,'The red wall is cracking': Buttigieg gets ovation after expecting protests,https://www.theguardian.com/us-news/2020/jan/18/pete-buttigieg-iowa-conservative-election-2020,article,,../data/disaster_news/articles/2020_01_18_gardian_16.txt
2020-01-23T00:24:54Z,Case for impeachment fails to disturb McConnell's sweet dreams of acquittal,https://www.theguardian.com/us-news/2020/jan/22/impeachment-trial-mcconnell-sleep-schiff,article,,../data/disaster_news/articles/2020_01_23_gardian_17.txt
2020-01-18T14:59:09Z,Alan Dershowitz: Trump impeachment acquittal would make me unhappy,https://www.theguardian.com/us-news/2020/jan/18/donald-trump-impeachment-news-today-alan-dershowitz,article,,../data/disaster_news/articles/2020_01_18_gardian_18.txt
2020-01-04T16:34:17Z,Klobuchar gains momentum in Iowa – but can a centrist hope to win there?,https://www.theguardian.com/us-news/2020/jan/04/amy-klobuchar-iowa-democrats-2020-election,article,,../data/disaster_news/articles/2020_01_04_gardian_19.txt
2020-01-09T15:37:20Z,The biggest voting rights win in recent US history – and the Republicans trying to thwart it,https://www.theguardian.com/us-news/2020/jan/09/florida-voting-rights-felons-amendement-4,article,,../data/disaster_news/articles/2020_01_09_gardian_20.txt
