webPublicationDate,webTitle,webUrl,type,disaster_type,path
2020-08-16T19:14:56Z,California wildfire spawns ‘firenado’ as tornado warning issued amid heatwave,https://www.theguardian.com/us-news/2020/aug/16/california-wildfire-spawns-firenado-tornado-warning-issued,article,heatwave,../data/disaster_news/articles/2020_08_16_gardian_0.txt
2020-08-29T20:00:25Z,Hurricane Laura: Donald Trump visits storm-lashed Louisiana and Texas,https://www.theguardian.com/us-news/2020/aug/29/hurricane-laura-donald-trump-visits-louisiana-texas,article,hurricane,../data/disaster_news/articles/2020_08_29_gardian_1.txt
2020-08-26T16:32:15Z,‘People are scared’: Texans brace for Hurricane Laura as storm approaches,https://www.theguardian.com/us-news/2020/aug/26/hurricane-laura-texas,article,storm,../data/disaster_news/articles/2020_08_26_gardian_2.txt
2020-08-23T19:47:28Z,‘An impossible choice’: farmworkers pick a paycheck over health despite smoke-filled air,https://www.theguardian.com/us-news/2020/aug/22/california-farmworkers-wildfires-air-quality-coronavirus,article,,../data/disaster_news/articles/2020_08_23_gardian_3.txt
2020-08-26T16:21:10Z,Hurricane Laura: storm to bring 'unsurvivable surge' of destruction to US Gulf coast,https://www.theguardian.com/us-news/2020/aug/25/hurricane-laura-texas-louisiana-healthcare-workers-coronavirus,article,storm,../data/disaster_news/articles/2020_08_26_gardian_4.txt
2020-08-26T23:43:02Z,Thousands flee US Gulf coastline as Hurricane Laura prompts fears of 20ft storm surge,https://www.theguardian.com/us-news/2020/aug/26/hurricane-laura-louisiana-texas-storm-surge-evacuation,article,storm,../data/disaster_news/articles/2020_08_26_gardian_5.txt
2020-08-28T16:27:52Z,Hurricane Laura levels homes and causes deaths as one of US's strongest ever storms,https://www.theguardian.com/us-news/2020/aug/28/hurricane-laura-deaths-destruction-us-strongest-ever-storm,article,storm,../data/disaster_news/articles/2020_08_28_gardian_6.txt
2020-08-22T00:07:09Z,California's wildfires explained: how did they start – and is this normal?,https://www.theguardian.com/us-news/2020/aug/21/california-wildfires-explained-q-and-a-weather-smoke,article,wildfire,../data/disaster_news/articles/2020_08_22_gardian_7.txt
2020-08-26T10:00:20Z,‘Wake-up call’: wildfires tear through drought-plagued US south-west,https://www.theguardian.com/us-news/2020/aug/26/wildfires-us-south-west-colorado-arizona-new-mexico-utah,article,wildfire,../data/disaster_news/articles/2020_08_26_gardian_8.txt
2020-08-27T15:08:36Z,Laura makes landfall: images show damage and destruction of powerful hurricane,https://www.theguardian.com/us-news/2020/aug/27/hurricane-laura-images-show-damage-destruction-powerful-storm,article,hurricane,../data/disaster_news/articles/2020_08_27_gardian_9.txt
2020-08-28T12:16:12Z,'Devastation everywhere': Louisiana city wakes up to storm's aftermath,https://www.theguardian.com/us-news/2020/aug/27/hurricane-laura-louisiana-devastation-lake-charles,article,storm,../data/disaster_news/articles/2020_08_28_gardian_10.txt
2020-08-20T09:15:17Z,How the climate crisis is already harming America – photo essay,https://www.theguardian.com/us-news/2020/aug/20/climate-crisis-environment-america,article,,../data/disaster_news/articles/2020_08_20_gardian_11.txt
2020-08-30T10:00:34Z,'Our house is ash and rubble:' fleeing a wildfire while eight months pregnant,https://www.theguardian.com/us-news/2020/aug/30/california-wildfires-lake-fire-pregnant-evacuees-displaced,article,wildfire,../data/disaster_news/articles/2020_08_30_gardian_12.txt
2020-08-27T19:55:36Z,‘Gutting experience’: California fire evacuees begin to return home to assess the damage,https://www.theguardian.com/us-news/2020/aug/27/california-wildfires-evacuees-cal-fire,article,,../data/disaster_news/articles/2020_08_27_gardian_13.txt
2020-08-27T10:19:25Z,"First Thing: Pence promises to make America great again, again",https://www.theguardian.com/us-news/2020/aug/27/first-thing-pence-promises-make-america-great-again-again,article,,../data/disaster_news/articles/2020_08_27_gardian_14.txt
2020-08-21T22:15:39Z,California wildfires torch area bigger than Rhode Island as resources stretched thin,https://www.theguardian.com/us-news/2020/aug/21/california-wildfires-latest-bay-area-lightning,article,wildfire,../data/disaster_news/articles/2020_08_21_gardian_15.txt
2020-08-20T04:13:04Z,California wildfires: thousands evacuate as 'siege' of flames overwhelms state,https://www.theguardian.com/us-news/2020/aug/19/california-fires-lake-dome-evacuations,article,wildfire,../data/disaster_news/articles/2020_08_20_gardian_16.txt
2020-08-31T10:00:05Z,'Everything around us is destroyed': four friends started a farm. They didn't plan for a raging wildfire,https://www.theguardian.com/us-news/2020/aug/31/california-wildfires-farm-fire-crews,article,wildfire,../data/disaster_news/articles/2020_08_31_gardian_17.txt
2020-08-28T10:06:46Z,First Thing: Trump argues – for more than an hour – that Biden will destroy US,https://www.theguardian.com/us-news/2020/aug/28/first-thing-trump-argues-for-more-than-an-hour-that-biden-will-destroy-us,article,,../data/disaster_news/articles/2020_08_28_gardian_18.txt
2020-08-17T06:08:03Z,Death Valley temperature rises to 129.9F – possibly the hottest ever reliably recorded,https://www.theguardian.com/us-news/2020/aug/17/death-valley-temperature-rises-to-544c-possibly-the-hottest-ever-reliably-recorded,article,,../data/disaster_news/articles/2020_08_17_gardian_19.txt
2020-08-28T19:00:26Z,California wildfires: firefighters make progress as evacuation orders are lifted,https://www.theguardian.com/us-news/2020/aug/28/california-wildfires-progress-evacuation-lnu-scu,article,wildfire,../data/disaster_news/articles/2020_08_28_gardian_20.txt
2020-08-21T01:58:41Z,California wildfires: firefighters stretched thin as blazes grow rapidly,https://www.theguardian.com/us-news/2020/aug/20/california-wildfires-latest-lightning-fire-bay-area,article,wildfire,../data/disaster_news/articles/2020_08_21_gardian_21.txt
2020-08-17T10:30:03Z,First Thing: Trump's USPS cuts are 'a crisis for US democracy',https://www.theguardian.com/us-news/2020/aug/17/first-thing-trumps-usps-cuts-are-a-crisis-for-us-democracy,article,,../data/disaster_news/articles/2020_08_17_gardian_22.txt
2020-08-26T17:06:28Z,California firefighters make headway on blazes with help from cooler weather,https://www.theguardian.com/us-news/2020/aug/26/california-fires-weather-lightning-complex,article,,../data/disaster_news/articles/2020_08_26_gardian_23.txt
2020-08-27T05:22:30Z,False claims and a grim message: key takeaways from night three of the RNC,https://www.theguardian.com/us-news/2020/aug/26/rnc-night-three-mike-pence-trump-biden-covid-19,article,,../data/disaster_news/articles/2020_08_27_gardian_24.txt
2020-08-25T10:04:10Z,First Thing: Republicans peddle alternate reality at convention,https://www.theguardian.com/us-news/2020/aug/25/first-thing-republicans-peddle-alternate-reality-at-convention,article,,../data/disaster_news/articles/2020_08_25_gardian_25.txt
2020-08-12T15:51:24Z,Last decade was Earth's hottest on record as climate crisis accelerates,https://www.theguardian.com/us-news/2020/aug/12/hottest-decade-climate-crisis-2019,article,,../data/disaster_news/articles/2020_08_12_gardian_26.txt
2020-08-12T10:00:02Z,'This land is all we have left': tribes on edge over giant dam proposal near Grand Canyon,https://www.theguardian.com/us-news/2020/aug/12/navajo-nation-dams-big-canyon-pumped-storage-project,article,,../data/disaster_news/articles/2020_08_12_gardian_27.txt
2020-08-17T21:58:43Z,Governor demands investigation after Californians left without power in extreme heat,https://www.theguardian.com/us-news/2020/aug/17/california-power-outages-investigation-iso-heatwave,article,,../data/disaster_news/articles/2020_08_17_gardian_28.txt
2020-08-29T06:45:01Z,What lies ahead as the US election enters the home stretch,https://www.theguardian.com/us-news/2020/aug/29/us-presidential-election-biden-trump-coronavirus,article,,../data/disaster_news/articles/2020_08_29_gardian_29.txt
2020-08-24T09:40:40Z,First Thing: Kellyanne Conway to leave Trump's White House,https://www.theguardian.com/us-news/2020/aug/24/first-thing-kellyanne-conway-to-leave-donald-trump-white-house,article,,../data/disaster_news/articles/2020_08_24_gardian_30.txt
2020-08-21T10:15:03Z,First Thing: Biden accepts presidential nomination as Bannon arrested for fraud,https://www.theguardian.com/us-news/2020/aug/21/first-thing-biden-accepts-presidential-nomination-as-bannon-arrested-for,article,,../data/disaster_news/articles/2020_08_21_gardian_31.txt
2020-08-28T10:30:35Z,Texas struggles with Covid tests as contact tracers bombarded,https://www.theguardian.com/us-news/2020/aug/28/texas-coronavirus-covid-tests-contact-tracers,article,,../data/disaster_news/articles/2020_08_28_gardian_32.txt
2020-08-26T10:16:55Z,First Thing: an unprecedented night at the RNC – for possible Hatch Act violations,https://www.theguardian.com/us-news/2020/aug/26/first-thing-unprecedented-night-at-rnc-for-possible-hatch-act-violations,article,,../data/disaster_news/articles/2020_08_26_gardian_33.txt
2020-08-27T05:10:58Z,Republican convention delivers whirlwind of lies great and small,https://www.theguardian.com/us-news/2020/aug/27/republican-convention-lies-trump-rnc,article,,../data/disaster_news/articles/2020_08_27_gardian_34.txt
2020-08-04T07:00:02Z,Rising temperatures will cause more deaths than all infectious diseases – study,https://www.theguardian.com/us-news/2020/aug/04/rising-global-temperatures-death-toll-infectious-diseases-study,article,,../data/disaster_news/articles/2020_08_04_gardian_35.txt
2020-08-27T20:48:34Z,Kamala Harris assails Donald Trump's 'reckless disregard' for American people,https://www.theguardian.com/us-news/2020/aug/27/kamala-harris-donald-trump-reckless-disregard,article,,../data/disaster_news/articles/2020_08_27_gardian_36.txt
