webPublicationDate,webTitle,webUrl,type,disaster_type,path
2021-03-26T15:03:11Z,Multiple tornadoes tear across US south-east causing deaths and wreckage,https://www.theguardian.com/us-news/2021/mar/26/tornadoes-us-south-east-alabama-deaths,article,tornado,../data/disaster_news/articles/2021_03_26_gardian_0.txt
2021-03-06T10:00:30Z,"California’s wildfire smoke could be more harmful than vehicle emissions, study says",https://www.theguardian.com/us-news/2021/mar/06/california-wildfire-smoke-harmful-pollution-study,article,wildfire,../data/disaster_news/articles/2021_03_06_gardian_1.txt
2021-03-05T10:00:33Z,The Katrina survivors who fled devastation only to freeze in Texas,https://www.theguardian.com/us-news/2021/mar/05/texas-freeze-hurricane-katrina-survivors,article,,../data/disaster_news/articles/2021_03_05_gardian_2.txt
2021-03-03T17:53:38Z,Scramble on to replace Neera Tanden after nomination met perfect storm,https://www.theguardian.com/us-news/2021/mar/03/neera-tanden-analysis-biden-cabinet-nomination,article,storm,../data/disaster_news/articles/2021_03_03_gardian_3.txt
2021-03-09T08:00:50Z,Undocumented Texans are reeling from last month’s storm – and they’re cut off from federal aid,https://www.theguardian.com/us-news/2021/mar/09/texas-storm-undocumented-federal-aid,article,storm,../data/disaster_news/articles/2021_03_09_gardian_4.txt
2021-03-10T16:07:06Z,Hawaii governor declares emergency after floods and landslides,https://www.theguardian.com/us-news/2021/mar/10/hawaii-landslides-emergency-declaration-weather-rain-floods,article,flood,../data/disaster_news/articles/2021_03_10_gardian_5.txt
2021-03-11T20:13:43Z,Hawaii: flooding forces evacuations as officials warn 'this is climate change' ,https://www.theguardian.com/us-news/2021/mar/11/hawaii-flooding-evacuations-climate-crisis,article,,../data/disaster_news/articles/2021_03_11_gardian_6.txt
2021-03-04T07:00:39Z,‘There’s no excuse for this’: thousands in Mississippi city still without water weeks after storms,https://www.theguardian.com/environment/2021/mar/04/mississippi-city-without-water-weeks-after-storms,article,storm,../data/disaster_news/articles/2021_03_04_gardian_7.txt
2021-03-15T18:18:13Z,FBI arrests two men for 'bear spray' assault on Capitol officer who later died,https://www.theguardian.com/us-news/2021/mar/15/brian-sicknick-death-arrests-capitol-attack-bear-spray,article,,../data/disaster_news/articles/2021_03_15_gardian_8.txt
2021-03-03T21:27:29Z,"California’s snowpack signals another dry year, prompting calls to save water",https://www.theguardian.com/us-news/2021/mar/03/california-snowpack-water-supply-shortage-conservation,article,,../data/disaster_news/articles/2021_03_03_gardian_9.txt
2021-03-02T23:40:23Z,Texas governor lifts mask mandate and declares: 'It's time to open 100%',https://www.theguardian.com/us-news/2021/mar/02/texas-governor-ends-mask-mandate-and-declares-it,article,,../data/disaster_news/articles/2021_03_02_gardian_10.txt
2021-03-23T11:05:38Z,Boulder supermarket shooting leaves 10 dead | First Thing,https://www.theguardian.com/us-news/2021/mar/23/first-thing-boulder-supermarket-shooting-leaves-10-dead,article,,../data/disaster_news/articles/2021_03_23_gardian_11.txt
2021-03-27T06:00:05Z,Portrait of a capitol rioter: openly antisemitic with a Hitler-style mustache and a military career,https://www.theguardian.com/us-news/2021/mar/27/capitol-insurrection-white-supremacists-us-military,article,,../data/disaster_news/articles/2021_03_27_gardian_12.txt
2021-03-10T10:52:27Z,House poised to pass 'remarkable' Covid relief bill | First Thing,https://www.theguardian.com/us-news/2021/mar/10/first-thing-house-poised-to-pass-remarkable-covid-relief-bill,article,,../data/disaster_news/articles/2021_03_10_gardian_13.txt
2021-03-18T16:30:25Z,The woman seeking to unseat Republican extremist Marjorie Taylor Greene,https://www.theguardian.com/us-news/2021/mar/18/democrats-holly-mccormack-republican-extremist-marjorie-taylor-greene,article,,../data/disaster_news/articles/2021_03_18_gardian_14.txt
2021-03-12T11:27:24Z,"All adults eligible for Covid vaccine by May, Biden says | First Thing",https://www.theguardian.com/us-news/2021/mar/12/first-thing-all-adults-eligible-for-covid-vaccine-by-may-biden-says,article,,../data/disaster_news/articles/2021_03_12_gardian_15.txt
2021-03-23T10:00:04Z,Plan to expand Texas highway stalled over environmental racism concerns,https://www.theguardian.com/us-news/2021/mar/23/plan-to-expand-texas-highway-stalled-over-environmental-racism-concerns,article,,../data/disaster_news/articles/2021_03_23_gardian_16.txt
2021-03-10T16:02:14Z,Texans scramble to get vaccinated after Republican governor says no more masks,https://www.theguardian.com/us-news/2021/mar/10/texas-vaccine-mask-mandate-lifted-governor-greg-abbott,article,,../data/disaster_news/articles/2021_03_10_gardian_17.txt
2021-03-03T08:00:12Z,"Donations, fees and sales: the funds that maintain the White House’s ‘museum quality’",https://www.theguardian.com/us-news/2021/mar/03/white-house-historical-association-jackie-kennedy-boris-johnson,article,,../data/disaster_news/articles/2021_03_03_gardian_18.txt
2021-03-12T11:00:09Z,"'Kern runs on oil': as California confronts climate crisis, one county is ready to drill",https://www.theguardian.com/us-news/2021/mar/12/kern-oil-field,article,,../data/disaster_news/articles/2021_03_12_gardian_19.txt
2021-03-26T15:35:46Z,Naked woman rescued from Florida sewer after driver hears her screaming,https://www.theguardian.com/us-news/2021/mar/26/florida-woman-rescued-sewer,article,,../data/disaster_news/articles/2021_03_26_gardian_20.txt
2021-03-14T18:28:53Z,Pelosi says Biden inherited broken system at the border as Fema deployed ,https://www.theguardian.com/us-news/2021/mar/14/biden-fema-migrant-children-surge-mexico-border,article,,../data/disaster_news/articles/2021_03_14_gardian_21.txt
2021-03-27T20:32:58Z,Republican senator Ted Cruz mocked for documentary-style trip to US-Mexico border,https://www.theguardian.com/us-news/2021/mar/27/ted-cruz-us-mexico-border-immigration,article,,../data/disaster_news/articles/2021_03_27_gardian_22.txt
2021-03-03T20:33:21Z,Biden accuses Republican governors of 'Neanderthal thinking' over plans to reopen,https://www.theguardian.com/us-news/2021/mar/03/us-coronavirus-covid-states-mask-mandates-reopening-businesses-vaccines,article,,../data/disaster_news/articles/2021_03_03_gardian_23.txt
2021-03-15T18:12:17Z,Gavin Newsom vows to 'fight' potential recall election with launch of new Pac,https://www.theguardian.com/us-news/2021/mar/15/gavin-newsom-fight-potential-recall-election-california,article,,../data/disaster_news/articles/2021_03_15_gardian_24.txt
2021-03-26T19:36:49Z,Republicans and Democrats send dueling delegations to US border,https://www.theguardian.com/us-news/2021/mar/26/us-border-immigration-republicans-democrats,article,,../data/disaster_news/articles/2021_03_26_gardian_25.txt
2021-03-06T10:00:30Z,"Mail-in voting did not swell turnout or boost Democrats, study finds",https://www.theguardian.com/us-news/2021/mar/06/mail-in-voting-democrats-2020-election-study,article,,../data/disaster_news/articles/2021_03_06_gardian_26.txt
2021-03-23T10:00:07Z,'She's representing all of us': the story behind Deb Haaland's swearing-in dress,https://www.theguardian.com/us-news/2021/mar/23/deb-haaland-swearing-in-skirt-dress-agnes-woodward,article,,../data/disaster_news/articles/2021_03_23_gardian_27.txt
2021-03-30T19:59:06Z,Hunter Biden calls Trump 'vile' in new book and denies Ukraine allegations,https://www.theguardian.com/us-news/2021/mar/30/hunter-biden-book-donald-trump-vile-beautiful-things-ukraine,article,,../data/disaster_news/articles/2021_03_30_gardian_28.txt
2021-03-10T06:00:17Z,"Bagels, pizza and egomania: five things California does better than New York",https://www.theguardian.com/us-news/2021/mar/09/bagels-pizza-and-egomania-5-things-california-does-better-than-new-york,article,,../data/disaster_news/articles/2021_03_10_gardian_29.txt
2021-03-04T21:58:15Z,White House defends Biden’s ‘Neanderthal thinking’ comment on ending mask mandates,https://www.theguardian.com/us-news/2021/mar/04/biden-mask-mandate-texas-neanderthal-thinking-greg-abbott,article,,../data/disaster_news/articles/2021_03_04_gardian_30.txt
2021-03-04T15:00:08Z,Republicans used oil industry-backed study to criticize Deb Haaland,https://www.theguardian.com/us-news/2021/mar/04/republicans-used-oil-industry-backed-study-to-criticize-deb-haaland,article,,../data/disaster_news/articles/2021_03_04_gardian_31.txt
2021-03-30T10:00:39Z,LGBTQ+ people face 'starkly' higher Covid risk: 'Needs aren't being met',https://www.theguardian.com/us-news/2021/mar/30/coronavirus-lgbt-pandemic-impact-cases-deaths,article,,../data/disaster_news/articles/2021_03_30_gardian_32.txt
2021-03-04T11:00:43Z,"Most alleged Capitol rioters unconnected to extremist groups, analysis finds",https://www.theguardian.com/us-news/2021/mar/04/us-capitol-attack-individual-extremist-far-right-groups,article,,../data/disaster_news/articles/2021_03_04_gardian_33.txt
2021-03-19T06:00:51Z,Is there a crisis at the border? Advocates in Texas say it's 'political manipulation',https://www.theguardian.com/us-news/2021/mar/18/us-mexico-immigration-border-crisis,article,,../data/disaster_news/articles/2021_03_19_gardian_34.txt
2021-03-08T07:00:25Z,'We're making our way': how Virginia became the most progressive southern state,https://www.theguardian.com/us-news/2021/mar/07/us-virginia-progressive-southern-state,article,,../data/disaster_news/articles/2021_03_08_gardian_35.txt
2021-03-19T13:41:15Z,'We need to cry out': Atlanta's Asian American community reacts to shootings,https://www.theguardian.com/us-news/2021/mar/19/atlanta-spa-shootings-residents-asian-american-community,article,,../data/disaster_news/articles/2021_03_19_gardian_36.txt
2021-03-25T11:12:48Z,Daily gun crime soared in the US last year | First Thing,https://www.theguardian.com/us-news/2021/mar/25/first-thing-daily-gun-soared-in-us-last-year,article,,../data/disaster_news/articles/2021_03_25_gardian_37.txt
2021-03-07T11:00:00Z,'A rising from the ashes': seeds of hope in San Francisco after tragic year for the most vulnerable,https://www.theguardian.com/us-news/2021/mar/07/san-francisco-covid-coronavirus-homeless-marginalized,article,,../data/disaster_news/articles/2021_03_07_gardian_38.txt
2021-03-15T11:22:44Z,Stacey Abrams slams 'Jim Crow' voting reforms in Georgia | First Thing,https://www.theguardian.com/us-news/2021/mar/15/first-thing-stacey-abrams-slams-jim-crow-voting-reforms-in-georgia,article,,../data/disaster_news/articles/2021_03_15_gardian_39.txt
2021-03-14T07:00:24Z,A year of living dangerously: how Andrew Cuomo fell from grace ,https://www.theguardian.com/us-news/2021/mar/14/andrew-cuomo-unraveling-sexual-harassment-bullying-nursing-homes,article,,../data/disaster_news/articles/2021_03_14_gardian_40.txt
2021-03-06T18:42:47Z,Biden's FDR moment? President in New Deal-like push that could cement his legacy,https://www.theguardian.com/us-news/2021/mar/06/biden-new-deal-economic-infrastructure-plan-politics,article,,../data/disaster_news/articles/2021_03_06_gardian_41.txt
2021-03-01T11:00:17Z,A Texas city had a bold new climate plan – until a gas company got involved,https://www.theguardian.com/us-news/2021/mar/01/a-texas-city-had-a-bold-new-climate-plan-until-a-gas-company-got-involved,article,,../data/disaster_news/articles/2021_03_01_gardian_42.txt
