webPublicationDate,webTitle,webUrl,type,disaster_type,path
2021-02-04T06:00:27Z,California hit by flooding after storm brings heavy rain,https://www.theguardian.com/us-news/2021/feb/04/california-hit-by-flooding-after-storm-brings-heavy-rain,article,storm,../data/disaster_news/articles/2021_02_04_gardian_0.txt
2021-02-18T06:00:26Z,Weatherwatch: deadly winter storm sweeps Texas,https://www.theguardian.com/us-news/2021/feb/18/weatherwatch-deadly-winter-storm-sweeps-texas,article,storm,../data/disaster_news/articles/2021_02_18_gardian_1.txt
2021-02-17T09:00:15Z,Winter storm amplifies power grid inequalities for disadvantaged Texans,https://www.theguardian.com/us-news/2021/feb/17/texas-winter-storm-power-outages,article,storm,../data/disaster_news/articles/2021_02_17_gardian_2.txt
2021-02-17T06:50:57Z,US conservatives falsely blame renewables for Texas storm outages ,https://www.theguardian.com/us-news/2021/feb/17/conservatives-falsely-blame-renewables-for-texas-storm-outages,article,storm,../data/disaster_news/articles/2021_02_17_gardian_3.txt
2021-02-26T11:00:14Z,Texas facilities released 3.5m pounds of extra pollutants during winter storm,https://www.theguardian.com/us-news/2021/feb/26/texas-emissions-pollutants-winter-storm,article,storm,../data/disaster_news/articles/2021_02_26_gardian_4.txt
2021-02-18T22:22:27Z,Millions of Texans struggle for drinking water following deadly winter storm,https://www.theguardian.com/us-news/2021/feb/18/texas-millions-struggle-drinking-water-winter-storm,article,storm,../data/disaster_news/articles/2021_02_18_gardian_5.txt
2021-02-17T14:20:02Z,US mayor quits after telling residents it's 'sink or swim' amid deadly snowstorm,https://www.theguardian.com/us-news/2021/feb/17/texas-mayor-tom-boyd-quits-storm-sink-or-swim,article,,../data/disaster_news/articles/2021_02_17_gardian_6.txt
2021-02-16T16:50:39Z,Texas homeless face limited options for food and warmth amid winter storm,https://www.theguardian.com/us-news/2021/feb/16/texas-storm-snow-homeless-food-warmth-struggle,article,storm,../data/disaster_news/articles/2021_02_16_gardian_7.txt
2021-02-18T18:17:35Z,'Don't let him back in': backlash as Cruz caught leaving Texas for Mexico,https://www.theguardian.com/us-news/2021/feb/18/ted-cruz-texas-mexico-backlash-cancun-photos,article,,../data/disaster_news/articles/2021_02_18_gardian_8.txt
2021-02-11T11:00:12Z,California's rainfall is at historic lows. That spells trouble for wildfires and farms,https://www.theguardian.com/us-news/2021/feb/11/california-dry-weather-drought-wildfire-agriculture,article,wildfire,../data/disaster_news/articles/2021_02_11_gardian_9.txt
2021-02-01T11:40:22Z,Trump appoints impeachment legal team at last hour | First Thing,https://www.theguardian.com/us-news/2021/feb/01/first-thing-trump-appoints-impeachment-legal-team-at-last-hour,article,,../data/disaster_news/articles/2021_02_01_gardian_10.txt
2021-02-14T23:43:02Z,Texas sees one of its coldest winters in decades as temperatures drop,https://www.theguardian.com/us-news/2021/feb/14/texas-weather-latest-freezing-ice-winter,article,,../data/disaster_news/articles/2021_02_14_gardian_11.txt
2021-02-06T10:00:38Z,Seditionaries: FBI net closes on Maga mob that stormed the Capitol,https://www.theguardian.com/us-news/2021/feb/06/us-capitol-insurrection-fbi-investigation,article,,../data/disaster_news/articles/2021_02_06_gardian_12.txt
2021-02-17T13:53:10Z,Kamala Harris promises federal relief for Texas victims of winter storms,https://www.theguardian.com/us-news/2021/feb/17/kamala-harris-covid-vaccine-all-americans-july,article,storm,../data/disaster_news/articles/2021_02_17_gardian_13.txt
2021-02-20T07:00:25Z,Why the cold weather caused huge Texas blackouts – a visual explainer,https://www.theguardian.com/us-news/2021/feb/20/texas-power-grid-explainer-winter-weather,article,,../data/disaster_news/articles/2021_02_20_gardian_14.txt
2021-02-18T20:47:11Z,Republican leaders in Texas face growing backlash as power crisis deepens,https://www.theguardian.com/us-news/2021/feb/18/republicans-texas-power-winter-storm,article,,../data/disaster_news/articles/2021_02_18_gardian_15.txt
2021-02-17T01:37:47Z,Millions without power and 21 dead as ferocious winter weather sweeps US,https://www.theguardian.com/us-news/2021/feb/16/texas-weather-snow-storm-latest-news-power-outages-deaths,article,,../data/disaster_news/articles/2021_02_17_gardian_16.txt
2021-02-11T08:00:05Z,"'If white people were still here, this wouldn’t happen': the majority-Black town flooded with sewage",https://www.theguardian.com/us-news/2021/feb/11/centreville-illinois-flooding-sewage-overflow,article,,../data/disaster_news/articles/2021_02_11_gardian_17.txt
2021-02-13T06:00:07Z,The Good American review: Bob Gersony and a better foreign policy,https://www.theguardian.com/us-news/2021/feb/13/the-good-american-review-bob-gersony-robert-d-kaplan,article,,../data/disaster_news/articles/2021_02_13_gardian_18.txt
2021-02-18T09:00:29Z,The Texans facing blackouts and burst pipes: 'Do I wait for the ceiling to cave in?',https://www.theguardian.com/us-news/2021/feb/18/texas-snow-winter-storm-blackout-power-water,article,,../data/disaster_news/articles/2021_02_18_gardian_19.txt
2021-02-19T01:50:59Z,Ted Cruz flies to Cancún as millions of Texans freeze in the dark,https://www.theguardian.com/us-news/2021/feb/18/ted-cruz-cancun-flight-texas-storms-holiday-senator-reports,article,,../data/disaster_news/articles/2021_02_19_gardian_20.txt
2021-02-06T11:00:39Z,California’s famed Highway 1 collapsed last week. It’s sure to happen again,https://www.theguardian.com/us-news/2021/feb/06/california-highway-1-landslide-climate-crisis,article,,../data/disaster_news/articles/2021_02_06_gardian_21.txt
2021-02-25T11:00:25Z,What the arrests of Beverly Hills residents say about the US Capitol attack,https://www.theguardian.com/us-news/2021/feb/25/beverly-hills-arrests-us-capitol-attack,article,,../data/disaster_news/articles/2021_02_25_gardian_22.txt
2021-02-10T10:00:39Z,How West Virginia's decade of bad luck steeled it to fight Covid,https://www.theguardian.com/us-news/2021/feb/10/west-virginia-covid-vaccines-taskforce,article,,../data/disaster_news/articles/2021_02_10_gardian_23.txt
2021-02-20T01:59:17Z,Biden to declare major disaster in Texas as millions hit by water shortages ,https://www.theguardian.com/us-news/2021/feb/19/texas-safe-water-access-winter-storm,article,,../data/disaster_news/articles/2021_02_20_gardian_24.txt
2021-02-01T23:10:51Z,Mysterious California sea lion deaths linked to toxic synthetic chemicals,https://www.theguardian.com/us-news/2021/feb/01/california-sea-lion-deaths-cancer-toxic-chemicals,article,,../data/disaster_news/articles/2021_02_01_gardian_25.txt
2021-02-22T11:28:04Z,"US Covid death toll won't be forgotten, Fauci warns | First Thing",https://www.theguardian.com/us-news/2021/feb/22/first-thing-us-covid-death-toll-fauci,article,,../data/disaster_news/articles/2021_02_22_gardian_26.txt
2021-02-05T17:29:15Z,Extremist Marjorie Taylor Greene loses key posts but Republicans slow to censure,https://www.theguardian.com/us-news/2021/feb/05/marjorie-taylor-greene-house-republicans-trump-congress,article,,../data/disaster_news/articles/2021_02_05_gardian_27.txt
2021-02-27T14:57:41Z,Long road to recovery: effects of devastating winter freeze to haunt Texas for years,https://www.theguardian.com/us-news/2021/feb/27/texas-freeze-storm-residents-power-outages-effects,article,,../data/disaster_news/articles/2021_02_27_gardian_28.txt
2021-02-24T10:00:15Z,'I had to pay $500 a day': freeze shows Texans true cost of unregulated power,https://www.theguardian.com/us-news/2021/feb/24/texas-energy-bills-scandal-snow-storm,article,,../data/disaster_news/articles/2021_02_24_gardian_29.txt
2021-02-19T13:54:53Z,Cruz under fire for going to Cancún while constituents freeze | First Thing,https://www.theguardian.com/us-news/2021/feb/19/first-thing-cruz-under-fire-for-holidaying-while-constituents-struggle,article,,../data/disaster_news/articles/2021_02_19_gardian_30.txt
2021-02-06T21:53:26Z,US north-east braces for second major snowstorm in a week,https://www.theguardian.com/us-news/2021/feb/06/us-snowstorm-latest-weather-super-bowl-covid,article,,../data/disaster_news/articles/2021_02_06_gardian_31.txt
2021-02-21T06:00:53Z,Texans rally to help neighbors amid big freeze as officials are caught cold,https://www.theguardian.com/us-news/2021/feb/21/texas-volunteers-neighbors-mutual-aid,article,,../data/disaster_news/articles/2021_02_21_gardian_32.txt
2021-02-18T07:00:27Z,Why is Texas suffering power blackouts during the winter freeze?,https://www.theguardian.com/us-news/2021/feb/18/why-is-texas-suffering-power-blackouts-during-the-winter-freeze,article,,../data/disaster_news/articles/2021_02_18_gardian_33.txt
2021-02-20T07:00:25Z,New stars on the American flag? Fresh hope as Puerto Rico and DC push for statehood ,https://www.theguardian.com/us-news/2021/feb/20/puerto-rico-washington-dc-statehood-politics,article,,../data/disaster_news/articles/2021_02_20_gardian_34.txt
2021-02-18T18:02:13Z,Rick Perry says Texans will endure blackouts 'to keep the government out of their business',https://www.theguardian.com/us-news/2021/feb/18/rick-perry-texans-endure-blackouts-keep-government-out,article,,../data/disaster_news/articles/2021_02_18_gardian_35.txt
2021-02-18T16:46:40Z,Texas power outages continue as more than 100m Americans on alert,https://www.theguardian.com/us-news/2021/feb/18/texas-power-winter-storm,article,,../data/disaster_news/articles/2021_02_18_gardian_36.txt
2021-02-19T15:27:18Z,Icy blast of anti-Ted Cruz outrage shows little sign of abating,https://www.theguardian.com/us-news/2021/feb/19/ted-cruz-texas-outrage-cancun,article,,../data/disaster_news/articles/2021_02_19_gardian_37.txt
2021-02-11T20:07:43Z,Texas interstate crash: at least five killed in pileup of up to 100 vehicles,https://www.theguardian.com/us-news/2021/feb/11/texas-interstate-crash-fort-worth,article,,../data/disaster_news/articles/2021_02_11_gardian_38.txt
2021-02-20T21:28:21Z,Biden approves major disaster declaration over Texas deep freeze,https://www.theguardian.com/us-news/2021/feb/20/biden-approves-major-disaster-declaration-texas-deep-freeze,article,,../data/disaster_news/articles/2021_02_20_gardian_39.txt
2021-02-04T15:00:28Z,Fight to vote: civil rights are making a comeback at the DoJ – here’s why,https://www.theguardian.com/us-news/2021/feb/04/fight-to-vote-newsletter-justice-department-civil-rights,article,,../data/disaster_news/articles/2021_02_04_gardian_40.txt
2021-02-06T19:05:34Z,Mike Pence to launch 'video podcast' with conservative group,https://www.theguardian.com/us-news/2021/feb/06/mike-pence-video-podcast-young-americas-foundation,article,,../data/disaster_news/articles/2021_02_06_gardian_41.txt
2021-02-06T06:51:51Z,Who is the Republican extremist Marjorie Taylor Greene?,https://www.theguardian.com/us-news/2021/feb/06/who-is-marjorie-taylor-greene-republican-qanon,article,,../data/disaster_news/articles/2021_02_06_gardian_42.txt
2021-02-26T08:00:10Z,"'Shivering under a pile of six blankets, I finally lost it': my week in frozen Texas hell",https://www.theguardian.com/us-news/2021/feb/26/texas-freeze-my-week-in-hell,article,,../data/disaster_news/articles/2021_02_26_gardian_43.txt
2021-02-28T11:00:11Z,'It's a toxic blend': where the kids are warned not to swallow the bath water,https://www.theguardian.com/us-news/2021/feb/28/california-east-orosi-toxic-america-water,article,,../data/disaster_news/articles/2021_02_28_gardian_44.txt
2021-02-19T17:52:08Z,Eight-year-old boy dies as migrants risk Arctic conditions to cross river into US,https://www.theguardian.com/world/2021/feb/19/eight-year-old-honduran-boy-dies-river-us-mexico-border,article,,../data/disaster_news/articles/2021_02_19_gardian_45.txt
