webPublicationDate,webTitle,webUrl,type,disaster_type,path
2021-09-16T05:00:07Z,Texas hit by floods as Tropical Storm Nicholas strikes,https://www.theguardian.com/us-news/2021/sep/16/texas-hit-by-floods-as-tropical-storm-nicholas-strikes,article,storm,../data/disaster_news/articles/2021_09_16_gardian_0.txt
2021-09-06T17:16:24Z,Biden to visit New York and New Jersey reeling from deadly storms,https://www.theguardian.com/us-news/2021/sep/06/biden-visit-new-york-new-jersey-hurricane-ida,article,storm,../data/disaster_news/articles/2021_09_06_gardian_1.txt
2021-09-03T17:28:22Z,"‘Climate crisis is here’ says Biden in week of storms, floods and wildfires",https://www.theguardian.com/us-news/2021/sep/03/climate-crisis-joe-biden-floods-wildfires-storms,article,storm,../data/disaster_news/articles/2021_09_03_gardian_2.txt
2021-09-02T01:53:34Z,Louisianans scramble for relief from heat as workers try to restore power,https://www.theguardian.com/us-news/2021/sep/01/hurricane-ida-louisiana-food-water-heat-electricity,article,,../data/disaster_news/articles/2021_09_02_gardian_3.txt
2021-09-02T14:50:27Z,14 dead in New York region amid ‘historic’ flooding caused by Ida remnants,https://www.theguardian.com/us-news/2021/sep/02/new-york-flooding-state-of-emergency-ny-city-flash-flood-nyc-hurricane-ida-remnants,article,,../data/disaster_news/articles/2021_09_02_gardian_4.txt
2021-09-14T01:50:36Z,‘It’s a reality’: Biden calls for urgency in California as climate crisis fuels wildfires,https://www.theguardian.com/us-news/2021/sep/13/california-wildfires-biden-trip-climate-crisis-links-extreme-weather,article,wildfire,../data/disaster_news/articles/2021_09_14_gardian_5.txt
2021-09-24T19:47:24Z,Fresh California wildfire prompts evacuations as forest blazes grow,https://www.theguardian.com/us-news/2021/sep/24/california-wildfires-fawn-fire-shasta-county-evacuations,article,wildfire,../data/disaster_news/articles/2021_09_24_gardian_6.txt
2021-09-01T07:20:16Z,Before and after Hurricane Ida – in pictures,https://www.theguardian.com/us-news/2021/sep/01/before-and-after-hurricane-ida-louisiana-in-pictures,article,hurricane,../data/disaster_news/articles/2021_09_01_gardian_7.txt
2021-09-02T11:03:12Z,The radical near-total abortion ban in Texas | First Thing,https://www.theguardian.com/us-news/2021/sep/02/first-thing-the-radical-near-total-abortion-ban-in-texas,article,,../data/disaster_news/articles/2021_09_02_gardian_8.txt
2021-09-14T19:51:48Z,Ancient sequoia trees threatened by growing wildfire in California’s Sierra Nevada,https://www.theguardian.com/us-news/2021/sep/14/california-wildfire-sequoia-kings-canyon-latest,article,wildfire,../data/disaster_news/articles/2021_09_14_gardian_9.txt
2021-09-15T14:37:43Z,Authorities catch 500lb alligator believed to have eaten Louisiana man,https://www.theguardian.com/us-news/2021/sep/15/louisiana-alligator-caught-death-man,article,,../data/disaster_news/articles/2021_09_15_gardian_10.txt
2021-09-01T05:00:21Z,Lake Tahoe ski resort uses snow-making machines to fight wildfire ,https://www.theguardian.com/us-news/2021/aug/31/lake-tahoe-ski-resort-uses-snow-making-machines-to-fight-wildfire,article,wildfire,../data/disaster_news/articles/2021_09_01_gardian_11.txt
2021-09-05T10:00:23Z,"How a Tahoe refuge saved owls, coyotes and raccoons from wildfire",https://www.theguardian.com/us-news/2021/sep/05/caldor-fire-animal-refuge-rescue-evacuation,article,wildfire,../data/disaster_news/articles/2021_09_05_gardian_12.txt
2021-09-10T21:12:33Z,States across American west see hottest summer on record as climate crisis rages,https://www.theguardian.com/us-news/2021/sep/10/american-west-states-hottest-summer-climate-crisis,article,,../data/disaster_news/articles/2021_09_10_gardian_13.txt
2021-09-03T11:53:18Z,"Remnants of Hurricane Ida hits north-east, killing more than 40 | First Thing",https://www.theguardian.com/us-news/2021/sep/03/first-thing-remnants-of-hurricane-ida-hits-north-eastern-us-killing-over-40,article,hurricane,../data/disaster_news/articles/2021_09_03_gardian_14.txt
2021-09-09T06:00:51Z,He ‘put everything’ into his Louisiana home. Hurricane Ida destroyed it in one day,https://www.theguardian.com/us-news/2021/sep/09/hurricane-ida-louisiana-robert-taylor-home,article,hurricane,../data/disaster_news/articles/2021_09_09_gardian_15.txt
2021-09-10T10:00:03Z,The quest to find African American graves before they’re lost to climate crisis,https://www.theguardian.com/us-news/2021/sep/10/african-american-graves-climate-crisis,article,,../data/disaster_news/articles/2021_09_10_gardian_16.txt
2021-09-06T10:00:17Z,‘I don’t have a choice’: Hurricane Ida leaves devastated Louisiana communities struggling with new reality,https://www.theguardian.com/us-news/2021/sep/06/i-dont-have-a-choice-hurricane-ida-leaves-devastated-louisiana-communities-struggling-with-new-reality,article,hurricane,../data/disaster_news/articles/2021_09_06_gardian_17.txt
2021-09-09T20:35:35Z,Lightning threatens California as fires continue to burn across the state,https://www.theguardian.com/us-news/2021/sep/09/california-fire-weather-caldor-dixie-latest,article,,../data/disaster_news/articles/2021_09_09_gardian_18.txt
2021-09-05T09:00:22Z,"New York mayor: Ida devastation shows need to prepare for ‘very, very worst’",https://www.theguardian.com/us-news/2021/sep/05/ida-extreme-weather-new-york-preparedness,article,,../data/disaster_news/articles/2021_09_05_gardian_19.txt
2021-09-03T00:44:05Z,"TikTokers flood Texas abortion whistleblower site with Shrek memes, fake reports and porn",https://www.theguardian.com/us-news/2021/sep/02/texas-abortion-law-tiktok-reddit-whistleblower,article,flood,../data/disaster_news/articles/2021_09_03_gardian_20.txt
2021-09-14T10:01:42Z,Biden says wildfires highlight climate emergency | First Thing,https://www.theguardian.com/us-news/2021/sep/14/first-thing-biden-says-wildfires-highlight-climate-emergency,article,wildfire,../data/disaster_news/articles/2021_09_14_gardian_21.txt
2021-09-15T20:13:43Z,California wildfires close Sequoia national park and prompt evacuations,https://www.theguardian.com/us-news/2021/sep/15/california-wildfire-knp-complex-latest,article,wildfire,../data/disaster_news/articles/2021_09_15_gardian_22.txt
2021-09-12T05:19:05Z,‘Ida is not the end’: Indigenous residents face the future on Louisiana’s coast – photo essay,https://www.theguardian.com/us-news/2021/sep/12/hurricane-ida-louisiana-pointe-aux-chenes-isle-de-jean-charles,article,,../data/disaster_news/articles/2021_09_12_gardian_23.txt
2021-09-02T16:05:30Z,Caldor fire: changing winds offer hope as firefighters battle blaze near Lake Tahoe,https://www.theguardian.com/world/2021/sep/02/caldor-fire-california-lake-tahoe-winds,article,,../data/disaster_news/articles/2021_09_02_gardian_24.txt
2021-09-03T21:36:50Z,‘You’re poisoning us’: Ida brings fresh hell for Cancer Alley residents already battling pollution,https://www.theguardian.com/us-news/2021/sep/03/louisiana-cancer-alley-hurricane-ida-st-james-parish,article,,../data/disaster_news/articles/2021_09_03_gardian_25.txt
2021-09-02T06:00:16Z,‘I feel abandoned’: New Orleanians swelter through days without power,https://www.theguardian.com/us-news/2021/sep/01/new-orleans-hurricane-ida-power-outage-heat,article,,../data/disaster_news/articles/2021_09_02_gardian_26.txt
2021-09-01T11:24:19Z,Biden calls for new era in foreign policy post-Afghanistan | First Thing,https://www.theguardian.com/us-news/2021/sep/01/first-thing-biden-calls-for-new-era-in-foreign-policy-post-afghanistan,article,,../data/disaster_news/articles/2021_09_01_gardian_27.txt
2021-09-22T21:30:04Z,"Crowded camps, garbage piles, extreme heat: migrants in Texas face unlivable conditions",https://www.theguardian.com/us-news/2021/sep/22/haiti-migrants-texas-us-immigration,article,,../data/disaster_news/articles/2021_09_22_gardian_28.txt
2021-09-09T10:00:03Z,Inside an Oregon hospital amid an ‘absolutely stunning’ Covid surge,https://www.theguardian.com/us-news/2021/sep/09/oregon-hospital-coronavirus-unvaccinated,article,,../data/disaster_news/articles/2021_09_09_gardian_29.txt
2021-09-04T06:00:15Z,New York floods: calls for action after 11 die in basement apartments,https://www.theguardian.com/us-news/2021/sep/04/new-york-floods-11-die-basement-apartments,article,flood,../data/disaster_news/articles/2021_09_04_gardian_30.txt
2021-09-22T10:11:30Z,Gabby Petito’s death ruled a homicide by coroner | First Thing,https://www.theguardian.com/us-news/2021/sep/22/first-thing-gabby-petito-death-ruled-a-homicide-by-coroner,article,,../data/disaster_news/articles/2021_09_22_gardian_31.txt
2021-09-01T23:18:35Z,Hiking trail where California family was found dead closed due to ‘unknown hazards’ ,https://www.theguardian.com/us-news/2021/sep/01/california-family-found-dead-hiking-trail-closed,article,,../data/disaster_news/articles/2021_09_01_gardian_32.txt
2021-09-03T10:00:25Z,California firefighters ‘stretched to limit’ as devastating blazes become the norm,https://www.theguardian.com/us-news/2021/sep/03/california-firefighters-stretched-to-limit-as-devastating-blazes-become-the-norm,article,,../data/disaster_news/articles/2021_09_03_gardian_33.txt
2021-09-15T00:31:30Z,Gavin Newsom’s political fate in balance as polls close in California recall,https://www.theguardian.com/us-news/2021/sep/14/california-governor-recall-election-gavin-newsom-latest,article,,../data/disaster_news/articles/2021_09_15_gardian_34.txt
2021-09-04T06:00:15Z,Bruised Biden tries to turn the page after US debacle in Afghanistan,https://www.theguardian.com/us-news/2021/sep/04/joe-biden-afghanistan-kabul-retreat,article,,../data/disaster_news/articles/2021_09_04_gardian_35.txt
2021-09-14T01:47:58Z,Biden joins Newsom as California governor makes final push in recall election,https://www.theguardian.com/us-news/2021/sep/13/california-recall-gavin-newsom-vote-latest,article,,../data/disaster_news/articles/2021_09_14_gardian_36.txt
2021-09-22T23:22:04Z,Biden administration to reopen migrant detention camp near Guantánamo Bay prison,https://www.theguardian.com/us-news/2021/sep/22/guantanamo-bay-migrant-camp-biden-reopen,article,,../data/disaster_news/articles/2021_09_22_gardian_37.txt
2021-09-07T10:00:45Z,DoJ vows to protect women seeking abortions in Texas | First Thing ,https://www.theguardian.com/us-news/2021/sep/07/first-thing-doj-vows-to-protect-women-seeking-abortions-in-texas,article,,../data/disaster_news/articles/2021_09_07_gardian_38.txt
2021-09-14T21:15:36Z,Larry Elder: defeated California recall challenger takes a page from Trump’s big lie playbook,https://www.theguardian.com/us-news/2021/sep/14/larry-elder-california-recall-election-trump,article,,../data/disaster_news/articles/2021_09_14_gardian_39.txt
2021-09-28T12:18:16Z,New book says Trump told Putin: I’ll act tough with you – for the cameras,https://www.theguardian.com/us-news/2021/sep/28/trump-putin-stephanie-grisham-white-house-book,article,,../data/disaster_news/articles/2021_09_28_gardian_40.txt
2021-09-15T17:39:05Z,What does Gavin Newsom’s recall victory mean for California?,https://www.theguardian.com/us-news/2021/sep/15/gavin-newsom-california-recall-victory,article,,../data/disaster_news/articles/2021_09_15_gardian_41.txt
2021-09-15T10:35:10Z,Gavin Newsom defeats recall attempt in California | First Thing,https://www.theguardian.com/us-news/2021/sep/15/first-thing-gavin-newsom-easily-survives-recall-election-attempt,article,,../data/disaster_news/articles/2021_09_15_gardian_42.txt
2021-09-12T10:00:49Z,California’s recall election: the frontrunners in a field of 46 candidates,https://www.theguardian.com/us-news/2021/sep/12/california-recall-election-candidates-larry-elder,article,,../data/disaster_news/articles/2021_09_12_gardian_43.txt
2021-09-07T10:00:07Z,Military doctors shore up exhausted health teams in US south amid Covid surge,https://www.theguardian.com/us-news/2021/sep/07/covid-us-south-military-doctors,article,,../data/disaster_news/articles/2021_09_07_gardian_44.txt
2021-09-24T13:07:02Z,"‘Sleeping in the dust’: migrants face harsh conditions in Del Rio as 5,000 remain",https://www.theguardian.com/us-news/2021/sep/24/haitian-migrants-del-rio-border-camp,article,,../data/disaster_news/articles/2021_09_24_gardian_45.txt
