webPublicationDate,webTitle,webUrl,type,disaster_type,path
2021-11-24T20:10:48Z,Southern California could face most dangerous fire weather yet over holiday,https://www.theguardian.com/us-news/2021/nov/24/southern-california-could-face-most-dangerous-fire-weather-yet-over-holiday,article,,../data/disaster_news/articles/2021_11_24_gardian_0.txt
2021-11-17T11:02:19Z,Fears death toll will rise as Pacific north-west storm wreaks havoc | First Thing,https://www.theguardian.com/us-news/2021/nov/17/first-thing-fears-death-toll-will-rise-after-pacific-north-west-storm,article,storm,../data/disaster_news/articles/2021_11_17_gardian_1.txt
2021-11-18T10:59:23Z,Troops deployed as flood devastates Pacific north-west | First Thing,https://www.theguardian.com/us-news/2021/nov/18/first-thing-troops-deployed-as-flooding-devastates-british-columbia,article,flood,../data/disaster_news/articles/2021_11_18_gardian_2.txt
2021-11-28T07:00:21Z,How Manchin and Sinema’s status as Senate holdouts is proving lucrative,https://www.theguardian.com/us-news/2021/nov/28/joe-manchin-kyrsten-sinema-build-back-better-plan,article,,../data/disaster_news/articles/2021_11_28_gardian_3.txt
2021-11-09T23:35:15Z,‘We dread summers’: dangerous ‘fire weather’ days are on the rise in northern California,https://www.theguardian.com/us-news/2021/nov/09/northern-california-wildfires-fire-weather-climate,article,,../data/disaster_news/articles/2021_11_09_gardian_4.txt
2021-11-18T15:00:08Z,This is what gerrymandering looks like | The fight to vote,https://www.theguardian.com/us-news/2021/nov/18/gerrymandering-republicans-fight-to-vote-newsletter,article,,../data/disaster_news/articles/2021_11_18_gardian_5.txt
2021-11-12T11:35:01Z,In southern California forest officials back culling trees. Locals are furious,https://www.theguardian.com/us-news/2021/nov/12/southern-california-forest-officials-culling-trees-locals-furious,article,,../data/disaster_news/articles/2021_11_12_gardian_6.txt
2021-11-10T23:03:07Z,US Capitol rioter who assaulted police officer given 41-month prison term,https://www.theguardian.com/us-news/2021/nov/10/us-capitol-attack-scott-fairlamb-jacob-chansley,article,,../data/disaster_news/articles/2021_11_10_gardian_7.txt
2021-11-17T19:02:17Z,Residents of Louisiana’s Cancer Alley hopeful for action after EPA head’s visit,https://www.theguardian.com/us-news/2021/nov/17/michael-regan-epa-louisiana-cancer-alley-visit,article,,../data/disaster_news/articles/2021_11_17_gardian_8.txt
2021-11-17T02:19:52Z,Bill Gates-backed experimental nuclear power plant heads to tiny Wyoming city,https://www.theguardian.com/us-news/2021/nov/16/bill-gates-natrium-nuclear-power-plant-wyomning-kemmerer,article,,../data/disaster_news/articles/2021_11_17_gardian_9.txt
2021-11-10T20:14:54Z,California governor skipped Cop26 to spend Halloween with his kids,https://www.theguardian.com/us-news/2021/nov/10/california-gavin-newsom-cop26-wheresgavin,article,,../data/disaster_news/articles/2021_11_10_gardian_10.txt
2021-11-21T11:00:10Z,Monarch butterflies may be thriving after years of decline. Is it a comeback?,https://www.theguardian.com/us-news/2021/nov/21/western-monarch-butterflies-migration-increase-california,article,,../data/disaster_news/articles/2021_11_21_gardian_11.txt
2021-11-16T10:44:40Z,First Thing: Biden and Xi warn each other over future of Taiwan,https://www.theguardian.com/us-news/2021/nov/16/first-thing-biden-and-xi-warn-each-other-over-future-of-taiwan,article,,../data/disaster_news/articles/2021_11_16_gardian_12.txt
2021-11-15T18:18:13Z,Beto O’Rourke to run for governor of Texas in 2022 election,https://www.theguardian.com/us-news/2021/nov/15/beto-orourke-texas-governor-greg-abbott,article,,../data/disaster_news/articles/2021_11_15_gardian_13.txt
2021-11-25T07:00:05Z,Dontae Sharpe was exonerated after 24 years in prison. That was not the end of his ordeal,https://www.theguardian.com/us-news/2021/nov/25/dontae-sharpe-exonerated-prison-pardon,article,,../data/disaster_news/articles/2021_11_25_gardian_14.txt
2021-11-14T06:00:25Z,‘Terrifying for American democracy’: is Trump planning for a 2024 coup?,https://www.theguardian.com/us-news/2021/nov/14/trump-president-2024-election-coup-republicans,article,,../data/disaster_news/articles/2021_11_14_gardian_15.txt
