webPublicationDate,webTitle,webUrl,type,disaster_type,path
2021-01-31T18:10:35Z,‘That hurricane is coming’: expert warns US to brace for virulent Covid strain,https://www.theguardian.com/us-news/2021/jan/31/us-covid-uk-variant-strain-spread,article,hurricane,../data/disaster_news/articles/2021_01_31_gardian_0.txt
2021-01-14T15:27:07Z,The last days of Pompeo: secretary of state lashes out as reign comes to an end,https://www.theguardian.com/us-news/2021/jan/14/mike-pompeo-lashes-out-reign-ends,article,,../data/disaster_news/articles/2021_01_14_gardian_1.txt
2021-01-07T19:19:11Z,World leaders react with horror to 'disgraceful' storming of US Capitol,https://www.theguardian.com/us-news/2021/jan/06/trump-blows-up-us-democracy-the-world-watches-on-in-horror,article,,../data/disaster_news/articles/2021_01_07_gardian_2.txt
2021-01-07T17:35:13Z,"Baked Alaska, the QAnon Shaman … who led the storming of the Capitol?",https://www.theguardian.com/us-news/2021/jan/07/baked-alaska-the-qanon-shaman-who-led-the-storming-of-the-capitol,article,,../data/disaster_news/articles/2021_01_07_gardian_3.txt
2021-01-07T14:46:01Z,How a mob of Trump supporters stormed the Capitol – visual guide,https://www.theguardian.com/us-news/2021/jan/07/how-a-mob-of-trump-supporters-stormed-the-capitol-visual-guide,article,,../data/disaster_news/articles/2021_01_07_gardian_4.txt
2021-01-07T03:05:11Z,US Capitol stormed: what we know so far,https://www.theguardian.com/us-news/2021/jan/07/us-capitol-stormed-what-we-know-so-far,article,,../data/disaster_news/articles/2021_01_07_gardian_5.txt
2021-01-19T21:46:09Z,Powerful winds spark new blazes in California's year-round fire 'season',https://www.theguardian.com/us-news/2021/jan/19/california-fire-climate-crisis-high-winds,article,,../data/disaster_news/articles/2021_01_19_gardian_6.txt
2021-01-07T02:15:11Z,'Anarchy in the USA': what the papers say about the storming of the US Capitol,https://www.theguardian.com/us-news/2021/jan/07/anarchy-in-the-usa-what-the-papers-say-about-the-storming-of-the-us-capitol,article,,../data/disaster_news/articles/2021_01_07_gardian_7.txt
2021-01-07T18:52:27Z,Woman shot and killed in storming of US Capitol named as Ashli Babbitt,https://www.theguardian.com/us-news/2021/jan/07/ashli-babbitt-woman-shot-and-killed-in-storming-of-us-capitol-named,article,,../data/disaster_news/articles/2021_01_07_gardian_8.txt
2021-01-07T17:11:39Z,Group of pro-Trump rioters who stormed Capitol expected in court,https://www.theguardian.com/us-news/2021/jan/07/trump-rioters-stormed-capitol-court-charges,article,,../data/disaster_news/articles/2021_01_07_gardian_9.txt
2021-01-21T20:44:55Z,California has environmental allies once again with Biden in the White House,https://www.theguardian.com/us-news/2021/jan/21/california-biden-environmental-policies-trump,article,,../data/disaster_news/articles/2021_01_21_gardian_10.txt
2021-01-18T18:00:20Z,Texas woman who stormed Capitol says she was following Trump's orders,https://www.theguardian.com/us-news/2021/jan/18/texas-woman-capitol-attack-donald-trump,article,,../data/disaster_news/articles/2021_01_18_gardian_11.txt
2021-01-18T07:00:23Z,'An unmitigated disaster': America's year of Covid,https://www.theguardian.com/world/2021/jan/18/america-year-of-covid-coronavirus-deaths-cases,article,,../data/disaster_news/articles/2021_01_18_gardian_12.txt
2021-01-07T22:27:19Z,Congress certifies Joe Biden as next president hours after storming of Capitol,https://www.theguardian.com/us-news/2021/jan/06/congress-certify-election-biden-republicans-object,article,,../data/disaster_news/articles/2021_01_07_gardian_13.txt
2021-01-07T13:03:18Z,America shaken after pro-Trump mob storms US Capitol building,https://www.theguardian.com/us-news/2021/jan/06/trump-mob-capitol-clash-police-washington,article,storm,../data/disaster_news/articles/2021_01_07_gardian_14.txt
2021-01-14T02:24:47Z,Revealed: walkie-talkie app Zello hosted far-right groups who stormed Capitol,https://www.theguardian.com/us-news/2021/jan/13/zello-app-us-capitol-attack-far-right,article,,../data/disaster_news/articles/2021_01_14_gardian_15.txt
2021-01-13T11:00:07Z,"Riots, effigies and a guillotine: state capitol protests could be a glimpse of violence to come",https://www.theguardian.com/us-news/2021/jan/13/capitol-attack-violence-far-right-trump,article,,../data/disaster_news/articles/2021_01_13_gardian_16.txt
2021-01-06T22:12:53Z,Teargas and shots fired as pro-Trump mob rampages through Congress,https://www.theguardian.com/us-news/2021/jan/06/us-capitol-lockdown-senate-trump-supporters-protesters-police,article,,../data/disaster_news/articles/2021_01_06_gardian_17.txt
2021-01-10T06:00:43Z,Saving Justice review: how Trump's Eye of Sauron burned everything – including James Comey,https://www.theguardian.com/us-news/2021/jan/10/saving-justice-review-trump-eye-of-sauron-james-comey,article,,../data/disaster_news/articles/2021_01_10_gardian_18.txt
2021-01-07T10:54:49Z,"Insurrection at the Capitol, incited by the president | First Thing",https://www.theguardian.com/us-news/2021/jan/07/first-thing-insurrection-at-capitol-incited-by-president,article,,../data/disaster_news/articles/2021_01_07_gardian_19.txt
2021-01-28T19:00:10Z,Coronavirus: South African variant identified in US for first time,https://www.theguardian.com/us-news/2021/jan/28/coronavirus-south-african-variant-identified-in-us-for-first-time,article,,../data/disaster_news/articles/2021_01_28_gardian_20.txt
2021-01-21T18:38:00Z,John Kerry commits US to climate crisis fight but warns world is way off pace,https://www.theguardian.com/us-news/2021/jan/21/john-kerry-climate-crisis-joe-biden-envoy,article,,../data/disaster_news/articles/2021_01_21_gardian_21.txt
2021-01-31T07:00:31Z,'It's endemic': state-level Republican groups lead party's drift to extremism,https://www.theguardian.com/us-news/2021/jan/30/republicans-radical-extreme-state-parties,article,,../data/disaster_news/articles/2021_01_31_gardian_22.txt
2021-01-15T21:36:15Z,Nancy Pelosi says lawmakers who aided in Capitol attack may be prosecuted,https://www.theguardian.com/us-news/2021/jan/15/nancy-pelosi-capitol-attack-lawmakers-prosecuted,article,,../data/disaster_news/articles/2021_01_15_gardian_23.txt
2021-01-07T18:30:08Z,The long list of Republicans who voted to reject election results,https://www.theguardian.com/us-news/2021/jan/07/list-republicans-voted-to-reject-election-results,article,,../data/disaster_news/articles/2021_01_07_gardian_24.txt
2021-01-21T00:05:18Z,QAnon's 'Great Awakening' failed to materialize. What's next could be worse,https://www.theguardian.com/us-news/2021/jan/20/qanon-biden-inauguration-trump-antisemitism-white-nationalism,article,,../data/disaster_news/articles/2021_01_21_gardian_25.txt
2021-01-28T17:48:59Z,"Crochet artist turns viral Bernie Sanders image into a doll that sells for $20,000",https://www.theguardian.com/us-news/2021/jan/27/bernie-sanders-meme-crochet-doll-,article,,../data/disaster_news/articles/2021_01_28_gardian_26.txt
2021-01-06T23:51:31Z,'Stand back and stand by': how Trumpism led to the Capitol siege,https://www.theguardian.com/us-news/2021/jan/06/donald-trump-armed-protest-capitol,article,,../data/disaster_news/articles/2021_01_06_gardian_27.txt
2021-01-15T18:26:38Z,Washington and state capitols brace for violence from armed Trump supporters,https://www.theguardian.com/us-news/2021/jan/15/washington-us-state-capitols-threat-violence-trump,article,,../data/disaster_news/articles/2021_01_15_gardian_28.txt
2021-01-16T16:23:23Z,'I’m facing a prison sentence': US Capitol rioters plead with Trump for pardons,https://www.theguardian.com/us-news/2021/jan/16/us-capitol-rioters-donald-trump-pardons,article,,../data/disaster_news/articles/2021_01_16_gardian_29.txt
2021-01-17T06:30:09Z,We're on the verge of breakdown: a data scientist's take on Trump and Biden,https://www.theguardian.com/us-news/2021/jan/17/were-on-the-verge-of-breakdown-a-data-scientists-take-on-trump-and-biden,article,,../data/disaster_news/articles/2021_01_17_gardian_30.txt
2021-01-15T10:57:43Z,Capitol rioters intended 'to capture and assassinate' lawmakers | First Thing,https://www.theguardian.com/us-news/2021/jan/15/first-thing-capitol-rioters-intended-to-capture-and-assassinate-lawmakers,article,,../data/disaster_news/articles/2021_01_15_gardian_31.txt
2021-01-07T17:48:22Z,Danger lies ahead after violence in Washington | Letters,https://www.theguardian.com/us-news/2021/jan/07/danger-lies-ahead-after-violence-in-washington,article,,../data/disaster_news/articles/2021_01_07_gardian_32.txt
2021-01-14T12:35:19Z,Trump 'refusing to pay' Rudy Giuliani's legal fees after falling out,https://www.theguardian.com/us-news/2021/jan/14/trump-refusing-to-pay-rudy-giuliani-legal-fees-after-falling-out,article,,../data/disaster_news/articles/2021_01_14_gardian_33.txt
2021-01-17T11:00:04Z,'I had no qualms': The people turning in loved ones for the Capitol attack,https://www.theguardian.com/us-news/2021/jan/17/capitol-attack-reporting-family-internet-sleuths-qanon,article,,../data/disaster_news/articles/2021_01_17_gardian_34.txt
2021-01-10T09:30:46Z,"Johnson’s sycophancy over Trump has diminished Britain, says Nandy",https://www.theguardian.com/us-news/2021/jan/10/johnsons-sycophancy-over-trump-has-diminished-britain-says-nandy,article,,../data/disaster_news/articles/2021_01_10_gardian_35.txt
2021-01-22T07:00:41Z,Donald Trump’s second impeachment trial rests in the hands of Republican senators,https://www.theguardian.com/us-news/2021/jan/21/donald-trump-second-impeachment-trial-republican-senators,article,,../data/disaster_news/articles/2021_01_22_gardian_36.txt
2021-01-07T07:00:01Z,Maga v BLM: how police handled the Capitol mob and George Floyd activists – in pictures,https://www.theguardian.com/us-news/2021/jan/06/capitol-mob-police-trump-george-floyd-protests-photos,article,,../data/disaster_news/articles/2021_01_07_gardian_37.txt
2021-01-16T12:00:31Z,'My neighbourhood is being destroyed to pacify his supporters': the race to complete Trump's wall,https://www.theguardian.com/us-news/2021/jan/16/my-neighbourhood-is-being-destroyed-to-pacify-his-supporters-the-race-to-complete-trumps-wall,article,,../data/disaster_news/articles/2021_01_16_gardian_38.txt
2021-01-07T18:41:27Z,PM condemns Trump after years of fawning over US president by Tories,https://www.theguardian.com/us-news/2021/jan/07/tory-party-leaders-back-pedal-on-trump-after-us-congress-chaos,article,,../data/disaster_news/articles/2021_01_07_gardian_39.txt
2021-01-19T11:14:19Z,Trump slams the door on his way out | First Thing,https://www.theguardian.com/us-news/2021/jan/19/first-thing-donald-trump-slams-door-inauguration-ceremony-biden-coney-pardons,article,,../data/disaster_news/articles/2021_01_19_gardian_40.txt
2021-01-17T10:00:02Z,How US police failed to stop the rise of the far right and the Capitol attack,https://www.theguardian.com/us-news/2021/jan/17/us-police-far-right-capitol-attack,article,,../data/disaster_news/articles/2021_01_17_gardian_41.txt
2021-01-13T19:36:47Z,"House poised to impeach Trump for a second time, following deadly Capitol riot",https://www.theguardian.com/us-news/2021/jan/13/house-trump-inciting-insurrection-impeachment-capitol-attack,article,,../data/disaster_news/articles/2021_01_13_gardian_42.txt
2021-01-08T07:00:30Z,From Charlottesville to the Capitol: how rightwing impunity fueled the pro-Trump mob,https://www.theguardian.com/us-news/2021/jan/07/capitol-mob-attack-rightwing-rallies-trump,article,,../data/disaster_news/articles/2021_01_08_gardian_43.txt
2021-01-17T23:34:05Z,Biden will appeal for unity as US braces for violence by Trump supporters,https://www.theguardian.com/us-news/2021/jan/17/biden-inauguration-unity-us-braces-for-violence-trump-supporters,article,,../data/disaster_news/articles/2021_01_17_gardian_44.txt
2021-01-13T02:46:55Z,Growing cohort of Republicans turn against Trump as he denies inciting Capitol attack,https://www.theguardian.com/us-news/2021/jan/12/donald-trump-texas-impeachment-effort,article,,../data/disaster_news/articles/2021_01_13_gardian_45.txt
2021-01-10T07:30:44Z,Trump is being pelted in the stocks now – but don’t bet against him wriggling free,https://www.theguardian.com/us-news/2021/jan/10/trump-is-being-pelted-in-the-stocks-now-but-dont-bet-against-him-wriggling-free,article,,../data/disaster_news/articles/2021_01_10_gardian_46.txt
2021-01-01T13:00:09Z,Trump attacks and vote by mail: the top voting rights stories of 2020,https://www.theguardian.com/us-news/2021/jan/01/trump-attacks-vote-by-mail-voting-rights,article,,../data/disaster_news/articles/2021_01_01_gardian_47.txt
2021-01-20T07:35:16Z,Renewing the alliance: the Biden administration and what it means for Australia,https://www.theguardian.com/us-news/2021/jan/20/renewing-the-alliance-the-biden-administration-and-what-it-means-for-australia,article,,../data/disaster_news/articles/2021_01_20_gardian_48.txt
