webPublicationDate,webTitle,webUrl,type,disaster_type,path
2021-05-06T10:00:04Z,Giant sequoia found still smoldering after 2020 California wildfire,https://www.theguardian.com/us-news/2021/may/06/giant-sequoia-found-still-smoldering-after-2020-california-wildfire,article,wildfire,../data/disaster_news/articles/2021_05_06_gardian_0.txt
2021-05-03T18:58:17Z,Parts of California see May red flag fire warning for first time since 2014,https://www.theguardian.com/us-news/2021/may/03/california-wildfire-drought-red-flag-warning,article,,../data/disaster_news/articles/2021_05_03_gardian_1.txt
2021-05-29T19:07:43Z,Tennessee hat shop in storm over ‘not vaccinated’ Star of David badges,https://www.theguardian.com/us-news/2021/may/29/tennessee-hat-shop-not-vaccinated-badges-star-of-david,article,storm,../data/disaster_news/articles/2021_05_29_gardian_2.txt
2021-05-04T16:32:05Z,US south braced for more severe weather after tornadoes and hailstorms,https://www.theguardian.com/us-news/2021/may/04/us-south-severe-weather-tornadoes-hailstorms,article,tornado,../data/disaster_news/articles/2021_05_04_gardian_3.txt
2021-05-11T10:53:02Z,Twenty-four killed in Gaza as tensions rise with Israel | First Thing,https://www.theguardian.com/us-news/2021/may/11/first-thing-many-killed-in-gaza-as-tensions-rise-with-israel,article,,../data/disaster_news/articles/2021_05_11_gardian_4.txt
2021-05-24T09:00:54Z,Luckless Lake Charles: Louisiana city battered by extreme weather – again,https://www.theguardian.com/us-news/2021/may/24/lake-charles-louisiana-weather-climate-crisis,article,,../data/disaster_news/articles/2021_05_24_gardian_5.txt
2021-05-28T21:28:52Z,Family of bobcats found in ‘unusual’ California tree den,https://www.theguardian.com/us-news/2021/may/28/bobcat-family-unusual-tree-den-california-woolsey-fire,article,,../data/disaster_news/articles/2021_05_28_gardian_6.txt
2021-05-12T10:00:56Z,California’s recall election: how does it work – and will Gavin Newsom survive?,https://www.theguardian.com/us-news/2021/may/12/californias-recall-election-explained,article,,../data/disaster_news/articles/2021_05_12_gardian_7.txt
2021-05-18T10:53:42Z,Biden breaks silence on ceasefire eight days into Israel-Gaza conflict | First Thing,https://www.theguardian.com/us-news/2021/may/18/first-thing-biden-breaks-silence-on-ceasefire-eight-days-into-israel-gaza-conflict,article,,../data/disaster_news/articles/2021_05_18_gardian_8.txt
2021-05-20T00:30:12Z,Investigate the Capitol attack? Republicans prefer to back the big lie,https://www.theguardian.com/us-news/2021/may/19/us-january-6-commission-house-republicans-trump,article,,../data/disaster_news/articles/2021_05_20_gardian_9.txt
2021-05-05T15:39:17Z,Facebook fudge potentially lets Trump live to lie another day,https://www.theguardian.com/us-news/2021/may/05/donald-trump-facebook-ban-analysis,article,,../data/disaster_news/articles/2021_05_05_gardian_10.txt
2021-05-22T09:00:56Z,‘People feel safer’: some Americans still masking up despite CDC guidance,https://www.theguardian.com/us-news/2021/may/22/us-mask-guidance-cdc-pandemic-future,article,,../data/disaster_news/articles/2021_05_22_gardian_11.txt
2021-05-04T10:02:04Z,Biden finally increases refugee admissions cap | First Thing,https://www.theguardian.com/us-news/2021/may/04/first-thing-biden-finally-increases-refugee-admissions-cap,article,,../data/disaster_news/articles/2021_05_04_gardian_12.txt
2021-05-19T09:35:13Z,Pressure mounts on Trump amid criminal investigation of his business | First Thing,https://www.theguardian.com/us-news/2021/may/19/first-thing-pressure-mounts-on-trump-amid-criminal-investigation-of-his-business,article,,../data/disaster_news/articles/2021_05_19_gardian_13.txt
2021-05-10T10:00:45Z,The people who want to keep masking: ‘It’s like an invisibility cloak’,https://www.theguardian.com/us-news/2021/may/10/the-people-who-want-to-keep-masking-its-like-an-invisibility-cloak,article,,../data/disaster_news/articles/2021_05_10_gardian_14.txt
2021-05-06T10:00:05Z,‘We need help’: sewage crisis hits majority-Black town in New York,https://www.theguardian.com/us-news/2021/may/06/sewage-crisis-hits-majority-black-town-new-york-mount-vernon,article,,../data/disaster_news/articles/2021_05_06_gardian_15.txt
2021-05-29T10:00:22Z,The LA mayor’s ‘jinx:’ Garcetti could leave for India as city faces host of challenges,https://www.theguardian.com/us-news/2021/may/29/los-angeles-mayor-eric-garcetti-india-ambassador,article,,../data/disaster_news/articles/2021_05_29_gardian_16.txt
2021-05-10T14:01:49Z,Families call for UN to launch inquiry into police killings of Black Americans,https://www.theguardian.com/us-news/2021/may/10/us-police-brutality-black-victims-families-un-inquiry,article,,../data/disaster_news/articles/2021_05_10_gardian_17.txt
2021-05-18T09:00:48Z,Arizona’s political odd couple reveals two distinct paths for Democrats ,https://www.theguardian.com/us-news/2021/may/18/arizona-democrats-mark-kelly-kyrsten-sinema,article,,../data/disaster_news/articles/2021_05_18_gardian_18.txt
2021-05-16T09:00:51Z,‘A slap in the face’: California Uber and Lyft drivers criticize pay cuts under Prop 22,https://www.theguardian.com/us-news/2021/may/16/uber-lyft-drivers-california-prop-22,article,,../data/disaster_news/articles/2021_05_16_gardian_19.txt
2021-05-19T23:58:44Z,US House votes to create 9/11-style commission to investigate Capitol attack,https://www.theguardian.com/us-news/2021/may/19/us-house-capitol-attack-commission-vote,article,,../data/disaster_news/articles/2021_05_19_gardian_20.txt
2021-05-09T05:00:10Z,The recall circus is back: Schwarzenegger’s 2003 win and the fight to oust Gavin Newsom,https://www.theguardian.com/us-news/2021/may/08/california-recall-elections-arnold-schwarzenegger-gavin-newsom,article,,../data/disaster_news/articles/2021_05_09_gardian_21.txt
2021-05-10T10:49:10Z,US finally turning the corner on the Covid crisis | First Thing,https://www.theguardian.com/us-news/2021/may/10/first-thing-us-finally-turning-the-corner-on-the-covid-crisis,article,,../data/disaster_news/articles/2021_05_10_gardian_22.txt
2021-05-08T06:00:42Z,Liz Cheney a martyr to resistance as Republican party picks cult of Trump,https://www.theguardian.com/us-news/2021/may/08/liz-cheney-republican-party-trump,article,,../data/disaster_news/articles/2021_05_08_gardian_23.txt
2021-05-31T09:00:19Z,Republican resistance: dissenting Texas leads the anti-Biden charge,https://www.theguardian.com/us-news/2021/may/31/texas-republican-resistance-biden-politics,article,,../data/disaster_news/articles/2021_05_31_gardian_24.txt
2021-05-28T10:00:01Z,Revealed: majority of people charged in Capitol attack aren’t in jail,https://www.theguardian.com/us-news/2021/may/28/us-capitol-attack-suspects-jail-trial,article,,../data/disaster_news/articles/2021_05_28_gardian_25.txt
