webPublicationDate,webTitle,webUrl,type,disaster_type,path
2021-08-17T12:36:10Z,Tropical Storm Fred lashes Florida and spawns tornadoes in Georgia,https://www.theguardian.com/us-news/2021/aug/16/tropical-storm-fred-florida-panhandle-landfall,article,storm,../data/disaster_news/articles/2021_08_17_gardian_0.txt
2021-08-28T00:46:43Z,Hurricane Ida barrels down on Louisiana amid warnings of ‘life-altering storm’,https://www.theguardian.com/us-news/2021/aug/27/tropical-storm-ida-hurricane-warnings-gulf-coast-us-weather,article,storm,../data/disaster_news/articles/2021_08_28_gardian_1.txt
2021-08-04T10:00:22Z,‘A perfect storm’: Hawaii firefighters confront Big Island’s largest wildfire in history,https://www.theguardian.com/us-news/2021/aug/04/hawaii-wildfire-big-island-climate-change-drought,article,storm,../data/disaster_news/articles/2021_08_04_gardian_2.txt
2021-08-10T10:00:17Z," Heat, drought and fire: how climate dangers combine for a catastrophic ‘perfect storm’",https://www.theguardian.com/us-news/2021/aug/10/heat-drought-and-fire-how-climate-dangers-combine-for-a-catastrophic-perfect-storm,article,storm,../data/disaster_news/articles/2021_08_10_gardian_3.txt
2021-08-15T17:28:01Z,Florida issues tropical storm warning for Panhandle region as Fred approaches,https://www.theguardian.com/us-news/2021/aug/15/tropical-storm-fred-florida-tropical-storm-grace-caribbean,article,storm,../data/disaster_news/articles/2021_08_15_gardian_4.txt
2021-08-24T07:30:27Z,Q&A: did the climate crisis fuel Henri and the Tennessee flooding?,https://www.theguardian.com/us-news/2021/aug/24/tropical-storm-henri-tennessee-flooding-climate-crisis,article,,../data/disaster_news/articles/2021_08_24_gardian_5.txt
2021-08-22T09:00:31Z,"Hurricanes, floods, freezes: the Louisiana city battling Covid amid chaos",https://www.theguardian.com/us-news/2021/aug/22/lake-charles-louisiana-coronavirus-hurricane-damage,article,flood,../data/disaster_news/articles/2021_08_22_gardian_6.txt
2021-08-17T10:18:52Z,Biden holds firm on rapid Afghanistan withdrawal | First Thing,https://www.theguardian.com/us-news/2021/aug/17/first-thing-biden-holds-firm-on-rapid-afghanistan-withdrawal,article,,../data/disaster_news/articles/2021_08_17_gardian_7.txt
2021-08-31T07:52:55Z,Hurricane Ida: more than 1m without power as New Orleans assesses damage,https://www.theguardian.com/us-news/2021/aug/30/hurricane-ida-latest-new-orleans-louisiana-power-outages-death-toll,article,hurricane,../data/disaster_news/articles/2021_08_31_gardian_8.txt
2021-08-22T01:17:46Z,Hurricane Henri scuppers New York comeback concert,https://www.theguardian.com/us-news/2021/aug/21/new-york-city-concert-covid-cases-rise,article,hurricane,../data/disaster_news/articles/2021_08_22_gardian_9.txt
2021-08-13T19:05:31Z,Temperatures soar as Washington and Oregon endure another major heatwave,https://www.theguardian.com/us-news/2021/aug/12/washington-oregon-heatwave-weather-seattle,article,heatwave,../data/disaster_news/articles/2021_08_13_gardian_10.txt
2021-08-18T02:27:02Z,Surging wildfire tears through northern California town and threatens others,https://www.theguardian.com/us-news/2021/aug/17/california-wildfires-caldor-fire-dixie,article,wildfire,../data/disaster_news/articles/2021_08_18_gardian_11.txt
2021-08-31T20:52:36Z,Louisiana governor tells Hurricane Ida evacuees it’s too soon to return,https://www.theguardian.com/us-news/2021/aug/31/hurricane-ida-louisiana-evacuees-do-not-return,article,hurricane,../data/disaster_news/articles/2021_08_31_gardian_12.txt
2021-08-30T10:20:43Z,"Hurricane Ida batters New Orleans, killing one | First Thing",https://www.theguardian.com/us-news/2021/aug/30/first-thing-hurricane-ida-batters-new-orleans-killing-one,article,hurricane,../data/disaster_news/articles/2021_08_30_gardian_13.txt
2021-08-12T10:04:31Z,Oregon declares state of emergency as another ‘extreme heatwave’ looms | First Thing,https://www.theguardian.com/us-news/2021/aug/12/first-thing-oregon-declares-state-of-emergency-as-another-extreme-heatwave-looms,article,heatwave,../data/disaster_news/articles/2021_08_12_gardian_14.txt
2021-08-24T23:28:13Z,"Breathing wildfire smoke during pregnancy raises risk of premature birth, study finds",https://www.theguardian.com/us-news/2021/aug/24/california-wildfire-smoke-pregnancy-premature-birth,article,wildfire,../data/disaster_news/articles/2021_08_24_gardian_15.txt
2021-08-12T01:58:53Z,Oregon declares state of emergency as another ‘extreme heatwave’ looms,https://www.theguardian.com/us-news/2021/aug/11/oregon-heatwave-pacific-northwest-state-emergency,article,heatwave,../data/disaster_news/articles/2021_08_12_gardian_16.txt
2021-08-31T11:34:15Z,US leaves Afghanistan after 20 years | First Thing,https://www.theguardian.com/us-news/2021/aug/31/first-thing-us-leaves-afghanistan-after-20-years,article,,../data/disaster_news/articles/2021_08_31_gardian_17.txt
2021-08-06T10:00:20Z,West Nile virus: another alarming side effect of US drought,https://www.theguardian.com/us-news/2021/aug/06/drought-west-nile-virus-human-health,article,drought,../data/disaster_news/articles/2021_08_06_gardian_18.txt
2021-08-28T05:00:28Z,‘Our future might not look the same’: wildfires threaten way of life in California’s mountain towns,https://www.theguardian.com/us-news/2021/aug/27/wildfires-california-mountain-towns-climate-crisis,article,wildfire,../data/disaster_news/articles/2021_08_28_gardian_19.txt
2021-08-10T21:14:53Z,‘I still feel it isn’t real’: Gold Rush town residents reckon with wildfire devastation,https://www.theguardian.com/us-news/2021/aug/10/greenville-california-wildfire,article,wildfire,../data/disaster_news/articles/2021_08_10_gardian_20.txt
2021-08-24T10:57:24Z,Joe Biden approval rating slides amid Afghanistan and Covid | First Thing,https://www.theguardian.com/us-news/2021/aug/24/first-thing-joe-biden-approval-rating-dips-amid-afghanistan-and-covid-crises,article,,../data/disaster_news/articles/2021_08_24_gardian_21.txt
2021-08-17T10:00:48Z,The crew searching for clues in the wreckage of California wildfires,https://www.theguardian.com/us-news/2021/aug/17/california-wildfires-dixie-fire-damage-crews,article,wildfire,../data/disaster_news/articles/2021_08_17_gardian_22.txt
2021-08-31T05:00:06Z,"‘Like a monster tried to get in’: New Orleans, scarred by Katrina, surveys Ida’s wreckage",https://www.theguardian.com/us-news/2021/aug/30/hurricane-ida-new-orleans-damage-katrina,article,,../data/disaster_news/articles/2021_08_31_gardian_23.txt
2021-08-21T10:00:01Z,‘I don’t believe anyone is safe’: drought rules spark accusations of racism in California outpost,https://www.theguardian.com/us-news/2021/aug/21/california-drought-hmong-americans-race-water,article,drought,../data/disaster_news/articles/2021_08_21_gardian_24.txt
2021-08-16T10:00:57Z,Taliban declare ‘war is over’ as Kabul falls | First Thing,https://www.theguardian.com/us-news/2021/aug/16/first-thing-taliban-declare-war-is-over-as-kabul-falls,article,,../data/disaster_news/articles/2021_08_16_gardian_25.txt
2021-08-20T00:59:16Z,"California fire destroys mobile homes as 11,000 firefighters battle blazes",https://www.theguardian.com/world/2021/aug/19/lake-county-fire-california-mobile-home-park,article,,../data/disaster_news/articles/2021_08_20_gardian_26.txt
2021-08-09T16:08:41Z, Fire-friendly weather returns as second largest blaze in California history burns,https://www.theguardian.com/us-news/2021/aug/09/california-wildfires-dixie-fire-weather,article,,../data/disaster_news/articles/2021_08_09_gardian_27.txt
2021-08-18T18:32:48Z,Caldor fire levels California town of Grizzly Flats as dry weather fuels blazes,https://www.theguardian.com/us-news/2021/aug/18/california-wildfires-caldor-dixie-fire-weather-grizzly-flats,article,,../data/disaster_news/articles/2021_08_18_gardian_28.txt
2021-08-02T16:24:21Z,Stranded killer whale saved after hours-long rescue effort in Alaska,https://www.theguardian.com/us-news/2021/aug/02/stranded-killer-whale-alaska-saved,article,,../data/disaster_news/articles/2021_08_02_gardian_29.txt
2021-08-24T14:49:53Z,Caldor fire: fear as raging blaze ‘knocks on the door’ of Lake Tahoe,https://www.theguardian.com/us-news/2021/aug/24/caldor-fire-lake-tahoe-california-wildfire,article,,../data/disaster_news/articles/2021_08_24_gardian_30.txt
2021-08-22T13:55:41Z,The show did not go on: storm thwarts Central Park concert celebrating city’s Covid comeback,https://www.theguardian.com/us-news/2021/aug/22/central-park-concert-new-york-city-cut-short,article,storm,../data/disaster_news/articles/2021_08_22_gardian_31.txt
2021-08-14T08:00:33Z,‘I can’t do it’: Portland residents battle grueling heat in unprecedented summer,https://www.theguardian.com/us-news/2021/aug/14/portland-pacific-northwest-heatwave,article,,../data/disaster_news/articles/2021_08_14_gardian_32.txt
2021-08-18T10:04:30Z,Reports emerge of Taliban beating Afghans trying to flee | First Thing,https://www.theguardian.com/us-news/2021/aug/18/first-thing-reports-emerge-of-taliban-beating-afghans-trying-to-flee,article,,../data/disaster_news/articles/2021_08_18_gardian_33.txt
2021-08-21T09:00:01Z,A midwestern town moved uphill to survive the elements. Can others do the same?,https://www.theguardian.com/us-news/2021/aug/21/valmeyer-illinois-town-moved-uphill-escape-flooding,article,,../data/disaster_news/articles/2021_08_21_gardian_34.txt
2021-08-25T14:20:21Z,"‘Fire weather’: dangerous days now far more common in US west, study finds",https://www.theguardian.com/us-news/2021/aug/25/wildfires-us-west-fire-weather-caldor,article,,../data/disaster_news/articles/2021_08_25_gardian_35.txt
2021-08-04T10:52:03Z,First Thing: Biden urges Cuomo to quit amid allegations of serial sexual harassment ,https://www.theguardian.com/us-news/2021/aug/04/biden-urges-cuomo-to-quit-amid-allegations-of-serial-sexual-harassment,article,,../data/disaster_news/articles/2021_08_04_gardian_36.txt
2021-08-13T06:00:23Z,"Louisiana hospitals, overwhelmed with Covid patients, sending ambulances to Texas",https://www.theguardian.com/us-news/2021/aug/13/covid-19-louisiana-hospitals-low-vaccination-rates,article,,../data/disaster_news/articles/2021_08_13_gardian_37.txt
2021-08-26T20:07:04Z,Caldor fire bears down on Lake Tahoe as communities clouded in smoke,https://www.theguardian.com/us-news/2021/aug/26/caldor-fire-lake-tahoe-wildfires-california,article,,../data/disaster_news/articles/2021_08_26_gardian_38.txt
2021-08-24T15:37:44Z,Tennessee woman drowns seconds after filming rising floodwaters,https://www.theguardian.com/us-news/2021/aug/24/tennessee-flooding-woman-drowned,article,,../data/disaster_news/articles/2021_08_24_gardian_39.txt
2021-08-23T23:34:32Z,‘It’s just unbelievable’: Tennessee surveys wreckage after floods kill 22,https://www.theguardian.com/us-news/2021/aug/23/tennessee-floods-flash-flooding-death-toll-damage,article,flood,../data/disaster_news/articles/2021_08_23_gardian_40.txt
2021-08-23T16:33:25Z,Trump’s border wall reportedly in severe disrepair in Arizona,https://www.theguardian.com/us-news/2021/aug/23/trump-border-wall-reportedly-severe-disrepair-arizona,article,,../data/disaster_news/articles/2021_08_23_gardian_41.txt
2021-08-10T06:00:12Z,UN climate report raises pressure on Biden to seize a rare moment,https://www.theguardian.com/us-news/2021/aug/10/un-climate-report-joe-biden-us-response,article,,../data/disaster_news/articles/2021_08_10_gardian_42.txt
2021-08-09T11:01:09Z,"Major climate changes inevitable and irreversible, says IPCC in starkest warning yet | First Thing",https://www.theguardian.com/us-news/2021/aug/09/first-thing-major-climate-changes-inevitable-and-irreversible-says-ipcc-in-starkest-warning-yet,article,,../data/disaster_news/articles/2021_08_09_gardian_43.txt
2021-08-24T01:53:29Z,"California’s Caldor fire burns 100,000 acres as it rips through small towns",https://www.theguardian.com/us-news/2021/aug/23/california-caldor-fire-wildfire-acres-structures,article,,../data/disaster_news/articles/2021_08_24_gardian_44.txt
2021-08-13T10:16:31Z,Afghanistan likened to fall of Saigon amid advance by Taliban | First Thing,https://www.theguardian.com/us-news/2021/aug/13/first-thing-afghanistan-likened-to-fall-of-saigon-amid-advance-by-taliban,article,,../data/disaster_news/articles/2021_08_13_gardian_45.txt
2021-08-23T10:13:11Z,Afghan guard killed in Kabul airport gun battle | First Thing,https://www.theguardian.com/us-news/2021/aug/23/first-thing-gun-battle-at-kabul-airport-underscores-the-fragile-security-situation,article,,../data/disaster_news/articles/2021_08_23_gardian_46.txt
