webPublicationDate,webTitle,webUrl,type,disaster_type,path
2021-04-18T09:00:05Z,She survived Hurricane Sandy. Then climate gentrification hit,https://www.theguardian.com/us-news/2021/apr/18/hurricane-sandy-new-york-far-rockaway-climate-gentrification-hit,article,hurricane,../data/disaster_news/articles/2021_04_18_gardian_0.txt
2021-04-20T10:00:37Z,He survived California’s deadliest wildfire. But not his encounter with police,https://www.theguardian.com/us-news/2021/apr/20/california-wildfire-homeless-paradise-camp-fire-stephen-vest,article,wildfire,../data/disaster_news/articles/2021_04_20_gardian_1.txt
2021-04-13T10:00:07Z,Wisconsin poised for devastating wildfire season as hundreds of blazes rage,https://www.theguardian.com/us-news/2021/apr/13/wisconsin-wildfires-season,article,wildfire,../data/disaster_news/articles/2021_04_13_gardian_2.txt
2021-04-19T10:00:28Z,How bad will California’s fire season be? Experts on the threat – and what can be done,https://www.theguardian.com/us-news/2021/apr/19/how-bad-will-californias-fire-season-be-experts-on-the-threat-and-what-can-be-done,article,,../data/disaster_news/articles/2021_04_19_gardian_3.txt
2021-04-03T10:00:35Z,California scrambles as maskless crowds flood vacation hotspots,https://www.theguardian.com/us-news/2021/apr/03/california-covid-19-coronavirus-vacation-crowds,article,flood,../data/disaster_news/articles/2021_04_03_gardian_4.txt
2021-04-08T23:39:46Z,California pledges half a billion dollars to battle the threat of wildfire season,https://www.theguardian.com/us-news/2021/apr/08/california-wildfire-plan-gavin-newsom,article,wildfire,../data/disaster_news/articles/2021_04_08_gardian_5.txt
2021-04-05T09:00:32Z,Meet Arizona's water one-percenters,https://www.theguardian.com/us-news/2021/apr/05/arizona-water-one-percenters,article,,../data/disaster_news/articles/2021_04_05_gardian_6.txt
2021-04-06T10:00:03Z,California is on the brink of drought – again. Is it ready?,https://www.theguardian.com/us-news/2021/apr/06/california-is-on-the-brink-of-drought-again-is-it-ready,article,drought,../data/disaster_news/articles/2021_04_06_gardian_7.txt
2021-04-23T02:34:05Z,Gender reveal party using 80 pounds of explosives sets off earthquake reports,https://www.theguardian.com/us-news/2021/apr/23/gender-reveal-party-using-80-pounds-of-explosives-sets-off-earthquake-reports,article,earthquake,../data/disaster_news/articles/2021_04_23_gardian_8.txt
2021-04-27T12:14:50Z,Drought-hit California moves to halt Nestlé from taking millions of gallons of water,https://www.theguardian.com/us-news/2021/apr/27/california-nestle-water-san-bernardino-forest-drought,article,,../data/disaster_news/articles/2021_04_27_gardian_9.txt
2021-04-06T16:31:13Z,Reports of second breach at Florida wastewater reservoir ‘unsubstantiated’,https://www.theguardian.com/us-news/2021/apr/06/florida-wastewater-reservoir-second-leak-unsubstantiated,article,,../data/disaster_news/articles/2021_04_06_gardian_10.txt
2021-04-29T10:00:04Z,From dust bowl to California drought: a climate scientist on the lessons we still haven’t learned,https://www.theguardian.com/us-news/2021/apr/29/california-drought-climate-dust-bowl,article,drought,../data/disaster_news/articles/2021_04_29_gardian_11.txt
2021-04-26T12:58:22Z,Ex-Trump adviser mocked for claiming Biden pushing ‘plant-based beer’,https://www.theguardian.com/us-news/2021/apr/26/trump-larry-kudlow-biden-plant-based-beer,article,,../data/disaster_news/articles/2021_04_26_gardian_12.txt
2021-04-14T10:00:37Z,California is poised for a catastrophic fire season. Experts say its plan isn’t nearly enough,https://www.theguardian.com/us-news/2021/apr/14/california-wildfire-season-2021,article,,../data/disaster_news/articles/2021_04_14_gardian_13.txt
2021-04-14T13:14:24Z,"Louisiana vessel capsize: one worker’s body recovered and six rescued, 12 still missing",https://www.theguardian.com/us-news/2021/apr/14/louisiana-commercial-lift-vessel-capsize-rescue-coast-guard,article,,../data/disaster_news/articles/2021_04_14_gardian_14.txt
2021-04-06T09:54:27Z,Chauvin's police chief condemns unjustified force against Floyd | First Thing,https://www.theguardian.com/us-news/2021/apr/06/first-thing-chauvins-former-police-chief-condemns-unjustified-force-against-floyd,article,,../data/disaster_news/articles/2021_04_06_gardian_15.txt
2021-04-05T10:00:33Z,Why aren't we calling the Capitol attack an act of treason?,https://www.theguardian.com/us-news/2021/apr/05/the-capitol-attack-treason,article,,../data/disaster_news/articles/2021_04_05_gardian_16.txt
2021-04-02T15:23:03Z,Oath Keepers founder swapped calls with members during Capitol attack,https://www.theguardian.com/us-news/2021/apr/02/capitol-attack-oath-keepers-founder-swapped-calls-members,article,,../data/disaster_news/articles/2021_04_02_gardian_17.txt
2021-04-29T16:45:43Z,Ivy League colleges apologize for ‘serious error’ in using bones of Black child for teaching,https://www.theguardian.com/us-news/2021/apr/29/ivy-league-colleges-apologize-bones-black-child-move,article,,../data/disaster_news/articles/2021_04_29_gardian_18.txt
2021-04-13T10:00:08Z,‘They couldn’t care less’: plan to solve sewage crisis in Illinois town merely ‘a patch’ ,https://www.theguardian.com/us-news/2021/apr/13/centreville-illinois-sewage-crisis,article,,../data/disaster_news/articles/2021_04_13_gardian_19.txt
2021-04-22T06:00:33Z,Why New York mayor is the ‘second toughest job in America’ ,https://www.theguardian.com/us-news/2021/apr/22/new-york-mayor-race-covid-income-racial-inequality,article,,../data/disaster_news/articles/2021_04_22_gardian_20.txt
2021-04-16T09:00:01Z,Can recycled glass help restore Louisiana’s eroding coastline?,https://www.theguardian.com/us-news/2021/apr/16/recycled-glass-louisiana-eroding-coastline-dirty-divide,article,,../data/disaster_news/articles/2021_04_16_gardian_21.txt
2021-04-11T10:00:32Z,‘No community should suffer this’: Florida’s toxic breach was decades in the making,https://www.theguardian.com/us-news/2021/apr/11/florida-piney-point-fertilizer-plant-toxic-leak,article,,../data/disaster_news/articles/2021_04_11_gardian_22.txt
2021-04-23T14:20:52Z,George W Bush reveals he voted for Condoleezza Rice in 2020 US election,https://www.theguardian.com/us-news/2021/apr/23/george-w-bush-2020-presidential-election-vote-condoleezza-rice,article,,../data/disaster_news/articles/2021_04_23_gardian_23.txt
2021-04-20T16:42:27Z,"George W Bush on Trump’s Republicans: ‘Isolationist, protectionist, nativist’",https://www.theguardian.com/us-news/2021/apr/20/george-w-bush-trump-republican-party-isolationist-protectionist-nativist,article,,../data/disaster_news/articles/2021_04_20_gardian_24.txt
2021-04-23T15:11:49Z,Biden taps oceanographer to lead climate agency weakened by Trump,https://www.theguardian.com/us-news/2021/apr/23/biden-rick-spinrad-noaa-climate-crisis-weather,article,,../data/disaster_news/articles/2021_04_23_gardian_25.txt
2021-04-07T10:00:31Z,"All US adults eligible for a Covid vaccine by 19 April, Biden says | First Thing",https://www.theguardian.com/us-news/2021/apr/07/first-thing-all-us-adults-eligible-for-a-covid-vaccine-by-19-april-biden-says,article,,../data/disaster_news/articles/2021_04_07_gardian_26.txt
2021-04-25T16:44:30Z,‘We take safety seriously’: Fauci says J&J vaccine pause should raise confidence,https://www.theguardian.com/us-news/2021/apr/25/covid-johnson-johnson-vaccine-fauci,article,,../data/disaster_news/articles/2021_04_25_gardian_27.txt
2021-04-13T17:49:54Z,"Living near a US toxic waste site could shave a year off your life, study finds",https://www.theguardian.com/us-news/2021/apr/13/superfund-site-hazardous-waste-americas-dirty-divide,article,,../data/disaster_news/articles/2021_04_13_gardian_28.txt
2021-04-19T06:00:25Z,George W Bush is back – but not all appreciate his new progressive image,https://www.theguardian.com/us-news/2021/apr/18/george-w-bush-book-tour-us-president,article,,../data/disaster_news/articles/2021_04_19_gardian_29.txt
2021-04-09T10:19:14Z,Biden rails against 'epidemic' of US gun violence | First Thing,https://www.theguardian.com/us-news/2021/apr/09/first-thing-biden-lambasts-epidemic-of-us-gun-violence,article,,../data/disaster_news/articles/2021_04_09_gardian_30.txt
2021-04-02T09:45:06Z,New York's outgoing climate tsar hopes Biden can help save city from sea rise,https://www.theguardian.com/us-news/2021/apr/02/new-york-climate-change-daniel-zarrilli,article,,../data/disaster_news/articles/2021_04_02_gardian_31.txt
2021-04-23T09:58:46Z,"Green up your act, Biden warns world leaders | First Thing",https://www.theguardian.com/us-news/2021/apr/23/first-thing-green-up-your-act-biden-warns-world-leaders,article,,../data/disaster_news/articles/2021_04_23_gardian_32.txt
2021-04-06T14:43:21Z,"Trump’s obsession with Deep State conspiracy 'delusional', John Boehner says",https://www.theguardian.com/us-news/2021/apr/06/john-boehner-book-trump-obsession-deep-state-conspiracy,article,,../data/disaster_news/articles/2021_04_06_gardian_33.txt
2021-04-28T09:38:53Z,Biden unveils plan to overhaul US social infrastructure | First Thing,https://www.theguardian.com/us-news/2021/apr/28/first-thing-joe-biden-unveils-plan-to-overhaul-us-social-infrastructure,article,,../data/disaster_news/articles/2021_04_28_gardian_34.txt
2021-04-05T10:32:32Z,Minneapolis ‘on edge’ as Derek Chauvin trial enters its second week | First Thing,https://www.theguardian.com/us-news/2021/apr/05/first-thing-minneapolis-on-edge-as-george-floyd-trial-enters-its-second-week,article,,../data/disaster_news/articles/2021_04_05_gardian_35.txt
2021-04-22T14:11:12Z,Biden vows to slash US emissions by half to meet ‘existential crisis of our time’,https://www.theguardian.com/us-news/2021/apr/22/us-emissions-climate-crisis-2030-biden,article,,../data/disaster_news/articles/2021_04_22_gardian_36.txt
2021-04-21T12:09:46Z,Four in 10 Americans live in counties with unhealthy air pollution levels,https://www.theguardian.com/us-news/2021/apr/21/us-air-pollution-report-american-lung-association,article,,../data/disaster_news/articles/2021_04_21_gardian_37.txt
2021-04-04T21:16:49Z,Florida faces 'imminent' pollution catastrophe from phosphate mine pond,https://www.theguardian.com/us-news/2021/apr/04/florida-imminent-pollution-catastrophe-phosphate-retention-pond-bradenton-piney-point-desantis,article,,../data/disaster_news/articles/2021_04_04_gardian_38.txt
2021-04-04T06:00:00Z,George Floyd's girlfriend shared his opioids pain – Derek Chauvin refused to see it,https://www.theguardian.com/us-news/2021/apr/04/george-floyd-girlfriend-opioids-pain-officer-derek-chauvin,article,,../data/disaster_news/articles/2021_04_04_gardian_39.txt
2021-04-12T09:00:01Z,The Daca immigrant fighting to empower young Texas voters,https://www.theguardian.com/us-news/2021/apr/12/daca-immigrant-texas-voter-suppression,article,,../data/disaster_news/articles/2021_04_12_gardian_40.txt
2021-04-20T09:00:36Z,"Puente: binational, bilingual project aims to cover the border with nuance",https://www.theguardian.com/us-news/2021/apr/20/puente-binational-bilingual-project-cover-border-immigration,article,,../data/disaster_news/articles/2021_04_20_gardian_41.txt
2021-04-07T20:10:44Z,Biden urges Republicans to back $2tn infrastructure plan: ‘Inaction is not an option’,https://www.theguardian.com/us-news/2021/apr/07/biden-infrastructure-plan-republicans-inaction-not-an-option,article,,../data/disaster_news/articles/2021_04_07_gardian_42.txt
2021-04-07T10:00:42Z,‘Race against the clock’: the school fighting to save the Ojibwe language before its elders pass away,https://www.theguardian.com/us-news/2021/apr/07/wisconsin-ojibwe-immersion-school-indigenous-coronavirus,article,,../data/disaster_news/articles/2021_04_07_gardian_43.txt
2021-04-10T09:00:02Z,The Republican podcast taking a shot at making conservatism cool,https://www.theguardian.com/us-news/2021/apr/10/ruthless-republican-rightwing-podcast,article,,../data/disaster_news/articles/2021_04_10_gardian_44.txt
2021-04-30T09:00:31Z,Biden’s world: how key countries have reacted to the US president’s first 100 days,https://www.theguardian.com/us-news/2021/apr/30/joe-biden-foreign-policy-world-reaction,article,,../data/disaster_news/articles/2021_04_30_gardian_45.txt
2021-04-19T09:00:27Z,US workers who risked their lives to care for elderly demand change,https://www.theguardian.com/us-news/2021/apr/19/nursing-home-care-workers-coronavirus,article,,../data/disaster_news/articles/2021_04_19_gardian_46.txt
2021-04-22T06:00:32Z,‘We don’t get help from anywhere’: Covid exposes inequality in crisis-hit New York neighborhood,https://www.theguardian.com/us-news/2021/apr/22/coronavirus-covid-queens-new-york-inequality,article,,../data/disaster_news/articles/2021_04_22_gardian_47.txt
