webPublicationDate,webTitle,webUrl,type,disaster_type,path
2021-10-27T15:57:25Z,"‘Bomb cyclone’ slams US north-east and leaves over 600,000 without power",https://www.theguardian.com/us-news/2021/oct/27/bomb-cyclone-storm-nor-easter-us-north-east-power-outages-flooding,article,cyclone,../data/disaster_news/articles/2021_10_27_gardian_0.txt
2021-10-24T21:28:32Z,Powerful storm hits California amid warnings of ‘potentially historic rain’,https://www.theguardian.com/us-news/2021/oct/24/california-storm-atmospheric-river,article,storm,../data/disaster_news/articles/2021_10_24_gardian_1.txt
2021-10-26T13:29:50Z,Weather whiplash: California’s historic downpour interrupts historic drought ,https://www.theguardian.com/us-news/2021/oct/26/weather-whiplash-historic-downpour-interrupts-historic-drought,article,drought,../data/disaster_news/articles/2021_10_26_gardian_2.txt
2021-10-19T22:45:42Z,Activision Blizzard reportedly fires 20 employees following harassment claims,https://www.theguardian.com/us-news/2021/oct/19/activision-blizzard-reportedly-fires-employees-harassment-claims,article,blizzard,../data/disaster_news/articles/2021_10_19_gardian_3.txt
2021-10-18T10:00:13Z,Scientists see a La Niña coming. What does that mean for the dry American south-west?,https://www.theguardian.com/us-news/2021/oct/18/scientists-see-a-la-nina-coming-what-does-that-mean-for-the-dry-american-south-west,article,,../data/disaster_news/articles/2021_10_18_gardian_4.txt
2021-10-11T15:11:40Z,Explosion? Earthquake? Meteor? New England mystified by loud boom,https://www.theguardian.com/us-news/2021/oct/11/explosion-earthquake-meteor-new-england-mystified-boom,article,earthquake,../data/disaster_news/articles/2021_10_11_gardian_5.txt
2021-10-06T09:00:21Z,Black families passed their homes from one generation to the next. Now they may be lost,https://www.theguardian.com/us-news/2021/oct/06/leading-cause-black-land-loss-how-climate-crisis-supercharging-dispossession,article,,../data/disaster_news/articles/2021_10_06_gardian_6.txt
2021-10-23T21:45:56Z,US west coast braces for ‘atmospheric river’ as huge storm brews,https://www.theguardian.com/us-news/2021/oct/23/california-storm-atmospheric-river-flooding,article,storm,../data/disaster_news/articles/2021_10_23_gardian_7.txt
2021-10-13T13:00:21Z,Lake Tahoe water level hits four-year low as drought pummels tourist spot,https://www.theguardian.com/us-news/2021/oct/13/lake-tahoe-water-level-drought-climate-change,article,drought,../data/disaster_news/articles/2021_10_13_gardian_8.txt
2021-10-31T09:00:23Z,The battle over a vast New York park: is this climate resilience or capitalism?,https://www.theguardian.com/us-news/2021/oct/31/east-river-park-battle-adapt-climate-change-new-york-city,article,,../data/disaster_news/articles/2021_10_31_gardian_9.txt
2021-10-22T10:05:32Z,Climate advocates who backed Sinema exasperated by blocking of Biden bill,https://www.theguardian.com/us-news/2021/oct/22/kyrsten-sinema-climate-advocates-exasperated-biden-bill,article,,../data/disaster_news/articles/2021_10_22_gardian_10.txt
2021-10-27T07:00:25Z,Joe Manchin pushes for climate cuts even as West Virginia battered by crisis,https://www.theguardian.com/us-news/2021/oct/27/west-virginia-joe-manchin-climate-crisis,article,,../data/disaster_news/articles/2021_10_27_gardian_11.txt
2021-10-28T15:41:58Z,Biden plan pledges ‘largest effort to combat climate change in US history’,https://www.theguardian.com/us-news/2021/oct/28/biden-spending-plan-billions-climate-crisis,article,,../data/disaster_news/articles/2021_10_28_gardian_12.txt
2021-10-28T10:24:58Z,Every sector failing to move fast enough on climate | First Thing,https://www.theguardian.com/us-news/2021/oct/28/first-thing-every-sector-failing-to-move-fast-enough-on-climate,article,,../data/disaster_news/articles/2021_10_28_gardian_13.txt
2021-10-25T09:45:20Z,Rust assistant director ‘was subject of safety complaint’ | First Thing,https://www.theguardian.com/us-news/2021/oct/25/first-thing-rust-assistant-director-was-subject-of-safety-complaint,article,,../data/disaster_news/articles/2021_10_25_gardian_14.txt
2021-10-27T09:42:44Z,Hillary Clinton aide describes sexual assault by a senator | First Thing,https://www.theguardian.com/us-news/2021/oct/27/first-thing-hillary-clinton-aide-describes-sexual-assault-by-senator,article,,../data/disaster_news/articles/2021_10_27_gardian_15.txt
2021-10-24T09:00:06Z,"‘I hug them’: meet the farmer raising 2,000lb pumpkins",https://www.theguardian.com/us-news/2021/oct/24/giant-pumpkins-prize-growers,article,,../data/disaster_news/articles/2021_10_24_gardian_16.txt
2021-10-21T10:27:40Z,Human remains found in search for Brian Laundrie | First Thing,https://www.theguardian.com/us-news/2021/oct/21/first-thing-human-remains-found-in-search-for-brian-laundrie,article,,../data/disaster_news/articles/2021_10_21_gardian_17.txt
2021-10-29T13:04:53Z, ‘The stench of death’: California city plagued by extraordinary odor for weeks,https://www.theguardian.com/us-news/2021/oct/29/carson-california-canal-smell,article,,../data/disaster_news/articles/2021_10_29_gardian_18.txt
2021-10-03T10:00:25Z,Giant sequoias and fire have coexisted for centuries. Climate crisis is upping the stakes,https://www.theguardian.com/us-news/2021/oct/03/giant-sequoias-and-fire-have-coexisted-for-centuries-climate-crisis-is-upping-the-stakes,article,,../data/disaster_news/articles/2021_10_03_gardian_19.txt
2021-10-13T10:18:19Z,"US must face up to 'shameful past' with tribal nations, Harris says | First Thing",https://www.theguardian.com/us-news/2021/oct/13/first-thing-harris-says-us-must-face-up-to-shameful-past-with-tribal-nations,article,,../data/disaster_news/articles/2021_10_13_gardian_20.txt
2021-10-20T13:35:41Z,‘No fish means no food’: how Yurok women are fighting for their tribe’s nutritional health ,https://www.theguardian.com/global-development/2021/oct/04/salmon-klamath-river-yurok-women-nutrition-health,article,,../data/disaster_news/articles/2021_10_20_gardian_21.txt
2021-10-04T22:53:47Z,Senior state department official calls Biden’s deportation of Haitians illegal,https://www.theguardian.com/us-news/2021/oct/04/haitian-deportations-illegal-state-department-official-harold-koh,article,,../data/disaster_news/articles/2021_10_04_gardian_22.txt
2021-10-11T10:06:33Z,Trump aides could be prosecuted over Capitol attack | First Thing,https://www.theguardian.com/us-news/2021/oct/11/first-thing-trump-aides-could-be-prosecuted-capitol-attack,article,,../data/disaster_news/articles/2021_10_11_gardian_23.txt
2021-10-07T10:03:03Z,Texas abortion ban temporarily blocked | First Thing,https://www.theguardian.com/us-news/2021/oct/07/first-thing-texas-abortion-ban-temporarily-blocked,article,,../data/disaster_news/articles/2021_10_07_gardian_24.txt
2021-10-05T11:00:51Z,Revealed: pipeline company paid Minnesota police for arresting and surveilling protesters,https://www.theguardian.com/uk-news/2021/oct/05/line-3-pipeline-enbridge-paid-police-arrest-protesters,article,,../data/disaster_news/articles/2021_10_05_gardian_25.txt
2021-10-09T08:45:28Z,Progressive Democrats draw strength from muscle-flexing in Congress ,https://www.theguardian.com/us-news/2021/oct/09/progressive-democrats-congress-strength-infrastructure-reconciliation,article,,../data/disaster_news/articles/2021_10_09_gardian_26.txt
2021-10-29T05:00:22Z,‘Witches are icons’: Americans embrace their family ties to Salem trial victims,https://www.theguardian.com/us-news/2021/oct/29/salem-witch-trials-americans-embrace-family-ties,article,,../data/disaster_news/articles/2021_10_29_gardian_27.txt
2021-10-19T10:30:15Z,Religious exemptions threaten to undermine US Covid vaccine mandates,https://www.theguardian.com/us-news/2021/oct/19/religious-exemptions-us-covid-vaccine-mandates-california,article,,../data/disaster_news/articles/2021_10_19_gardian_28.txt
2021-10-24T09:00:06Z,STI rates ‘at their highest numbers’ in US as Covid dominates health funding,https://www.theguardian.com/us-news/2021/oct/24/us-sti-rates-covid-sexually-transmitted-infections-funding,article,,../data/disaster_news/articles/2021_10_24_gardian_29.txt
2021-10-03T20:20:55Z,Sanders urges progressives to stand firm in Democratic battle over Biden agenda,https://www.theguardian.com/us-news/2021/oct/03/bernie-sanders-democratic-battle-biden-agenda,article,,../data/disaster_news/articles/2021_10_03_gardian_30.txt
2021-10-17T07:00:21Z,‘Nobody ever put hands on me before’: flight attendants on the air rage epidemic,https://www.theguardian.com/us-news/2021/oct/17/flight-attendants-air-rage-epidemic-coronavirus-covid,article,,../data/disaster_news/articles/2021_10_17_gardian_31.txt
2021-10-20T10:09:10Z,House committee votes to prosecute Steve Bannon | First Thing,https://www.theguardian.com/us-news/2021/oct/20/first-thing-house-committee-votes-to-prosecute-steve-bannon,article,,../data/disaster_news/articles/2021_10_20_gardian_32.txt
2021-10-19T09:00:22Z,Price for drug that reverses opioid overdoses soars amid record deaths,https://www.theguardian.com/us-news/2021/oct/19/naloxone-price-soars-opioid-overdoses,article,,../data/disaster_news/articles/2021_10_19_gardian_33.txt
2021-10-10T07:00:07Z,These adults moved back in with their parents during the pandemic. But did they regret it?,https://www.theguardian.com/us-news/2021/oct/10/adults-moved-home-parents-during-pandemic,article,,../data/disaster_news/articles/2021_10_10_gardian_34.txt
2021-10-06T13:46:05Z,‘It is there pretty much forever’: Huntington Beach oil spill may permanently affect birds,https://www.theguardian.com/us-news/2021/oct/06/huntington-beach-oil-spill-may-permanently-endanger-birds,article,,../data/disaster_news/articles/2021_10_06_gardian_35.txt
2021-10-18T09:42:02Z,Biden urged to act as climate agenda hangs by a thread | First Thing,https://www.theguardian.com/us-news/2021/oct/18/first-thing-biden-urged-to-act-as-climate-agenda-hangs-by-a-thread,article,,../data/disaster_news/articles/2021_10_18_gardian_36.txt
2021-10-23T10:29:38Z,Why is the idea of ‘gender’ provoking backlash the world over? | Judith Butler,https://www.theguardian.com/us-news/commentisfree/2021/oct/23/judith-butler-gender-ideology-backlash,article,,../data/disaster_news/articles/2021_10_23_gardian_37.txt
