webPublicationDate,webTitle,webUrl,type,disaster_type,path
2021-12-15T20:47:14Z,Biden pledges aid on Kentucky trip: ‘I’ve not seen this much damage from a tornado’,https://www.theguardian.com/us-news/2021/dec/15/biden-kentucky-pledges-federal-aid-tornadoes,article,tornado,../data/disaster_news/articles/2021_12_15_gardian_0.txt
2021-12-16T18:48:46Z,‘Really abnormal’ storms and tornadoes tear through Great Plains and midwest,https://www.theguardian.com/us-news/2021/dec/16/great-plains-storms-tornadoes-tear-through-midwest,article,storm,../data/disaster_news/articles/2021_12_16_gardian_1.txt
2021-12-31T10:00:16Z,"Floods, fires, freezes: how 2021 made Joe Biden a climate crisis president",https://www.theguardian.com/us-news/2021/dec/31/joe-biden-climate-crisis-president,article,flood,../data/disaster_news/articles/2021_12_31_gardian_2.txt
2021-12-20T23:22:06Z,"Tornadoes and storms that hit US were a derecho, says National Weather Service",https://www.theguardian.com/us-news/2021/dec/20/us-tornadoes-storms-derecho-national-weather-service,article,storm,../data/disaster_news/articles/2021_12_20_gardian_3.txt
2021-12-02T23:58:03Z,Late-season wildfire rips through Montana farming town,https://www.theguardian.com/us-news/2021/dec/02/montana-wildfire-denton-damage-evacuation,article,wildfire,../data/disaster_news/articles/2021_12_02_gardian_4.txt
2021-12-30T13:12:18Z,Record snowfall offers reprieve to dry California – but drought remains,https://www.theguardian.com/us-news/2021/dec/30/california-record-snowfall-drought,article,drought,../data/disaster_news/articles/2021_12_30_gardian_5.txt
2021-12-03T17:21:43Z,Winter heatwave breaks records in four US states,https://www.theguardian.com/us-news/2021/dec/03/us-winter-heatwave-december-records-montana-wyoming-washington-north-dakota,article,heatwave,../data/disaster_news/articles/2021_12_03_gardian_6.txt
2021-12-25T11:00:51Z,What the numbers tells us about a catastrophic year of wildfires,https://www.theguardian.com/us-news/2021/dec/25/what-the-numbers-tells-us-about-a-catastrophic-year-of-wildfires,article,wildfire,../data/disaster_news/articles/2021_12_25_gardian_7.txt
2021-12-14T22:41:31Z,"Kentucky candle factory bosses threatened to fire those who fled tornado, say workers ",https://www.theguardian.com/us-news/2021/dec/14/kentucky-tornado-candle-factory-workers-managers-refused-leave,article,tornado,../data/disaster_news/articles/2021_12_14_gardian_8.txt
2021-12-12T21:29:38Z,‘Not knowing is worse’: tornado survivor at candle factory awaits news of missing boyfriend,https://www.theguardian.com/us-news/2021/dec/12/kentucky-tornado-survivor-candle-factory,article,tornado,../data/disaster_news/articles/2021_12_12_gardian_9.txt
2021-12-26T08:00:18Z,"Tornadoes in Mayfield, Kentucky caused profound losses: ‘Some are never going back to their homes’",https://www.theguardian.com/us-news/2021/dec/26/tornadoes-mayfield-kentucky-caused-profound-losses,article,tornado,../data/disaster_news/articles/2021_12_26_gardian_10.txt
2021-12-12T22:37:57Z,Kentucky tornadoes: fears death toll from record twisters could exceed 100,https://www.theguardian.com/us-news/2021/dec/12/kentucky-tornadoes-death-toll,article,tornado,../data/disaster_news/articles/2021_12_12_gardian_11.txt
2021-12-09T06:00:03Z,December temperatures in parts of US and Canada hit record high ,https://www.theguardian.com/us-news/2021/dec/09/december-temperatures-in-parts-of-us-and-canada-hit-record-high,article,,../data/disaster_news/articles/2021_12_09_gardian_12.txt
2021-12-26T08:00:17Z,A year of extreme weather in the American west – in pictures,https://www.theguardian.com/us-news/2021/dec/26/american-west-extreme-weather-climate-crisis-in-pictures,article,,../data/disaster_news/articles/2021_12_26_gardian_13.txt
2021-12-13T13:57:06Z,Kentucky candle factory: questions arise over why staff worked during tornadoes,https://www.theguardian.com/us-news/2021/dec/13/kentucky-tornadoes-candle-factory-search-survivors,article,tornado,../data/disaster_news/articles/2021_12_13_gardian_14.txt
2021-12-21T22:38:46Z,"Seconds before a 6.2 earthquake rattled California, phones got a vital warning",https://www.theguardian.com/us-news/2021/dec/21/california-earthquake-early-warning-system,article,earthquake,../data/disaster_news/articles/2021_12_21_gardian_15.txt
2021-12-14T19:42:58Z,Heavy rain and snow pummel California after a season of historic wildfires,https://www.theguardian.com/us-news/2021/dec/14/california-weather-latest-snow-rain,article,wildfire,../data/disaster_news/articles/2021_12_14_gardian_16.txt
2021-12-22T11:00:25Z,The crisis unfolding in America’s Christmas tree capital,https://www.theguardian.com/us-news/2021/dec/22/christmas-tree-crisis-unfolding-oregon,article,,../data/disaster_news/articles/2021_12_22_gardian_17.txt
2021-12-12T19:54:17Z,Biden calls on EPA to investigate role of climate crisis in deadly tornadoes,https://www.theguardian.com/us-news/2021/dec/12/kentucky-tornadoes-biden-epa-climate-crisis-role,article,tornado,../data/disaster_news/articles/2021_12_12_gardian_18.txt
2021-12-13T12:31:07Z,Kentucky tornadoes: Hopes rise that death toll could be lower than feared,https://www.theguardian.com/us-news/2021/dec/13/kentucky-tornadoes-hopes-rise-that-candle-factory-death-toll-could-be-lower-than-feared,article,tornado,../data/disaster_news/articles/2021_12_13_gardian_19.txt
2021-12-13T10:56:25Z,Biden declares federal disaster after Kentucky tornadoes | First Thing,https://www.theguardian.com/us-news/2021/dec/13/first-thing-biden-declares-federal-disaster-after-kentucky-tornadoes,article,tornado,../data/disaster_news/articles/2021_12_13_gardian_20.txt
2021-12-31T11:53:54Z,Colorado winter wildfires destroy hundreds of homes as thousands flee,https://www.theguardian.com/us-news/2021/dec/30/colorado-wildfires-evacuations-latest,article,wildfire,../data/disaster_news/articles/2021_12_31_gardian_21.txt
2021-12-25T19:02:32Z,Christmas roast: temperatures soar in Texas and US south-east,https://www.theguardian.com/us-news/2021/dec/25/christmas-temperature-us-texas-records-south-east,article,,../data/disaster_news/articles/2021_12_25_gardian_22.txt
2021-12-30T08:00:45Z,‘Extraordinary is no longer extraordinary’: US scientists on a year of climate disasters,https://www.theguardian.com/us-news/2021/dec/30/climate-crisis-emergency-climate-disaster,article,,../data/disaster_news/articles/2021_12_30_gardian_23.txt
2021-12-14T11:04:51Z,More than 100 still unaccounted for after Kentucky tornadoes | First Thing,https://www.theguardian.com/us-news/2021/dec/14/first-thing-more-than-100-still-unaccounted-for-after-kentucky-tornadoes,article,tornado,../data/disaster_news/articles/2021_12_14_gardian_24.txt
2021-12-31T10:21:32Z,Tell us: how have you been affected by Colorado wildfires?,https://www.theguardian.com/us-news/2021/dec/31/tell-us-how-have-you-been-affected-by-colorado-wildfires,article,wildfire,../data/disaster_news/articles/2021_12_31_gardian_25.txt
2021-12-31T18:15:51Z,Colorado wildfires: tens of thousands evacuated as blazes destroy hundreds of homes,https://www.theguardian.com/us-news/2021/dec/31/colorado-wildfires-thousands-evacuate-blazes-destroy-homes,article,wildfire,../data/disaster_news/articles/2021_12_31_gardian_26.txt
2021-12-14T03:24:53Z,Kentucky tornadoes: governor says death toll expected to grow as crews sift through ruins,https://www.theguardian.com/us-news/2021/dec/13/kentucky-tornadoes-death-toll,article,tornado,../data/disaster_news/articles/2021_12_14_gardian_27.txt
2021-12-18T07:00:50Z,Mark Meadows was at the center of the storm on 6 January. But only Trump could call it off,https://www.theguardian.com/us-news/2021/dec/18/mark-meadows-center-6-january-donald-trump,article,storm,../data/disaster_news/articles/2021_12_18_gardian_28.txt
2021-12-16T11:00:02Z,‘Like a nightmare’: major rainstorm floods Santa Cruz homeless community,https://www.theguardian.com/us-news/2021/dec/16/california-santa-cruz-homeless-extreme-weather,article,flood,../data/disaster_news/articles/2021_12_16_gardian_29.txt
2021-12-16T11:01:50Z,George Floyd killer pleads guilty to civil rights charges | First Thing,https://www.theguardian.com/us-news/2021/dec/16/first-thing-george-floyd-killer-pleads-guilty-civil-rights-charges-derek-chauvin,article,,../data/disaster_news/articles/2021_12_16_gardian_30.txt
2021-12-22T13:49:20Z,Michael Flynn sues Capitol attack committee in bid to block subpoena,https://www.theguardian.com/us-news/2021/dec/22/michael-flynn-sues-capitol-attack-committee-subpoena-donald-trump,article,,../data/disaster_news/articles/2021_12_22_gardian_31.txt
2021-12-24T11:00:23Z,Our favourite photos from 2021: how Guardian US pictures captured a historic year,https://www.theguardian.com/us-news/2021/dec/24/our-favorite-photos-2021-guardian-us-photography,article,,../data/disaster_news/articles/2021_12_24_gardian_32.txt
2021-12-15T11:20:24Z,First Thing: US House votes to hold Trump ex-aide Meadows in contempt,https://www.theguardian.com/us-news/2021/dec/15/first-thing-us-house-votes-to-hold-trump-ex-aide-meadows-in-contempt,article,,../data/disaster_news/articles/2021_12_15_gardian_33.txt
2021-12-27T06:00:43Z,Capitol rioter in Michael Fanone assault asks judge to let him use dating websites,https://www.theguardian.com/us-news/2021/dec/27/capitol-rioter-thomas-sibick-assault-michael-fanone,article,,../data/disaster_news/articles/2021_12_27_gardian_34.txt
2021-12-24T14:12:05Z,Louisiana energy firm to pay millions following oil spill that began 17 years ago,https://www.theguardian.com/us-news/2021/dec/24/louisiana-taylor-energy-to-pay-millions-oil-spill,article,,../data/disaster_news/articles/2021_12_24_gardian_35.txt
2021-12-21T10:54:31Z,Omicron becomes dominant Covid variant in US | First Thing,https://www.theguardian.com/us-news/2021/dec/21/first-thing-omicron-becomes-dominant-covid-variant-in-us,article,,../data/disaster_news/articles/2021_12_21_gardian_36.txt
2021-12-22T10:53:20Z,Biden seeks to rally the troops in Covid battle | First Thing,https://www.theguardian.com/us-news/2021/dec/22/first-thing-biden-seeks-to-rally-the-troops-in-covid-battle,article,,../data/disaster_news/articles/2021_12_22_gardian_37.txt
2021-12-10T06:00:32Z,"Coastal species are forming colonies on plastic trash in the ocean, study finds",https://www.theguardian.com/us-news/2021/dec/09/coastal-species-are-forming-colonies-on-plastic-trash-in-the-ocean-study-finds,article,,../data/disaster_news/articles/2021_12_10_gardian_38.txt
2021-12-29T14:47:13Z,US sets record for new daily Covid cases amid Omicron surge,https://www.theguardian.com/us-news/2021/dec/29/us-sets-record-daily-covid-cases-omicron-surge,article,,../data/disaster_news/articles/2021_12_29_gardian_39.txt
2021-12-29T13:14:57Z,Covid vaccinations lag among pregnant Americans amid surge in cases,https://www.theguardian.com/us-news/2021/dec/29/us-covid-vaccines-pregnancy,article,,../data/disaster_news/articles/2021_12_29_gardian_40.txt
2021-12-23T10:00:52Z,US hospitals struggle with staffing shortages and Omicron outbreaks,https://www.theguardian.com/us-news/2021/dec/23/us-hospitals-staffing-shortages-omicron-covid,article,,../data/disaster_news/articles/2021_12_23_gardian_41.txt
2021-12-16T11:00:02Z,Should poison be dropped on a mouse-infested island? California weighs plan,https://www.theguardian.com/us-news/2021/dec/16/farallon-islands-mice-poison-farallones,article,,../data/disaster_news/articles/2021_12_16_gardian_42.txt
2021-12-28T23:15:04Z, Ghislaine Maxwell: jury weighs charges as judge warns Covid could derail trial,https://www.theguardian.com/us-news/2021/dec/28/ghislaine-maxwell-jury-deliberations-resume-sex-trafficking-trial,article,,../data/disaster_news/articles/2021_12_28_gardian_43.txt
2021-12-17T18:56:00Z,Helicopters to drop poison on California’s Farallon Islands amid ‘plague’ of mice,https://www.theguardian.com/us-news/2021/dec/17/california-farallon-islands-plague-mice-helicopter-poison,article,,../data/disaster_news/articles/2021_12_17_gardian_44.txt
2021-12-09T19:20:38Z,New York’s Met museum to remove Sackler family name from its galleries,https://www.theguardian.com/us-news/2021/dec/09/new-york-met-art-museum-to-remove-sackler-family-name-from-galleries,article,,../data/disaster_news/articles/2021_12_09_gardian_45.txt
2021-12-06T07:00:17Z,Omicron brings fresh concern for US mental health after ‘grim two years’,https://www.theguardian.com/us-news/2021/dec/06/omicron-mental-health-america-covid-pandemic,article,,../data/disaster_news/articles/2021_12_06_gardian_46.txt
2021-12-30T18:35:44Z,Harry Reid obituary,https://www.theguardian.com/us-news/2021/dec/30/harry-reid-obituary,article,,../data/disaster_news/articles/2021_12_30_gardian_47.txt
