webPublicationDate,webTitle,webUrl,type,disaster_type,path
2021-06-18T08:27:16Z,Record-shattering heat wave bakes western US amid mega-drought | First Thing,https://www.theguardian.com/us-news/2021/jun/18/first-thing-record-shattering-heatwave-bakes-western-us-amid-mega-drought,article,,../data/disaster_news/articles/2021_06_18_gardian_0.txt
2021-06-30T17:24:27Z,Heatwave: Biden and Harris meet western governors as region in emergency,https://www.theguardian.com/us-news/2021/jun/30/joe-biden-kamala-harris-west-coast-heatwave-governors,article,heatwave,../data/disaster_news/articles/2021_06_30_gardian_1.txt
2021-06-24T05:00:48Z,Severe heatwave in US states breaks June temperature records,https://www.theguardian.com/us-news/2021/jun/24/severe-heatwave-in-us-states-breaks-june-temperature-records,article,heatwave,../data/disaster_news/articles/2021_06_24_gardian_2.txt
2021-06-22T16:52:54Z,Big Sur fire: hundreds of firefighters battle blaze raging in California,https://www.theguardian.com/us-news/2021/jun/21/big-sur-wildfire-willow-fire,article,,../data/disaster_news/articles/2021_06_22_gardian_3.txt
2021-06-30T10:20:36Z,Officials warn historic heatwave in North American west is just the beginning | First Thing,https://www.theguardian.com/us-news/2021/jun/30/first-thing-officials-warn-historic-heatwave-in-north-american-west-is-just-the-beginning,article,heatwave,../data/disaster_news/articles/2021_06_30_gardian_4.txt
2021-06-04T20:34:08Z,Utah governor urges residents to pray for rain as drought bites,https://www.theguardian.com/us-news/2021/jun/04/utah-governor-pray-for-rain-drought,article,drought,../data/disaster_news/articles/2021_06_04_gardian_5.txt
2021-06-08T13:38:37Z,"Amid mega-drought, rightwing militia stokes water rebellion in US west",https://www.theguardian.com/us-news/2021/jun/08/klamath-falls-oregon-protests-ammon-bundy,article,,../data/disaster_news/articles/2021_06_08_gardian_6.txt
2021-06-08T14:28:07Z,Legal storm clouds gather over Donald Trump’s future,https://www.theguardian.com/us-news/2021/jun/08/trump-legal-threat-investigations-courts,article,storm,../data/disaster_news/articles/2021_06_08_gardian_7.txt
2021-06-13T10:00:02Z,The quest to solve the mysterious ‘eerie’ hum of the Golden Gate Bridge,https://www.theguardian.com/us-news/2021/jun/13/golden-gate-bridge-hum-noise-san-francisco,article,,../data/disaster_news/articles/2021_06_13_gardian_8.txt
2021-06-15T10:00:41Z,California’s drought may have helped solve the mystery of a 1965 plane crash,https://www.theguardian.com/us-news/2021/jun/15/folsom-lake-plane-crash-california-drought,article,drought,../data/disaster_news/articles/2021_06_15_gardian_9.txt
2021-06-11T10:00:13Z,California to transport 17m salmon to the sea by truck as drought bites,https://www.theguardian.com/us-news/2021/jun/11/california-to-transport-17m-salmon-to-the-sea-by-truck-as-drought-bites,article,drought,../data/disaster_news/articles/2021_06_11_gardian_10.txt
2021-06-29T10:00:06Z,California developers want to build a city in the wildlands. It could all go up in flames,https://www.theguardian.com/us-news/2021/jun/29/tejon-ranch-housing-centennial-california-wildfires,article,,../data/disaster_news/articles/2021_06_29_gardian_11.txt
2021-06-15T10:00:40Z,Anticipation builds ahead of Biden-Putin summit | First Thing,https://www.theguardian.com/us-news/2021/jun/15/first-thing-anticipation-builds-for-biden-putin-summit,article,,../data/disaster_news/articles/2021_06_15_gardian_12.txt
2021-06-10T10:07:02Z,G7 leaders will reportedly call for fresh WHO Covid investigation and Biden declares “the US is back” | First Thing,https://www.theguardian.com/us-news/2021/jun/10/first-thing-g7-leaders-will-reportedly-call-for-fresh-who-covid-investigation,article,,../data/disaster_news/articles/2021_06_10_gardian_13.txt
2021-06-07T09:57:08Z,Economic toll of climate crisis ‘will be like two pandemics a year’ | First Thing,https://www.theguardian.com/us-news/2021/jun/07/first-thing-economic-toll-climate-crisis-like-two-pandemics-a-year,article,,../data/disaster_news/articles/2021_06_07_gardian_14.txt
2021-06-08T19:31:24Z,"‘Incredibly scary’: Arizona wildfires scorch more than 138,000 acres",https://www.theguardian.com/us-news/2021/jun/08/arizona-wildfires-latest-telegraph-mescal,article,wildfire,../data/disaster_news/articles/2021_06_08_gardian_15.txt
2021-06-30T22:58:47Z,Miami condo collapse death toll hits 18 as weather has potential to affect site,https://www.theguardian.com/us-news/2021/jun/30/miami-condo-collapse-latest-death-toll-weather,article,,../data/disaster_news/articles/2021_06_30_gardian_16.txt
2021-06-28T19:11:50Z,‘Heat dome’ in Pacific north-west breaks records as Portland braces for 115F,https://www.theguardian.com/us-news/2021/jun/28/pacific-north-west-breaks-heat-records,article,,../data/disaster_news/articles/2021_06_28_gardian_17.txt
2021-06-17T15:28:54Z,Californians and Texans urged to conserve energy as temperatures soar,https://www.theguardian.com/us-news/2021/jun/17/california-texas-energy-temperatures-heat,article,,../data/disaster_news/articles/2021_06_17_gardian_18.txt
2021-06-22T17:59:39Z,Wildfires burn across US west as lightning sets off blaze near Arizona city,https://www.theguardian.com/us-news/2021/jun/22/wildfires-us-west-arizona-california,article,wildfire,../data/disaster_news/articles/2021_06_22_gardian_19.txt
2021-06-01T20:30:29Z,‘Our society is totally nuts’: Fauci emails lift lid on life in eye of the Covid storm,https://www.theguardian.com/us-news/2021/jun/01/anthony-fauci-emails-covid-coronavirus,article,storm,../data/disaster_news/articles/2021_06_01_gardian_20.txt
2021-06-22T10:41:43Z,First Thing: Obama backs compromise to voting rights bill before Senate vote,https://www.theguardian.com/us-news/2021/jun/22/first-thing-obama-backs-compromise-to-voting-rights-bill-before-senate-vote,article,,../data/disaster_news/articles/2021_06_22_gardian_21.txt
2021-06-16T23:59:34Z,Mystery plane found in California lake turns out to be from 1986 crash,https://www.theguardian.com/us-news/2021/jun/16/california-folsom-lake-mystery-plane-crash,article,,../data/disaster_news/articles/2021_06_16_gardian_22.txt
2021-06-23T13:58:20Z,"US Navy’s powerful shock exercise harms marine mammals, expert says",https://www.theguardian.com/us-news/2021/jun/23/us-navy-shock-exercises-marine-life,article,,../data/disaster_news/articles/2021_06_23_gardian_23.txt
2021-06-03T11:42:39Z,First Thing | Netanyahu teeters as Israeli opposition agree on coalition ,https://www.theguardian.com/us-news/2021/jun/03/first-thing-netanyahu-teeters-as-israeli-opposition-agree-on-coalition,article,,../data/disaster_news/articles/2021_06_03_gardian_24.txt
2021-06-29T10:01:06Z,Obama accuses Trump of violating democracy and making up a 'whole bunch of hooey' | First Thing ,https://www.theguardian.com/us-news/2021/jun/29/first-thing-obama-accuses-trump-of-violating-democracy-and-making-up-a-whole-bunch-of-hooey,article,,../data/disaster_news/articles/2021_06_29_gardian_25.txt
2021-06-11T10:09:53Z,G7 summit kicks off as British PM says transatlantic relationship 'indestructible' | First Thing,https://www.theguardian.com/us-news/2021/jun/11/first-thing-g7-summit-kicks-off-as-british-pm-says-transatlantic-relationship-indestructible,article,,../data/disaster_news/articles/2021_06_11_gardian_26.txt
2021-06-29T08:30:05Z,Miami condo collapse prompts questions over role of climate change,https://www.theguardian.com/us-news/2021/jun/29/miami-condo-collapse-questions-climate-change,article,,../data/disaster_news/articles/2021_06_29_gardian_27.txt
2021-06-15T17:15:20Z,"US Covid deaths hit 600,000 as ex-Biden adviser says high toll was avoidable",https://www.theguardian.com/us-news/2021/jun/15/andy-slavitt-coronavirus-americans-sacrifice-little-bit,article,,../data/disaster_news/articles/2021_06_15_gardian_28.txt
2021-06-17T09:35:30Z,"Proof of Putin pudding is in the eating, says Biden after summit | First Thing",https://www.theguardian.com/us-news/2021/jun/17/first-thing-proof-of-putin-pudding-is-in-the-eating-says-biden-after-summit,article,,../data/disaster_news/articles/2021_06_17_gardian_29.txt
2021-06-22T20:13:42Z,California has a $5.2bn plan to pay off unpaid rent accrued during the pandemic,https://www.theguardian.com/us-news/2021/jun/22/california-rent-forgiveness-plan-coronavirus-pandemic,article,,../data/disaster_news/articles/2021_06_22_gardian_30.txt
2021-06-21T09:00:41Z,Can Hawaii reset its stressed out tourism industry after the pandemic?,https://www.theguardian.com/us-news/2021/jun/21/hawaii-tourism-industry-after-covid,article,,../data/disaster_news/articles/2021_06_21_gardian_31.txt
2021-06-21T09:48:51Z,Biden faces Senate showdown on key domestic agenda issues | First Thing,https://www.theguardian.com/us-news/2021/jun/21/first-thing-biden-faces-senate-showdown-on-key-domestic-agenda-issues,article,,../data/disaster_news/articles/2021_06_21_gardian_32.txt
2021-06-24T16:24:14Z,America’s top general defends study of critical race theory by military,https://www.theguardian.com/us-news/2021/jun/24/critical-race-theory-general-mark-milley-defence-military,article,,../data/disaster_news/articles/2021_06_24_gardian_33.txt
2021-06-29T16:38:18Z,Search for Miami collapse survivors continues as death toll rises to 12,https://www.theguardian.com/us-news/2021/jun/29/miami-condo-collapse-survivors-search-deaths,article,,../data/disaster_news/articles/2021_06_29_gardian_34.txt
2021-06-23T10:13:24Z,Voting rights bill blocked in Senate despite united Democrats | First Thing,https://www.theguardian.com/us-news/2021/jun/23/first-thing-voting-rights-bill-fails-senate-despite-democratic-unity-plus-the-people-trying-to-sell-their-memes-for-millions,article,,../data/disaster_news/articles/2021_06_23_gardian_35.txt
2021-06-01T18:10:14Z,Lord Ashcroft’s daughter-in-law on manslaughter charge after officer death,https://www.theguardian.com/us-news/2021/jun/01/partner-of-ashcroft-son-on-manslaughter-charge-after-police-death,article,,../data/disaster_news/articles/2021_06_01_gardian_36.txt
2021-06-14T09:30:24Z,Biden in Brussels ahead of big week for US diplomacy | First Thing,https://www.theguardian.com/us-news/2021/jun/14/first-thing-biden-in-brussels-in-big-week-for-us-diplomacy,article,,../data/disaster_news/articles/2021_06_14_gardian_37.txt
2021-06-28T22:05:10Z,Miami condo collapse: death toll rises to 11 as rescue teams continue search,https://www.theguardian.com/us-news/2021/jun/28/miami-condo-collapse-rescue-surfside-search,article,,../data/disaster_news/articles/2021_06_28_gardian_38.txt
2021-06-27T00:12:49Z,‘Praying for a miracle’: the desperate search for scores missing in condo collapse,https://www.theguardian.com/us-news/2021/jun/26/condo-collapse-surfside-search,article,,../data/disaster_news/articles/2021_06_27_gardian_39.txt
2021-06-08T09:28:23Z,Donald Trump no longer 'Teflon Don' as legal threat mounts | First Thing,https://www.theguardian.com/us-news/2021/jun/08/first-thing-teflon-don-no-more-as-legal-threats-mount-against-trump,article,,../data/disaster_news/articles/2021_06_08_gardian_40.txt
2021-06-02T16:56:27Z,Can Biden’s Justice40 plan deliver a fairer environment for people of color?,https://www.theguardian.com/us-news/2021/jun/02/biden-justice40-plan-environmental-justice,article,,../data/disaster_news/articles/2021_06_02_gardian_41.txt
2021-06-01T11:28:07Z,"Fox News host Sean Hannity wrote Trump 2020 campaign ad, book claims",https://www.theguardian.com/us-news/2021/jun/01/sean-hannity-fox-news-trump-campaign-ad,article,,../data/disaster_news/articles/2021_06_01_gardian_42.txt
2021-06-20T06:00:16Z,QAnon and on: why the fight against extremist conspiracies is far from over,https://www.theguardian.com/us-news/2021/jun/20/qanon-conspiracy-theories-pizzagate-infowars-storm-is-upon-us-mike-rothschild,article,,../data/disaster_news/articles/2021_06_20_gardian_43.txt
2021-06-09T10:29:32Z,AOC brands Kamala Harris’s comments to Guatemalan migrants “disappointing” | First Thing,https://www.theguardian.com/us-news/2021/jun/09/first-thing-aoc-brands-kamala-harriss-comments-to-guatemalan-migrants-disappointing,article,,../data/disaster_news/articles/2021_06_09_gardian_44.txt
2021-06-03T06:00:03Z,Black community tackles vaccine hesitancy in Alabama but Trump supporters resist,https://www.theguardian.com/us-news/2021/jun/03/alabama-vaccine-hesitancy,article,,../data/disaster_news/articles/2021_06_03_gardian_45.txt
2021-06-10T23:35:24Z,FBI chief calls Capitol attack domestic terrorism and rejects Trump’s fraud claims,https://www.theguardian.com/us-news/2021/jun/10/capitol-attack-fbi-christopher-wray-congress,article,,../data/disaster_news/articles/2021_06_10_gardian_46.txt
2021-06-24T09:40:02Z,Britney Spears’ emotional bid to end 'abusive' 13-year conservatorship | First Thing,https://www.theguardian.com/us-news/2021/jun/24/first-thing-britney-spears-emotional-bid-to-end-abusive-13-year-conservatorship,article,,../data/disaster_news/articles/2021_06_24_gardian_47.txt
