webPublicationDate,webTitle,webUrl,type,disaster_type,path
2021-07-09T12:03:15Z,"Hail, tornadoes and flooded New York subways as stormy weather hits east coast",https://www.theguardian.com/us-news/2021/jul/08/tropical-storm-elsa-new-york-flooding-rain,article,tornado,../data/disaster_news/articles/2021_07_09_gardian_0.txt
2021-07-12T10:21:30Z,Wildfires burn as heatwave grips US west coast  | First Thing,https://www.theguardian.com/us-news/2021/jul/12/first-thing-wildfires-burn-as-heatwave-grips-us-west-coast,article,heatwave,../data/disaster_news/articles/2021_07_12_gardian_1.txt
2021-07-24T12:45:34Z,US set for punishing temperatures as huge ‘heat dome’ to settle over country,https://www.theguardian.com/us-news/2021/jul/24/america-heatwave-climate-crisis-heat-dome,article,,../data/disaster_news/articles/2021_07_24_gardian_2.txt
2021-07-16T16:28:13Z,Flagstaff declares state of emergency as Arizona hit by devastating floods,https://www.theguardian.com/us-news/2021/jul/16/arizona-floods-flagstaff-state-of-emergency,article,flood,../data/disaster_news/articles/2021_07_16_gardian_3.txt
2021-07-09T23:29:37Z,US west heatwave: 31m people brace for record-breaking temperatures,https://www.theguardian.com/us-news/2021/jul/09/us-west-heatwave-california-nevada-record,article,heatwave,../data/disaster_news/articles/2021_07_09_gardian_4.txt
2021-07-07T19:59:40Z,California braces for dangerously high temperatures in new heatwave,https://www.theguardian.com/us-news/2021/jul/07/california-heatwave-high-temperatures-inland-central-valley,article,heatwave,../data/disaster_news/articles/2021_07_07_gardian_5.txt
2021-07-18T16:36:13Z,US surgeon general: Covid misinformation ‘spreading like wildfire’ on social media,https://www.theguardian.com/us-news/2021/jul/18/us-surgeon-general-covid-misinformation-spreading-like-wildfire-social-media,article,wildfire,../data/disaster_news/articles/2021_07_18_gardian_6.txt
2021-07-09T15:28:05Z,New York City warned ‘climate change is here’ as storm floods streets and subway,https://www.theguardian.com/us-news/2021/jul/09/new-york-city-storm-flooding-climate-change,article,storm,../data/disaster_news/articles/2021_07_09_gardian_7.txt
2021-07-08T23:11:24Z,Record-breaking US Pacific north-west heatwave killed almost 200 people,https://www.theguardian.com/us-news/2021/jul/08/pacific-northwest-heatwave-deaths,article,heatwave,../data/disaster_news/articles/2021_07_08_gardian_8.txt
2021-07-21T18:46:09Z,California couple whose gender-reveal party sparked a wildfire charged with 30 crimes,https://www.theguardian.com/us-news/2021/jul/21/couple-gender-reveal-party-wildfire-charged,article,wildfire,../data/disaster_news/articles/2021_07_21_gardian_9.txt
2021-07-01T11:40:31Z,Record-breaking heatwave blamed for spike in deaths in Pacific north-west,https://www.theguardian.com/us-news/2021/jul/01/heatwave-pacific-north-west-deaths,article,heatwave,../data/disaster_news/articles/2021_07_01_gardian_10.txt
2021-07-03T10:00:49Z,‘We thought it wouldn’t affect us’: heatwave forces climate reckoning in Pacific north-west,https://www.theguardian.com/us-news/2021/jul/03/pacific-northwest-heat-dome-climate-change,article,heatwave,../data/disaster_news/articles/2021_07_03_gardian_11.txt
2021-07-13T10:32:36Z,Texas Democrats thwart voting restrictions bill | First Thing,https://www.theguardian.com/us-news/2021/jul/13/first-thing-texas-democrats-leave-state-to-thwart-voting-restrictions-bill,article,,../data/disaster_news/articles/2021_07_13_gardian_12.txt
2021-07-20T19:47:22Z,Thunderstorms and lightning threaten to spur more fires in US west,https://www.theguardian.com/us-news/2021/jul/20/us-west-wildfires-bootleg-fire-oregon,article,,../data/disaster_news/articles/2021_07_20_gardian_13.txt
2021-07-12T18:53:09Z,Health warnings as Death Valley scorches in 54.4C heat,https://www.theguardian.com/us-news/2021/jul/12/health-warnings-as-death-valley-scorches-in-544c-heat,article,,../data/disaster_news/articles/2021_07_12_gardian_14.txt
2021-07-01T23:29:45Z,Miami condo rescue work resumes after structural concerns prompt delay,https://www.theguardian.com/us-news/2021/jul/01/miami-condo-collapse-rescue-halted-victims,article,,../data/disaster_news/articles/2021_07_01_gardian_15.txt
2021-07-09T10:01:07Z,Two US-Haitians arrested in connection with Jovenel Moïse assassination  | First Thing,https://www.theguardian.com/us-news/2021/jul/09/first-thing-two-us-haitians-arrested-in-connection-with-jovenel-moise-assassination,article,,../data/disaster_news/articles/2021_07_09_gardian_16.txt
2021-07-03T16:56:16Z,Miami condo death toll rises to 24 amid plans to demolish remaining structure,https://www.theguardian.com/us-news/2021/jul/03/north-miami-beach-condo-evacuated-surfside-collapse-audit,article,,../data/disaster_news/articles/2021_07_03_gardian_17.txt
2021-07-22T10:14:25Z,McCarthy pulls GOP appointees from Capitol attack panel | First Thing,https://www.theguardian.com/us-news/2021/jul/22/first-thing-kevin-mccarthy-pulls-gop-appointees-from-capitol-attack-panel,article,,../data/disaster_news/articles/2021_07_22_gardian_18.txt
2021-07-06T22:32:28Z, ‘Significant concerns’ over Florida condo near collapsed Miami building,https://www.theguardian.com/us-news/2021/jul/06/florida-surfside-condo-concerns-champlain-towers-north-south,article,,../data/disaster_news/articles/2021_07_06_gardian_19.txt
2021-07-02T10:05:32Z,Criminal charges brought against Trump family business | First Thing,https://www.theguardian.com/us-news/2021/jul/02/first-thing-criminal-charges-donald-trump-family-business,article,,../data/disaster_news/articles/2021_07_02_gardian_20.txt
2021-07-23T10:22:55Z,US in ‘another pivotal moment’ as Delta variant surges | First Thing,https://www.theguardian.com/us-news/2021/jul/23/first-thing-us-pivotal-moment-delta-variant-surges,article,,../data/disaster_news/articles/2021_07_23_gardian_21.txt
2021-07-11T10:30:42Z,"US records rising number of drownings in lakes, rivers and backyard pools",https://www.theguardian.com/us-news/2021/jul/11/drownings-rising-us-lake-rivers-pools,article,,../data/disaster_news/articles/2021_07_11_gardian_22.txt
2021-07-21T13:03:12Z,New York air quality among worst in world as haze from western wildfires shrouds city,https://www.theguardian.com/us-news/2021/jul/21/new-york-air-quality-plunges-smoke-west-coast-wildfires,article,wildfire,../data/disaster_news/articles/2021_07_21_gardian_23.txt
2021-07-08T09:26:32Z,US in race against Delta variant as Covid cases rise in nearly half of states | First Thing,https://www.theguardian.com/us-news/2021/jul/08/first-thing-us-in-race-against-delta-variant-as-covid-cases-rise-in-nearly-half-of-states,article,,../data/disaster_news/articles/2021_07_08_gardian_24.txt
2021-07-29T11:59:15Z,Rare bipartisan vote moves forward $1.2tn infrastructure deal | First Thing,https://www.theguardian.com/us-news/2021/jul/29/first-thing-rare-bipartisan-vote-moves-forward-infrastructure-deal-joe-biden,article,,../data/disaster_news/articles/2021_07_29_gardian_25.txt
2021-07-02T22:19:08Z,Miami firefighter’s daughter found dead in condo rubble as toll rises to 22,https://www.theguardian.com/us-news/2021/jul/02/miami-condo-collapse-victims-firefighter-daughter,article,,../data/disaster_news/articles/2021_07_02_gardian_26.txt
2021-07-16T11:31:45Z,What the Kremlin papers said about Trump | First Thing,https://www.theguardian.com/us-news/2021/jul/16/first-thing-what-the-kremlin-papers-said-about-trump,article,,../data/disaster_news/articles/2021_07_16_gardian_27.txt
2021-07-20T13:08:54Z,Giant rare moonfish washes up on Oregon coast,https://www.theguardian.com/us-news/2021/jul/20/moonfish-opah-fish-oregon-coast,article,,../data/disaster_news/articles/2021_07_20_gardian_28.txt
2021-07-19T09:42:14Z,"Human rights activists, dissidents and journalists targeted by Pegasus spyware | First Thing",https://www.theguardian.com/us-news/2021/jul/19/first-thing-human-rights-activists-dissidents-and-journalists-targeted-by-pegasus-spyware,article,,../data/disaster_news/articles/2021_07_19_gardian_29.txt
2021-07-28T11:56:11Z,Police tell panel of trauma of Capitol attack | First Thing,https://www.theguardian.com/us-news/2021/jul/28/first-thing-police-tell-panel-of-trauma-of-capitol-attack,article,,../data/disaster_news/articles/2021_07_28_gardian_30.txt
2021-07-12T10:00:11Z,The push to clear homeless camps from Venice Beach: ‘I don’t know where we’ll go’,https://www.theguardian.com/us-news/2021/jul/12/venice-beach-homeless-camps-evicted-los-angeles,article,,../data/disaster_news/articles/2021_07_12_gardian_31.txt
2021-07-06T00:12:20Z,Miami condo collapse: death toll reaches 28 as demolition expands search area,https://www.theguardian.com/us-news/2021/jul/05/miami-condo-collapse-death-toll-25,article,,../data/disaster_news/articles/2021_07_06_gardian_32.txt
2021-07-30T10:00:05Z,Federal workers must be vaccinated or regularly tested | First Thing,https://www.theguardian.com/us-news/2021/jul/30/first-thing-federal-workers-must-be-vaccinated-or-regularly-tested,article,,../data/disaster_news/articles/2021_07_30_gardian_33.txt
2021-07-12T15:22:27Z,Bay of Pigs veteran among victims of Miami condo collapse as toll rises to 94,https://www.theguardian.com/us-news/2021/jul/12/bay-of-pigs-veteran-miami-condo-collapse-juan-mora-surfside,article,,../data/disaster_news/articles/2021_07_12_gardian_34.txt
2021-07-27T10:22:38Z,House begins Capitol attack inquiry | First Thing,https://www.theguardian.com/us-news/2021/jul/27/first-thing-house-begins-capitol-attack-inquiry,article,,../data/disaster_news/articles/2021_07_27_gardian_35.txt
2021-07-28T15:45:26Z,Washington state county is first in US to ban new fossil fuel infrastructure,https://www.theguardian.com/us-news/2021/jul/28/washington-state-whatcom-county-ban-fossil-fuel-infrastructure,article,,../data/disaster_news/articles/2021_07_28_gardian_36.txt
2021-07-06T10:00:24Z,"Six months on, Republican efforts to deny the January 6 Capitol attack are working | First Thing",https://www.theguardian.com/us-news/2021/jul/06/first-thing-six-months-on-republican-efforts-to-deny-capitol-attack-are-working,article,,../data/disaster_news/articles/2021_07_06_gardian_37.txt
2021-07-05T05:00:42Z,"Playboy bunnies, antique toys, QAnon rabbits: California’s Bunny Museum – in pictures",https://www.theguardian.com/us-news/2021/jul/04/california-bunny-museum-rabbits-altadena,article,,../data/disaster_news/articles/2021_07_05_gardian_38.txt
2021-07-20T13:34:23Z,J&J and others reportedly on verge of $26bn US opioid settlement ,https://www.theguardian.com/us-news/2021/jul/20/opioid-drug-settlement-johnson-and-johnson-crisis-deal,article,,../data/disaster_news/articles/2021_07_20_gardian_39.txt
2021-07-04T09:00:17Z,Ron DeSantis: is the Trump-aligned Florida governor plotting a White House run?,https://www.theguardian.com/us-news/2021/jul/04/ron-desantis-florida-governor-donald-trump-republicans,article,,../data/disaster_news/articles/2021_07_04_gardian_40.txt
2021-07-07T23:20:55Z,‘No chance of life’: search for survivors ends as Miami condo deaths hit 46,https://www.theguardian.com/us-news/2021/jul/07/miami-condo-collapse-death-toll-rises-families-missing,article,,../data/disaster_news/articles/2021_07_07_gardian_41.txt
