webPublicationDate,webTitle,webUrl,type,disaster_type,path
2022-05-12T22:46:35Z,New Mexico wildfire rampages on as fresh blaze engulfs California mansions,https://www.theguardian.com/us-news/2022/may/12/new-mexico-wildfire-california,article,wildfire,../data/disaster_news/articles/2022_05_12_gardian_0.txt
2022-05-21T18:21:15Z,US heatwave brings historically high temperatures to dozens of states,https://www.theguardian.com/us-news/2022/may/21/us-heatwave-temperatures-hot-weather-us-states,article,heatwave,../data/disaster_news/articles/2022_05_21_gardian_1.txt
2022-05-20T19:36:04Z,Historic heatwave poised to hit dozens of US states this weekend,https://www.theguardian.com/us-news/2022/may/20/us-heatwave-weekend-temperatures-climate-crisis,article,heatwave,../data/disaster_news/articles/2022_05_20_gardian_2.txt
2022-05-18T06:00:43Z,‘Nothing to go back to’: the way of life lost to New Mexico’s historic fire,https://www.theguardian.com/us-news/2022/may/18/new-mexico-wildfire-hermits-peak-calf-canyon,article,,../data/disaster_news/articles/2022_05_18_gardian_3.txt
2022-05-02T21:13:34Z,Thousands flee New Mexico wildfire as blaze breaches containment lines,https://www.theguardian.com/us-news/2022/may/02/new-mexico-wildfire-calf-canyon-thousands-flee,article,wildfire,../data/disaster_news/articles/2022_05_02_gardian_4.txt
2022-05-03T10:04:53Z,Supreme court reportedly votes to overturn Roe v Wade | First Thing,https://www.theguardian.com/us-news/2022/may/03/first-thing-supreme-court-reportedly-votes-to-overturn-roe-v-wade,article,,../data/disaster_news/articles/2022_05_03_gardian_5.txt
2022-05-05T17:41:39Z,Firefighters slow advance of New Mexico blaze as Biden declares disaster ,https://www.theguardian.com/us-news/2022/may/05/new-mexico-wildfire-us-biden-declares-disaster,article,,../data/disaster_news/articles/2022_05_05_gardian_6.txt
2022-05-03T20:59:33Z,California’s new drought rules: will they be enough to halt the ‘alarming challenges’ ahead?,https://www.theguardian.com/us-news/2022/may/03/californias-new-drought-rules-will-they-be-enough-to-halt-the-alarming-challenges-ahead,article,drought,../data/disaster_news/articles/2022_05_03_gardian_7.txt
2022-05-10T21:40:38Z,"Trump inquired if China could make hurricanes to harm US, ex-officials say",https://www.theguardian.com/us-news/2022/may/10/donald-trump-china-hurricanes,article,hurricane,../data/disaster_news/articles/2022_05_10_gardian_8.txt
2022-05-11T10:10:20Z,Ukraine forces pushing back Russian troops in Kharkiv | First Thing,https://www.theguardian.com/us-news/2022/may/11/first-thing-ukraine-forces-pushing-back-russian-troops-in-kharkiv,article,,../data/disaster_news/articles/2022_05_11_gardian_9.txt
2022-05-23T09:41:47Z,"Up to 100 Ukrainians dying every day in east, Zelenskiy says | First Thing",https://www.theguardian.com/us-news/2022/may/23/first-thing-up-to-100-ukrainians-dying-every-day-in-east-volodymyr-zelenskiy-says,article,,../data/disaster_news/articles/2022_05_23_gardian_10.txt
2022-05-24T11:42:53Z,Moscow to deepen ties with China as west pledges more weapons | First Thing,https://www.theguardian.com/us-news/2022/may/24/first-thing-moscow-deepen-ties-china-west-pledges-more-weapons-ukraine,article,,../data/disaster_news/articles/2022_05_24_gardian_11.txt
2022-05-23T20:33:21Z,California threatens ‘mandatory water restrictions’ if people don’t cut back,https://www.theguardian.com/us-news/2022/may/23/california-drought-water-restrictions-gavin-newsom,article,,../data/disaster_news/articles/2022_05_23_gardian_12.txt
2022-05-28T16:15:23Z,Deaths of three Chicago women prompt urgent heat warnings,https://www.theguardian.com/us-news/2022/may/28/chicago-deaths-heat-waves-air-conditioning,article,,../data/disaster_news/articles/2022_05_28_gardian_13.txt
2022-05-09T19:20:51Z,Second set of human remains found in receding Lake Mead waters,https://www.theguardian.com/us-news/2022/may/09/lake-mead-human-remains-found-las-vegas,article,,../data/disaster_news/articles/2022_05_09_gardian_14.txt
2022-05-10T23:36:39Z,"California water use leaps 19% in March, amid one of the driest months on record ",https://www.theguardian.com/us-news/2022/may/10/california-water-use-leaps-19-in-march-amid-one-of-the-driest-months-on-record,article,,../data/disaster_news/articles/2022_05_10_gardian_15.txt
2022-05-06T10:02:40Z,UN plans third evacuation from Azovstal steelworks | First Thing,https://www.theguardian.com/us-news/2022/may/06/first-thing-un-plans-third-evacuation-azovstal-steelworks-ukraine,article,,../data/disaster_news/articles/2022_05_06_gardian_16.txt
2022-05-02T09:56:59Z,Ukraine hopes to evacuate more civilians from Mariupol | First Thing,https://www.theguardian.com/us-news/2022/may/02/first-thing-ukraine-hopes-to-evacuate-more-civilians-from-besieged-mariupol,article,,../data/disaster_news/articles/2022_05_02_gardian_17.txt
2022-05-22T05:00:40Z,The town at the center of California’s climate refugee crisis,https://www.theguardian.com/us-news/2022/may/22/california-homelessness-climate-wildfire-refugee,article,,../data/disaster_news/articles/2022_05_22_gardian_18.txt
2022-05-03T17:36:10Z,‘Betrayal’: chief justice orders inquiry into leak of draft abortion ruling,https://www.theguardian.com/us-news/2022/may/03/chief-justice-roberts-abortion-leak-investigation-supreme-court,article,,../data/disaster_news/articles/2022_05_03_gardian_19.txt
2022-05-28T09:30:27Z,Will this fruit-picking robot transform agriculture?,https://www.theguardian.com/us-news/2022/may/28/robot-agriculture-farming-artificial-intelligence,article,,../data/disaster_news/articles/2022_05_28_gardian_20.txt
2022-05-26T10:49:54Z,Texas gunman was inside school for 40 minutes | First Thing,https://www.theguardian.com/us-news/2022/may/26/first-thing-texas-gunman-was-inside-school-for-40-minutes,article,,../data/disaster_news/articles/2022_05_26_gardian_21.txt
2022-05-18T03:12:12Z,Pro-Trump firebrand Madison Cawthorn concedes in House race,https://www.theguardian.com/us-news/2022/may/17/madison-cawthorn-chuck-edwards-congress,article,,../data/disaster_news/articles/2022_05_18_gardian_22.txt
2022-05-05T07:00:29Z,Trump the hero for anti-abortion movement after bending supreme court his way,https://www.theguardian.com/us-news/2022/may/05/trump-abortion-supreme-court,article,,../data/disaster_news/articles/2022_05_05_gardian_23.txt
2022-05-29T20:33:13Z,DoJ launches investigation into police response to Uvalde school shooting,https://www.theguardian.com/us-news/2022/may/29/uvalde-school-shooting-doj-launches-investigation-into-police-response,article,,../data/disaster_news/articles/2022_05_29_gardian_24.txt
2022-05-29T16:51:18Z,"‘Too much fear, too much grief’: Biden visits Uvalde amid scrutiny of police response to shooting",https://www.theguardian.com/us-news/2022/may/28/texas-school-shooting-biden-harris-gun-control,article,,../data/disaster_news/articles/2022_05_29_gardian_25.txt
2022-05-22T08:00:42Z,‘Replacement theory’ still Republican orthodoxy despite Buffalo shooting,https://www.theguardian.com/us-news/2022/may/22/great-replacement-theory-republicans,article,,../data/disaster_news/articles/2022_05_22_gardian_26.txt
2022-05-06T12:00:16Z,Man who received landmark pig heart transplant may have died of pig virus,https://www.theguardian.com/us-news/2022/may/06/man-landmark-pig-heart-transplant-death-pig-virus,article,,../data/disaster_news/articles/2022_05_06_gardian_27.txt
2022-05-04T06:00:09Z,How soon could US states outlaw abortions if Roe v Wade is overturned?,https://www.theguardian.com/us-news/2022/may/04/us-supreme-court-abortion-explainer,article,,../data/disaster_news/articles/2022_05_04_gardian_28.txt
2022-05-05T09:00:32Z,The jobless Americans chasing the dream of ‘passive income’,https://www.theguardian.com/us-news/2022/may/05/passive-income-jobless-americans-pandemic,article,,../data/disaster_news/articles/2022_05_05_gardian_29.txt
2022-05-28T16:57:58Z,Biden laments violence and fear as Texas official says police made ‘wrong decision’,https://www.theguardian.com/us-news/2022/may/27/texas-school-shooting-police-classroom-wrong-decision,article,,../data/disaster_news/articles/2022_05_28_gardian_30.txt
2022-05-19T06:00:12Z,‘This can’t be real’: Grubhub promotion turns New York City restaurants into a ‘war zone’,https://www.theguardian.com/us-news/2022/may/18/this-cant-be-real-grubhub-promotion-turns-new-york-city-restaurants-into-a-war-zone,article,,../data/disaster_news/articles/2022_05_19_gardian_31.txt
2022-05-10T06:00:30Z,Divided States of America: Roe v Wade is ‘precursor to larger struggles’,https://www.theguardian.com/us-news/2022/may/10/divided-america-roe-v-wade-supreme-court-cold-civil-war,article,,../data/disaster_news/articles/2022_05_10_gardian_32.txt
2022-05-21T06:00:14Z,‘It’s how we grew up’: Buffalo’s struggle to escape the shadow of segregation,https://www.theguardian.com/us-news/2022/may/20/buffalo-shooting-segregation-history,article,,../data/disaster_news/articles/2022_05_21_gardian_33.txt
2022-05-08T07:00:23Z,Russian release fuels hopes for Biden action on US captives held worldwide,https://www.theguardian.com/us-news/2022/may/08/austin-tice-hostages-detainees-overseas-biden,article,,../data/disaster_news/articles/2022_05_08_gardian_34.txt
2022-05-27T06:00:10Z,‘It’s all preventable’: tackling America’s workplace suicide epidemic,https://www.theguardian.com/us-news/2022/may/27/us-workplace-suicide-rates-pandemic,article,,../data/disaster_news/articles/2022_05_27_gardian_35.txt
2022-05-21T05:00:11Z,Could this tough-on-crime billionaire be LA’s next mayor?,https://www.theguardian.com/us-news/2022/may/20/rick-caruso-los-angeles-mayor-candidate-reactionary,article,,../data/disaster_news/articles/2022_05_21_gardian_36.txt
2022-05-05T10:02:13Z,Joe Biden: ‘Maga crowd’ could target LGBTQ+ children next | First Thing,https://www.theguardian.com/us-news/2022/may/05/joe-biden-maga-crowd-could-target-lgbtq-children-next,article,,../data/disaster_news/articles/2022_05_05_gardian_37.txt
2022-05-26T17:16:59Z,‘More could have been done’: Texas police under scrutiny over response to school shooting,https://www.theguardian.com/us-news/2022/may/26/uvalde-texas-school-shooting-police-hesitated,article,,../data/disaster_news/articles/2022_05_26_gardian_38.txt
2022-05-06T05:00:06Z,Inside the Division: how a small team of US prosecutors fight decades of shocking injustice,https://www.theguardian.com/us-news/2022/may/06/prosecutors-new-orleans-mass-incarceration,article,,../data/disaster_news/articles/2022_05_06_gardian_39.txt
2022-05-07T05:00:24Z,Life in prison for stealing $20: how The Division is taking apart brutal criminal sentences,https://www.theguardian.com/us-news/2022/may/06/life-in-prison-for-stealing-20-how-the-division-is-taking-apart-brutal-criminal-sentences,article,,../data/disaster_news/articles/2022_05_07_gardian_40.txt
