webPublicationDate,webTitle,webUrl,type,disaster_type,path
2022-06-16T17:47:28Z,Thousands of cattle dead due to heatwave in Kansas,https://www.theguardian.com/us-news/2022/jun/16/cattle-deaths-kansas-heat-wave-climate,article,heatwave,../data/disaster_news/articles/2022_06_16_gardian_0.txt
2022-06-16T20:07:33Z,Key US baby formula plant closes again as ‘torrential storms’ cause flooding,https://www.theguardian.com/us-news/2022/jun/16/us-baby-formula-plant-closes-again-flooding-abbott,article,storm,../data/disaster_news/articles/2022_06_16_gardian_1.txt
2022-06-18T05:00:10Z,‘Historic’ weather: why a cocktail of natural disasters is battering the US,https://www.theguardian.com/us-news/2022/jun/17/compound-extremes-natural-disasters-us-west,article,,../data/disaster_news/articles/2022_06_18_gardian_2.txt
2022-06-15T13:09:37Z,Tell us: have you been advised to stay indoors during the US heatwave?,https://www.theguardian.com/us-news/2022/jun/15/tell-us-have-you-been-advised-to-stay-indoors-during-the-us-heatwave,article,heatwave,../data/disaster_news/articles/2022_06_15_gardian_3.txt
2022-06-09T09:45:15Z,Arizona’s emergency services brace for temperatures above 110F as deaths mount,https://www.theguardian.com/us-news/2022/jun/09/arizona-phoenix-triple-digit-heatwave-deaths,article,,../data/disaster_news/articles/2022_06_09_gardian_4.txt
2022-06-15T16:34:12Z,Over a third of US population urged to stay indoors amid record-breaking heat,https://www.theguardian.com/us-news/2022/jun/15/us-weather-heat-warnings-alerts-record-temperatures,article,,../data/disaster_news/articles/2022_06_15_gardian_5.txt
2022-06-13T19:47:12Z,Group of men storm Drag Queen Story Hour in California in possible hate crime,https://www.theguardian.com/us-news/2022/jun/13/drag-queen-event-stormed-men-believed-proud-boys-group-california,article,storm,../data/disaster_news/articles/2022_06_13_gardian_6.txt
2022-06-19T15:15:26Z,Yellowstone to partially reopen Wednesday after catastrophic flooding ,https://www.theguardian.com/us-news/2022/jun/19/yellowstone-reopen-partially-wednesday,article,,../data/disaster_news/articles/2022_06_19_gardian_7.txt
2022-06-18T19:50:21Z,"Gianforte was vacationing in Italy as Montana flooded, governor’s office says",https://www.theguardian.com/us-news/2022/jun/18/greg-gianforte-italy-montana-floods-yellowstone,article,,../data/disaster_news/articles/2022_06_18_gardian_8.txt
2022-06-15T10:38:10Z,More than 100m Americans urged to stay indoors amid extreme heat | First Thing,https://www.theguardian.com/us-news/2022/jun/15/first-thing-more-than-100m-americans-urged-to-stay-indoors-amid-extreme-heat,article,,../data/disaster_news/articles/2022_06_15_gardian_9.txt
2022-06-16T15:34:05Z,Water supply in Montana’s biggest city imperiled by Yellowstone floods,https://www.theguardian.com/us-news/2022/jun/16/yellowstone-floods-water-supply-billings-montana,article,flood,../data/disaster_news/articles/2022_06_16_gardian_10.txt
2022-06-09T06:00:11Z,Republican media blitz aims to discredit Capitol attack hearings,https://www.theguardian.com/us-news/2022/jun/08/house-capitol-attack-hearings-republicans-trump,article,,../data/disaster_news/articles/2022_06_09_gardian_11.txt
2022-06-03T10:30:05Z,"Up to 15,000 may join largest ever migrant caravan to walk through Mexico to US",https://www.theguardian.com/us-news/2022/jun/03/migrant-caravan-tapachula-mexico-biden,article,,../data/disaster_news/articles/2022_06_03_gardian_12.txt
2022-06-09T22:38:36Z,Sriracha lovers burned as maker halts production due to pepper shortage,https://www.theguardian.com/us-news/2022/jun/09/sriracha-chili-pepper-shortage,article,,../data/disaster_news/articles/2022_06_09_gardian_13.txt
2022-06-23T10:27:16Z,Hearing to focus on Trump’s pressure on justice officials | First Thing,https://www.theguardian.com/us-news/2022/jun/23/first-thing-january-6-hearing-to-focus-on-trump-pressuring-of-justice-officials,article,,../data/disaster_news/articles/2022_06_23_gardian_14.txt
2022-06-09T17:08:04Z,Panel to connect Proud Boys and Oath Keepers in Capitol attack conspiracy,https://www.theguardian.com/us-news/2022/jun/09/proud-boys-oath-keepers-capitol-attack,article,,../data/disaster_news/articles/2022_06_09_gardian_15.txt
2022-06-05T06:00:05Z,Biden gives far fewer interviews than his predecessors – could his caution backfire? ,https://www.theguardian.com/us-news/2022/jun/05/joe-biden-few-press-interviews-media-access,article,,../data/disaster_news/articles/2022_06_05_gardian_16.txt
2022-06-24T10:00:44Z,California’s largest reservoirs at critically low levels – signaling a dry summer ahead,https://www.theguardian.com/us-news/2022/jun/24/california-drought-reservoirs-water-levels,article,,../data/disaster_news/articles/2022_06_24_gardian_17.txt
2022-06-23T10:00:45Z,The last nuclear plant in California – and the unexpected quest to save it,https://www.theguardian.com/us-news/2022/jun/23/california-last-nuclear-power-plant-save,article,,../data/disaster_news/articles/2022_06_23_gardian_18.txt
2022-06-16T23:50:27Z,California delays Joshua Tree protections as experts say time is running out,https://www.theguardian.com/us-news/2022/jun/16/california-joshua-tree-threatened-species-delayed,article,,../data/disaster_news/articles/2022_06_16_gardian_19.txt
2022-06-06T07:00:29Z,Biden entered office facing daunting crises – only to be hit with more crises ,https://www.theguardian.com/us-news/2022/jun/06/joe-biden-entered-faces-daunting-crises,article,,../data/disaster_news/articles/2022_06_06_gardian_20.txt
2022-06-06T23:41:38Z,Proud Boys leaders charged with seditious conspiracy in 6 January riot,https://www.theguardian.com/us-news/2022/jun/06/proud-boys-leaders-charged-seditious-conspiracy-jan-6-riot,article,,../data/disaster_news/articles/2022_06_06_gardian_21.txt
2022-06-10T03:00:33Z,How a documentary film-maker became the January 6 panel’s star witness,https://www.theguardian.com/us-news/2022/jun/09/proud-boys-capitol-attack-nick-quested,article,,../data/disaster_news/articles/2022_06_10_gardian_22.txt
2022-06-07T12:00:53Z,Activists hail Biden’s use of security powers to boost clean energy,https://www.theguardian.com/us-news/2022/jun/07/biden-climate-change-defense-production-act,article,,../data/disaster_news/articles/2022_06_07_gardian_23.txt
2022-06-14T07:00:39Z,Why is Starbucks’ union drive speeding ahead while Amazon’s stumbles?,https://www.theguardian.com/us-news/2022/jun/14/starbucks-amazon-union-drives,article,,../data/disaster_news/articles/2022_06_14_gardian_24.txt
2022-06-13T06:00:10Z,"As Phoenix swelters, the nights are even worse than the boiling days",https://www.theguardian.com/us-news/2022/jun/13/phoenix-arizona-heatwave-daytime-night,article,,../data/disaster_news/articles/2022_06_13_gardian_25.txt
2022-06-20T10:20:46Z,Gustavo Petro becomes Colombia’s first leftist president | First Thing,https://www.theguardian.com/us-news/2022/jun/20/first-thing-gustavo-petro-becomes-colombias-first-leftist-president,article,,../data/disaster_news/articles/2022_06_20_gardian_26.txt
2022-06-22T10:40:52Z,State officials testify on Trump pressure to discredit election | First Thing,https://www.theguardian.com/us-news/2022/jun/22/first-thing-state-officials-testify-on-trump-pressure-to-discredit-election,article,,../data/disaster_news/articles/2022_06_22_gardian_27.txt
2022-06-24T05:00:07Z, ‘More to come’: what the January 6 panel has revealed of Trump’s efforts to retain power,https://www.theguardian.com/us-news/2022/jun/23/january-6-hearings-trump-role-recap,article,,../data/disaster_news/articles/2022_06_24_gardian_28.txt
2022-06-30T10:10:06Z,First Thing: January 6 committee subpoenas Donald Trump’s former counsel,https://www.theguardian.com/us-news/2022/jun/30/first-thing-january-6-committee-subpoenas-donald-trump-former-counsel,article,,../data/disaster_news/articles/2022_06_30_gardian_29.txt
2022-06-29T10:11:10Z,January 6 testimony puts Donald Trump in even greater peril | First Thing,https://www.theguardian.com/us-news/2022/jun/29/first-thing-january-6-testimony-puts-donald-trump-in-even-greater-peril,article,,../data/disaster_news/articles/2022_06_29_gardian_30.txt
2022-06-01T09:58:35Z,Biden approves sending rockets to Ukraine | First Thing,https://www.theguardian.com/us-news/2022/jun/01/first-thing-biden-approves-sending-rockets-to-ukraine,article,,../data/disaster_news/articles/2022_06_01_gardian_31.txt
2022-06-20T07:32:10Z,"Unhoused in Phoenix’s perilous heat: ‘If I don’t keep cool, I’ll die’",https://www.theguardian.com/us-news/2022/jun/20/phoenix-extreme-heat-housing-crisis,article,,../data/disaster_news/articles/2022_06_20_gardian_32.txt
2022-06-10T05:00:15Z,House January 6 panel shows it still has surprises in store in televised hearing,https://www.theguardian.com/us-news/2022/jun/10/capitol-attack-hearing-analysis-trump-pence,article,,../data/disaster_news/articles/2022_06_10_gardian_33.txt
2022-06-10T03:59:16Z,Vivid retelling brings horror of January 6 back to scene of the crime,https://www.theguardian.com/us-news/2022/jun/09/january-6-hearings-sketch-liz-cheney,article,,../data/disaster_news/articles/2022_06_10_gardian_34.txt
2022-06-12T14:52:08Z,"Pilot shortages, fuel prices and Covid: US braces for travel chaos",https://www.theguardian.com/us-news/2022/jun/12/us-airlines-summer-travel-shortages-covid,article,,../data/disaster_news/articles/2022_06_12_gardian_35.txt
2022-06-02T10:00:35Z,Los Angeles’ climate future hangs in the balance as city votes for new mayor,https://www.theguardian.com/us-news/2022/jun/02/california-los-angeles-mayor-elections-climate,article,,../data/disaster_news/articles/2022_06_02_gardian_36.txt
2022-06-07T11:01:49Z,First Thing: Proud Boys leaders charged with seditious conspiracy,https://www.theguardian.com/us-news/2022/jun/07/first-thing-proud-boys-leaders-charged-with-seditious-conspiracy,article,,../data/disaster_news/articles/2022_06_07_gardian_37.txt
