webPublicationDate,webTitle,webUrl,type,disaster_type,path
2022-01-01T08:00:43Z,‘We lost everything’: Colorado wildfire destroys hundreds of homes,https://www.theguardian.com/us-news/2022/jan/01/colorado-wildfires-destroy-hundreds-homes,article,wildfire,../data/disaster_news/articles/2022_01_01_gardian_0.txt
2022-01-05T23:52:06Z,Human remains found near suspected origin of Colorado wildfire,https://www.theguardian.com/us-news/2022/jan/05/colorado-wildfire-human-remains-marshall-fire,article,wildfire,../data/disaster_news/articles/2022_01_05_gardian_1.txt
2022-01-17T14:18:25Z," Winter storm brings snow, strong winds and thunderstorms to US north-east",https://www.theguardian.com/us-news/2022/jan/17/us-weather-storm-snow-thunderstorm-wind-north-east,article,storm,../data/disaster_news/articles/2022_01_17_gardian_2.txt
2022-01-03T08:00:41Z,‘Everything is a fight’: the island still reeling months after Ida battered Louisiana,https://www.theguardian.com/us-news/2022/jan/03/hurricane-ida-louisiana-grand-isle-still-reeling-months-later,article,,../data/disaster_news/articles/2022_01_03_gardian_3.txt
2022-01-07T17:01:32Z,Storm blankets US north-east in snow as millions face ‘disruptive’ winter weather,https://www.theguardian.com/us-news/2022/jan/07/us-weather-snow-north-east-new-york-new-jersey,article,storm,../data/disaster_news/articles/2022_01_07_gardian_4.txt
2022-01-04T23:02:38Z,Californians could face $500 fines for wasting water under new rules ,https://www.theguardian.com/us-news/2022/jan/04/california-drought-fines-water-restrictions,article,,../data/disaster_news/articles/2022_01_04_gardian_5.txt
2022-01-13T22:05:50Z,"Capitol attack panel subpoenas Google, Facebook and Twitter for digital records",https://www.theguardian.com/us-news/2022/jan/13/capitol-attack-subpoenas-google-facebook-twitter-reddit-january-6,article,,../data/disaster_news/articles/2022_01_13_gardian_6.txt
2022-01-07T11:00:37Z,The people who turned in their parents for their role in the Capitol attack,https://www.theguardian.com/us-news/2022/jan/07/capitol-attack-riot-trump-family-parents,article,,../data/disaster_news/articles/2022_01_07_gardian_7.txt
2022-01-05T18:16:08Z,More than 40% in US do not believe Biden legitimately won election – poll,https://www.theguardian.com/us-news/2022/jan/05/america-biden-election-2020-poll-victory,article,,../data/disaster_news/articles/2022_01_05_gardian_8.txt
2022-01-24T11:08:48Z,US and UK withdraw families from Ukraine embassies | First Thing,https://www.theguardian.com/us-news/2022/jan/24/first-thing-us-and-uk-withdraw-families-from-ukraine-embassies,article,,../data/disaster_news/articles/2022_01_24_gardian_9.txt
2022-01-06T01:00:48Z,Capitol attack: Biden to stress Trump’s ‘singular responsibility’ on anniversary,https://www.theguardian.com/us-news/2022/jan/05/us-capitol-attack-anniversary-joe-biden-police,article,,../data/disaster_news/articles/2022_01_06_gardian_10.txt
2022-01-18T11:35:53Z,Why is Biden one of the most unpopular US presidents? | First Thing,https://www.theguardian.com/us-news/2022/jan/18/first-thing-why-is-biden-one-of-the-most-unpopular-us-presidents,article,,../data/disaster_news/articles/2022_01_18_gardian_11.txt
2022-01-17T10:00:17Z,Revealed: the Flint water poisoning charges that never came to light,https://www.theguardian.com/us-news/2022/jan/17/flint-water-poisoning-charges,article,,../data/disaster_news/articles/2022_01_17_gardian_12.txt
2022-01-02T16:45:52Z,Fauci: hospitalization figures a better guide to Omicron than case count ,https://www.theguardian.com/us-news/2022/jan/02/fauci-covid-omicron-hospitalizations-case-count,article,,../data/disaster_news/articles/2022_01_02_gardian_13.txt
2022-01-07T07:00:32Z,Assault on American democracy has gained pace since US Capitol attack,https://www.theguardian.com/us-news/2022/jan/07/assault-on-american-democracy-has-gained-pace-since-us-capitol-attack,article,,../data/disaster_news/articles/2022_01_07_gardian_14.txt
2022-01-20T13:06:21Z,Trump held secret meetings in days before Capitol attack | First Thing,https://www.theguardian.com/us-news/2022/jan/20/first-thing-grisham-tells-of-trumps-secret-meetings-in-days-before-capitol-attack,article,,../data/disaster_news/articles/2022_01_20_gardian_15.txt
2022-01-19T11:51:00Z,Rapid fall in Covid cases in north-eastern US states | First Thing,https://www.theguardian.com/us-news/2022/jan/19/first-thing-rapid-fall-in-covid-cases-in-north-eastern-us-states,article,,../data/disaster_news/articles/2022_01_19_gardian_16.txt
2022-01-27T21:47:05Z,Four more bodies found off Florida coast from capsized boat ,https://www.theguardian.com/us-news/2022/jan/27/florida-coast-capsized-boat,article,,../data/disaster_news/articles/2022_01_27_gardian_17.txt
2022-01-11T22:37:31Z,Capitol attack panel closes in on Trump inner circle with three new subpoenas,https://www.theguardian.com/us-news/2022/jan/11/capitol-attack-panel-trump-subpoenas,article,,../data/disaster_news/articles/2022_01_11_gardian_18.txt
2022-01-20T11:00:03Z,"America has a manure problem, and the miracle solution being touted isn’t all that it seems",https://www.theguardian.com/us-news/2022/jan/20/manure-natural-gas-pipeline-factory-farms-greenwashing,article,,../data/disaster_news/articles/2022_01_20_gardian_19.txt
2022-01-17T11:20:20Z,Teenagers arrested in UK over Texas synagogue siege | First Thing,https://www.theguardian.com/us-news/2022/jan/17/first-thing-teenagers-arrested-in-uk-over-texas-synagogue-siege,article,,../data/disaster_news/articles/2022_01_17_gardian_20.txt
2022-01-11T07:00:09Z,‘It looks like a war zone’: horror as Bronx apartment building went up in flames,https://www.theguardian.com/us-news/2022/jan/11/bronx-fire-apartment-building-new-york-city,article,,../data/disaster_news/articles/2022_01_11_gardian_21.txt
2022-01-03T10:53:15Z,Cheney says Republicans must choose between Trump and truth | First Thing,https://www.theguardian.com/us-news/2022/jan/03/first-thing-cheney-says-republicans-must-choose-between-trump-and-truth,article,,../data/disaster_news/articles/2022_01_03_gardian_22.txt
2022-01-03T06:00:39Z,"US could be under rightwing dictator by 2030, Canadian professor warns",https://www.theguardian.com/us-news/2022/jan/03/us-rightwing-dictatorship-2030-trump-canada,article,,../data/disaster_news/articles/2022_01_03_gardian_23.txt
2022-01-27T10:15:27Z,America’s hottest city is nearly unlivable in summer. Can cooling technologies save it?,https://www.theguardian.com/us-news/2022/jan/27/phoenix-arizona-hottest-city-cooling-technologies,article,,../data/disaster_news/articles/2022_01_27_gardian_24.txt
2022-01-11T07:00:09Z,Voters move to block Trump ally Madison Cawthorn from re-election,https://www.theguardian.com/us-news/2022/jan/11/madison-cawthorn-trump-republican-north-carolina-voters,article,,../data/disaster_news/articles/2022_01_11_gardian_25.txt
2022-01-05T11:00:17Z,Prince Andrew’s lawyers fight to dismiss Virginia Giuffre lawsuit | First Thing,https://www.theguardian.com/us-news/2022/jan/05/first-thing-prince-andrews-lawyers-fight-to-dismiss-virginia-giuffre-lawsuit,article,,../data/disaster_news/articles/2022_01_05_gardian_26.txt
2022-01-05T16:00:37Z,Trump’s border wall and the slow decay of American soil | Carlos Sanchez,https://www.theguardian.com/us-news/2022/jan/05/trump-border-wall-south-texas-mexico,article,,../data/disaster_news/articles/2022_01_05_gardian_27.txt
2022-01-28T11:19:04Z,US and Germany step up pipeline warnings to Russia | First Thing,https://www.theguardian.com/us-news/2022/jan/28/first-thing-us-and-germany-step-up-pipeline-warnings-to-russia,article,,../data/disaster_news/articles/2022_01_28_gardian_28.txt
2022-01-15T10:00:19Z,"‘Whenever it’s darkest, look to the stars’: Martin Luther King III keeps the pressure on for voting rights",https://www.theguardian.com/us-news/2022/jan/15/martin-luther-king-iii-pressure-voting-rights-interview,article,,../data/disaster_news/articles/2022_01_15_gardian_29.txt
2022-01-17T04:29:17Z,Texas synagogue siege: teenagers arrested in UK as FBI names Briton as hostage-taker,https://www.theguardian.com/us-news/2022/jan/16/texas-synagogue-siege-biden-condemns-act-of-terror-fbi-names-briton-hostage-taker,article,,../data/disaster_news/articles/2022_01_17_gardian_30.txt
2022-01-12T11:00:45Z,‘Something’s not right in southern Oregon’: alarm at rise of illegal pot farms,https://www.theguardian.com/us-news/2022/jan/12/oregon-marijuana-illegal-farms-environment,article,,../data/disaster_news/articles/2022_01_12_gardian_31.txt
2022-01-07T11:00:37Z,US Capitol attack: is the government’s expanded online surveillance effective?,https://www.theguardian.com/us-news/2022/jan/07/us-capitol-attack-government-online-surveillance,article,,../data/disaster_news/articles/2022_01_07_gardian_32.txt
2022-01-09T10:00:17Z,"‘It’s a huge political albatross’: Guantánamo Bay, 20 years on",https://www.theguardian.com/us-news/2022/jan/09/guantanamo-bay-20-years-on-detainees,article,,../data/disaster_news/articles/2022_01_09_gardian_33.txt
2022-01-09T12:00:20Z,"‘It’s been a lot’: Joyce Carol Oates, SA Cosby, Richard Ford and Margo Jefferson on Biden’s first year",https://www.theguardian.com/us-news/2022/jan/09/joyce-carol-oates-sa-cosby-richard-ford-margo-jefferson-joe-biden-first-year-presidency,article,,../data/disaster_news/articles/2022_01_09_gardian_34.txt
