webPublicationDate,webTitle,webUrl,type,disaster_type,path
2022-04-19T05:00:18Z,Wildfire smoke in Pacific north-west erasing reductions in emissions – study,https://www.theguardian.com/us-news/2022/apr/18/wildfire-smoke-emissions-study-pacific-north-west,article,wildfire,../data/disaster_news/articles/2022_04_19_gardian_0.txt
2022-04-22T17:34:50Z,‘This is not typical’: Arizona wildfire fighters brace for threat ‘on steroids’,https://www.theguardian.com/us-news/2022/apr/22/arizona-tunnel-fire-wildfire-new-mexico,article,wildfire,../data/disaster_news/articles/2022_04_22_gardian_1.txt
2022-04-14T19:14:17Z,Couple found dead near their home as fire sweeps through New Mexico village,https://www.theguardian.com/us-news/2022/apr/14/new-mexico-wildfire-couple-dead,article,,../data/disaster_news/articles/2022_04_14_gardian_2.txt
2022-04-20T22:23:46Z,Donald Trump appears to storm out of Piers Morgan TV interview in advert,https://www.theguardian.com/us-news/2022/apr/20/donald-trump-appears-to-storm-out-of-piers-morgan-tv-interview-in-advert,article,storm,../data/disaster_news/articles/2022_04_20_gardian_3.txt
2022-04-21T11:19:29Z,Donald Trump denies storming out of Piers Morgan interview,https://www.theguardian.com/us-news/2022/apr/21/donald-trump-denies-storming-out-piers-morgan-interview,article,,../data/disaster_news/articles/2022_04_21_gardian_4.txt
2022-04-12T23:58:46Z,US teen overdose deaths double in three years amid fentanyl crisis,https://www.theguardian.com/us-news/2022/apr/12/drug-overdose-deaths-us-high-school-teens-study,article,,../data/disaster_news/articles/2022_04_12_gardian_5.txt
2022-04-27T02:14:02Z,Parched southern California takes unprecedented step of restricting outdoor watering,https://www.theguardian.com/us-news/2022/apr/26/california-outdoor-watering-restrictions-drought,article,,../data/disaster_news/articles/2022_04_27_gardian_6.txt
2022-04-10T06:00:13Z,The woman who turned down her share of a $6bn settlement to fight the family behind the opioid crisis,https://www.theguardian.com/us-news/2022/apr/10/ellen-isaacs-purdue-pharma-opioid-settlement,article,,../data/disaster_news/articles/2022_04_10_gardian_7.txt
2022-04-19T10:11:20Z,"First Thing: Russia has begun battle to seize east of Ukraine, says Zelenskiy",https://www.theguardian.com/us-news/2022/apr/19/first-thing-russia-has-begun-battle-to-seize-east-of-ukraine-says-zelenskiy,article,,../data/disaster_news/articles/2022_04_19_gardian_8.txt
2022-04-29T09:00:36Z,‘It’s just more and more lanes’: the Texan revolt against giant new highways,https://www.theguardian.com/us-news/2022/apr/29/texas-highway-expansions-project-displacements-protests,article,,../data/disaster_news/articles/2022_04_29_gardian_9.txt
2022-04-20T06:00:21Z,"January 6 ‘was a coup organized by the president’, says Jamie Raskin",https://www.theguardian.com/us-news/2022/apr/19/donald-trump-jamie-raskin-january-6-committee-capitol-attack,article,,../data/disaster_news/articles/2022_04_20_gardian_10.txt
2022-04-21T10:04:10Z,Putin orders blockade of Mariupol steelworks | First Thing,https://www.theguardian.com/us-news/2022/apr/21/first-thing-putin-orders-blockade-of-mariupol-steelworks,article,,../data/disaster_news/articles/2022_04_21_gardian_11.txt
2022-04-16T10:00:06Z,‘A sacred responsibility’: Yurok Tribe poised to return condors to the skies,https://www.theguardian.com/us-news/2022/apr/16/california-condors-yurok-tribe,article,,../data/disaster_news/articles/2022_04_16_gardian_12.txt
2022-04-21T05:00:47Z,"Joe Biden must ditch ‘woke advisers’ to fix US economy, Mitt Romney says",https://www.theguardian.com/us-news/2022/apr/21/joe-biden-woke-advisers-us-economy-mitt-romney-wall-street-journal,article,,../data/disaster_news/articles/2022_04_21_gardian_13.txt
2022-04-03T10:00:17Z,A Utah town is running dry. Its solution stoked an age-old water war,https://www.theguardian.com/us-news/2022/apr/03/cedar-city-utah-drought-pine-valley,article,,../data/disaster_news/articles/2022_04_03_gardian_14.txt
2022-04-15T15:56:48Z,Majority-Black city gets $150m to fix sewage crisis from New York state,https://www.theguardian.com/us-news/2022/apr/15/mount-vernon-sewage-funding-majority-black-city-new-york,article,,../data/disaster_news/articles/2022_04_15_gardian_15.txt
2022-04-21T20:51:42Z,Disney to lose special tax status for opposing Florida’s ‘don’t say gay’ bill,https://www.theguardian.com/us-news/2022/apr/21/florida-disney-dont-say-gay,article,,../data/disaster_news/articles/2022_04_21_gardian_16.txt
2022-04-30T13:32:59Z,Colorado inmate becomes first person in US to test positive for bird flu,https://www.theguardian.com/us-news/2022/apr/30/us-bird-flu-case-h5n1-colorado,article,,../data/disaster_news/articles/2022_04_30_gardian_17.txt
2022-04-12T09:53:07Z,Russia using weapons 'smuggled by Iran' in Ukraine | First Thing,https://www.theguardian.com/us-news/2022/apr/12/first-thing-russia-using-weapons-smuggled-by-iran-in-ukraine,article,,../data/disaster_news/articles/2022_04_12_gardian_18.txt
2022-04-15T17:51:35Z,Ex-Trump aide Stephen Miller testifies to House January 6 panel for eight hours,https://www.theguardian.com/us-news/2022/apr/15/stephen-miller-january-6-deposition-trump,article,,../data/disaster_news/articles/2022_04_15_gardian_19.txt
2022-04-08T10:00:20Z,"Water, weed and racism: why Asians feel targeted in this rural California county",https://www.theguardian.com/us-news/2022/apr/08/california-asian-discrimination-water-rights-siskiyou,article,,../data/disaster_news/articles/2022_04_08_gardian_20.txt
2022-04-08T07:30:16Z,Capitol attack investigators zero in on far-right Oath Keepers and Proud Boys,https://www.theguardian.com/us-news/2022/apr/08/capitol-attack-january-6-proud-boys-oath-keepers,article,,../data/disaster_news/articles/2022_04_08_gardian_21.txt
2022-04-23T10:00:51Z,Texas butterfly center targeted by far-right conspiracy theorists to reopen,https://www.theguardian.com/us-news/2022/apr/23/texas-butterfly-center-targeted-by-far-right-conspiracy-theorists-to-reopen,article,,../data/disaster_news/articles/2022_04_23_gardian_22.txt
2022-04-18T10:00:03Z,‘A metastasizing crisis’: can Karen Bass end street encampments in LA?,https://www.theguardian.com/us-news/2022/apr/18/karen-bass-los-angeles-mayor-candidate-homelessness,article,,../data/disaster_news/articles/2022_04_18_gardian_23.txt
2022-04-09T09:00:08Z,Harsh truth: Trump’s social media app follows long line of failed ventures,https://www.theguardian.com/us-news/2022/apr/09/truth-social-trump-app-failed-products,article,,../data/disaster_news/articles/2022_04_09_gardian_24.txt
2022-04-03T10:00:17Z,Unpicking of Trump-era asylum curbs primes partisan powder keg,https://www.theguardian.com/us-news/2022/apr/03/us-asylum-policy-immigration-border-biden,article,,../data/disaster_news/articles/2022_04_03_gardian_25.txt
2022-04-14T10:48:20Z,Russian Black Sea flagship severely damaged by explosion | First Thing,https://www.theguardian.com/us-news/2022/apr/14/first-thing-russian-black-sea-flagship-severely-damaged-explosion,article,,../data/disaster_news/articles/2022_04_14_gardian_26.txt
2022-04-17T06:00:21Z,Will rising prices sink Biden’s midterm hopes for Democrats? ,https://www.theguardian.com/us-news/2022/apr/17/inflation-democrats-midterms-prices-biden,article,,../data/disaster_news/articles/2022_04_17_gardian_27.txt
2022-04-25T10:04:17Z,"Russia failing in its war aims, says top US diplomat | First Thing",https://www.theguardian.com/us-news/2022/apr/25/first-thing-russia-failing-in-its-war-aims-says-top-us-diplomat,article,,../data/disaster_news/articles/2022_04_25_gardian_28.txt
2022-04-08T09:48:47Z,First Thing: people killed in Russian strike on train station in eastern Ukraine,https://www.theguardian.com/us-news/2022/apr/08/first-thing-people-killed-in-russian-strike-on-train-station-in-eastern-ukraine,article,,../data/disaster_news/articles/2022_04_08_gardian_29.txt
2022-04-15T10:08:33Z,First Thing: Russia’s Black Sea flagship sinks,https://www.theguardian.com/us-news/2022/apr/15/first-thing-russia-black-sea-flagship-sinks,article,,../data/disaster_news/articles/2022_04_15_gardian_30.txt
2022-04-25T10:00:52Z,This high school is contaminated with lead. It blames the recycling plant next door,https://www.theguardian.com/us-news/2022/apr/25/california-high-school-watts-pollution,article,,../data/disaster_news/articles/2022_04_25_gardian_31.txt
2022-04-30T06:00:47Z,JD Vance Senate run is test of Trump influence on Republican party,https://www.theguardian.com/us-news/2022/apr/29/jd-vance-senate-ohio-trump-influence-republican-party,article,,../data/disaster_news/articles/2022_04_30_gardian_32.txt
2022-04-23T10:00:50Z,The daily battle to keep people alive as fentanyl ravages San Francisco’s Tenderloin,https://www.theguardian.com/us-news/2022/apr/23/san-francisco-homelessness-street-team-fentanyl,article,,../data/disaster_news/articles/2022_04_23_gardian_33.txt
2022-04-14T05:00:05Z,‘The lunacy is getting more intense’: how Birds Aren’t Real took on the conspiracy theorists,https://www.theguardian.com/us-news/2022/apr/14/the-lunacy-is-getting-more-intense-how-birds-arent-real-took-on-the-conspiracy-theorists,article,,../data/disaster_news/articles/2022_04_14_gardian_34.txt
