webPublicationDate,webTitle,webUrl,type,disaster_type,path
2022-12-15T11:01:01Z,"Blizzard warnings, tornadoes and two deaths as storm marches across US | First Thing",https://www.theguardian.com/us-news/2022/dec/15/first-thing-blizzard-warnings-tornadoes-and-two-deaths-as-storm-marches-across-us,article,storm,../data/disaster_news/articles/2022_12_15_gardian_0.txt
2022-12-29T21:25:25Z,Human toll of deadly US storm grows in ‘blizzard of the century’,https://www.theguardian.com/us-news/2022/dec/29/blizzard-century-deadly-us-storm-buffalo,article,storm,../data/disaster_news/articles/2022_12_29_gardian_1.txt
2022-12-21T01:10:39Z,‘Bomb cyclone’ storm could bring deadly winter weather to US,https://www.theguardian.com/us-news/2022/dec/20/us-weather-christmas-travel-severe-winter-storms,article,storm,../data/disaster_news/articles/2022_12_21_gardian_2.txt
2022-12-24T20:27:06Z,Huge ‘bomb cyclone’ storm hits US with life-threatening cold as holidays begin,https://www.theguardian.com/us-news/2022/dec/24/huge-winter-storm-bomb-cyclone-us-life-threatening-cold-holidays,article,storm,../data/disaster_news/articles/2022_12_24_gardian_3.txt
2022-12-25T16:21:18Z,‘Life-threatening hazard’: 28 dead in Arctic storm battering US,https://www.theguardian.com/us-news/2022/dec/25/christmas-arctic-storm-buffalo-new-york,article,storm,../data/disaster_news/articles/2022_12_25_gardian_4.txt
2022-12-28T01:21:02Z,New York winter storm death toll at 34 with more snow on the way,https://www.theguardian.com/us-news/2022/dec/27/new-york-snowstorm-death-toll-us-winter-storm-buffalo,article,storm,../data/disaster_news/articles/2022_12_28_gardian_5.txt
2022-12-28T18:57:46Z,National guard check door-to-door in Buffalo after storm that killed 34,https://www.theguardian.com/us-news/2022/dec/28/buffalo-storm-national-guard-new-york,article,storm,../data/disaster_news/articles/2022_12_28_gardian_6.txt
2022-12-28T17:00:38Z,Western US battles rain and flooding as ‘atmospheric river’ storm hits,https://www.theguardian.com/us-news/2022/dec/28/flooding-oregon-washington-california-pacific-northwest-storm-rain,article,storm,../data/disaster_news/articles/2022_12_28_gardian_7.txt
2022-12-26T21:38:41Z,Stories of survival and rescue emerge from ‘war with mother nature’ in Buffalo,https://www.theguardian.com/us-news/2022/dec/26/new-york-buffalo-winter-storm-survival-rescue,article,,../data/disaster_news/articles/2022_12_26_gardian_8.txt
2022-12-23T07:00:02Z,‘We got lucky’: inside California’s strangely quiet wildfire year,https://www.theguardian.com/us-news/2022/dec/23/california-2022-fire-season-anomaly-climate-crisis,article,wildfire,../data/disaster_news/articles/2022_12_23_gardian_9.txt
2022-12-28T02:09:09Z,‘Atmospheric river’ pummels California with heavy rain and snow,https://www.theguardian.com/us-news/2022/dec/27/atmospheric-river-california-rains,article,,../data/disaster_news/articles/2022_12_28_gardian_10.txt
2022-12-26T22:12:43Z,At least 48 people dead in US winter storm as freezing conditions to continue,https://www.theguardian.com/us-news/2022/dec/26/us-storm-dozens-of-lives-lost-as-arctic-freeze-grips-nation,article,storm,../data/disaster_news/articles/2022_12_26_gardian_11.txt
2022-12-22T23:23:10Z,"Potential bomb cyclone is ‘serious stuff’, Biden warns as Arctic blast looms",https://www.theguardian.com/us-news/2022/dec/22/arctic-blast-us-weather-holiday-travel,article,cyclone,../data/disaster_news/articles/2022_12_22_gardian_12.txt
2022-12-23T22:03:01Z,‘Once in a generation’ freeze for Christmas as bomb cyclone hits US,https://www.theguardian.com/us-news/2022/dec/23/us-weather-bomb-cyclone-us-christmas-latest,article,cyclone,../data/disaster_news/articles/2022_12_23_gardian_13.txt
2022-12-23T11:01:26Z,Trump accused of ‘multi-part conspiracy’ by January 6 panel | First Thing,https://www.theguardian.com/us-news/2022/dec/23/first-thing-trump-accused-of-multi-part-conspiracy-by-january-6-panel,article,,../data/disaster_news/articles/2022_12_23_gardian_14.txt
2022-12-29T12:35:41Z,First Thing: US to require China arrivals to provide negative Covid test,https://www.theguardian.com/us-news/2022/dec/29/first-thing-us-to-require-china-arrivals-provide-negative-covid-test,article,,../data/disaster_news/articles/2022_12_29_gardian_15.txt
2022-12-23T11:00:03Z,Weather whiplash: US west set to cook as east coast braces for bomb cyclone,https://www.theguardian.com/us-news/2022/dec/23/weather-whiplash-us-west-sunny-east-coast-bomb-cyclone,article,cyclone,../data/disaster_news/articles/2022_12_23_gardian_16.txt
2022-12-18T16:30:42Z,Major winter storm expected to hit much of US before Christmas ,https://www.theguardian.com/us-news/2022/dec/18/us-major-winter-storm-expected-christmas,article,storm,../data/disaster_news/articles/2022_12_18_gardian_17.txt
2022-12-08T11:00:02Z,Why knowing your neighbors could save you in the next climate disaster,https://www.theguardian.com/us-news/2022/dec/08/mutual-aid-climate-disaster,article,,../data/disaster_news/articles/2022_12_08_gardian_18.txt
2022-12-21T17:56:31Z,Texans brace for freezing weather in hopes storm won’t be repeat of 2021,https://www.theguardian.com/us-news/2022/dec/21/texas-weather-winter-storm-freeze,article,storm,../data/disaster_news/articles/2022_12_21_gardian_19.txt
2022-12-23T11:00:03Z,‘A storm is coming’: migrants stuck on US-Mexico border as temperatures plummet,https://www.theguardian.com/us-news/2022/dec/23/us-mexico-border-el-paso-title-42,article,storm,../data/disaster_news/articles/2022_12_23_gardian_20.txt
2022-12-15T06:00:14Z,‘Firmageddon’: Oregon conifers suffer record die-off as climate crisis hits hard,https://www.theguardian.com/us-news/2022/dec/15/oregon-dead-fir-trees-conifers-climate-crisis,article,,../data/disaster_news/articles/2022_12_15_gardian_21.txt
2022-12-16T11:00:49Z,Can America’s low-cost mobile homes withstand the climate crisis?,https://www.theguardian.com/us-news/2022/dec/16/us-mobile-home-flood-risk-climate-crisis,article,,../data/disaster_news/articles/2022_12_16_gardian_22.txt
2022-12-14T15:33:31Z,Warren pushes bipartisan bill to regulate crypto firms after FTX collapse,https://www.theguardian.com/us-news/2022/dec/14/elizabeth-warren-crypto-regulation-bill-ftx,article,,../data/disaster_news/articles/2022_12_14_gardian_23.txt
2022-12-30T02:35:12Z,Southwest Airlines vows refunds after mass cancelations left travelers stranded,https://www.theguardian.com/us-news/2022/dec/29/southwest-airlines-competitors-cap-prices-stranded-passengers,article,,../data/disaster_news/articles/2022_12_30_gardian_24.txt
2022-12-26T15:00:33Z,‘It’s tough on your body’: bitter cold poses grave threat for US outdoor workers,https://www.theguardian.com/us-news/2022/dec/26/us-workers-bitter-cold-winter-storm,article,,../data/disaster_news/articles/2022_12_26_gardian_25.txt
2022-12-25T08:00:01Z,Highest-profile January 6 trial begins with Proud Boys leader Enrique Tarrio,https://www.theguardian.com/us-news/2022/dec/25/january-6-proud-boys-trial-begins-enrique-tarrio,article,,../data/disaster_news/articles/2022_12_25_gardian_26.txt
2022-12-10T06:00:55Z,Attacks on Pacific north-west power stations raise fears for US electric grid,https://www.theguardian.com/us-news/2022/dec/09/us-power-grid-pacific-northwest-attacks,article,,../data/disaster_news/articles/2022_12_10_gardian_27.txt
2022-12-27T21:00:04Z,‘Unacceptable’: Southwest flight chaos and cancellations lead to US inquiry,https://www.theguardian.com/us-news/2022/dec/27/southwest-airlines-flight-cancellations-department-of-transportation-review,article,,../data/disaster_news/articles/2022_12_27_gardian_28.txt
2022-12-30T10:00:45Z,Our favorite data stories: how Guardian US visualized 2022,https://www.theguardian.com/us-news/2022/dec/30/guardian-data-stories-visualized-2022,article,,../data/disaster_news/articles/2022_12_30_gardian_29.txt
2022-12-23T11:00:03Z,Snowplow driver shortage threatens to leave Americans adrift this winter,https://www.theguardian.com/us-news/2022/dec/23/snowplow-driver-shortage-winter-us-oregon-ohio-utah,article,,../data/disaster_news/articles/2022_12_23_gardian_30.txt
2022-12-22T06:00:28Z,Historic heat to extreme chill: why is the US experiencing a cold snap?,https://www.theguardian.com/us-news/2022/dec/21/us-winter-weather-storm-cold-snap,article,,../data/disaster_news/articles/2022_12_22_gardian_31.txt
2022-12-30T15:29:10Z,Colorado: EPA investigates if pollution unfairly harms Hispanic residents,https://www.theguardian.com/us-news/2022/dec/30/epa-colorado-hispanic-minority-review,article,,../data/disaster_news/articles/2022_12_30_gardian_32.txt
2022-12-24T15:22:21Z,‘Can I go back to my regular job?’: US sports reporter’s weather dispatch goes viral,https://www.theguardian.com/us-news/2022/dec/24/iowa-sports-reporter-weather-dispatch-mark-woodley,article,,../data/disaster_news/articles/2022_12_24_gardian_33.txt
2022-12-24T13:37:03Z,I’m a delivery worker in New York. Winter is the toughest time of year,https://www.theguardian.com/us-news/2022/dec/24/new-york-storm-delivery-workers-winter-weather,article,,../data/disaster_news/articles/2022_12_24_gardian_34.txt
2022-12-24T18:58:58Z,Tlaib and MTG among more than 220 House proxy voters on spending bill,https://www.theguardian.com/us-news/2022/dec/24/present-proxy-house-spending-bill-tlaib-aoc,article,,../data/disaster_news/articles/2022_12_24_gardian_35.txt
2022-12-16T20:10:06Z,Death of Utah skier who collided with tree highlights rising fatalities,https://www.theguardian.com/us-news/2022/dec/16/utah-skier-devon-oconnell-found-dead-solitude-mountain-resort,article,,../data/disaster_news/articles/2022_12_16_gardian_36.txt
2022-12-27T20:53:18Z,New York congressman-elect admits lying about college and work history,https://www.theguardian.com/us-news/2022/dec/27/new-york-congressman-elect-george-santos-admits-lying-about-college-and-work-history,article,,../data/disaster_news/articles/2022_12_27_gardian_37.txt
2022-12-19T19:49:57Z,Brooklyn pastor who was robbed on live stream in July charged with fraud,https://www.theguardian.com/us-news/2022/dec/19/brooklyn-pastor-fraud-charge-lamor-miller-whitehead,article,,../data/disaster_news/articles/2022_12_19_gardian_38.txt
2022-12-04T15:54:30Z,Biden rebukes Trump for saying constitution should be ‘terminated’,https://www.theguardian.com/us-news/2022/dec/04/biden-trump-us-constitution-terminated-election-fraud,article,,../data/disaster_news/articles/2022_12_04_gardian_39.txt
2022-12-26T09:00:27Z,"Chess, fishing, cornhole: why did cheating scandals plague sports in 2022?",https://www.theguardian.com/us-news/2022/dec/26/cheating-sports-2022,article,,../data/disaster_news/articles/2022_12_26_gardian_40.txt
2022-12-20T07:00:41Z,Donald Trump: how will prosecutors pursue the House panel’s charges?,https://www.theguardian.com/us-news/2022/dec/20/donald-trump-house-committee-charges-how-to,article,,../data/disaster_news/articles/2022_12_20_gardian_41.txt
2022-12-22T11:00:33Z,US shelters see influx of homeless seeking help amid ‘life-threatening’ winter,https://www.theguardian.com/us-news/2022/dec/22/us-homeless-shelters-help-winter-weather,article,,../data/disaster_news/articles/2022_12_22_gardian_42.txt
2022-12-06T10:00:09Z,US supreme court to hear case with critical consequences for voting rights,https://www.theguardian.com/us-news/2022/dec/06/supreme-court-voting-rights-moore-v-harper-gerrymander-voter-id,article,,../data/disaster_news/articles/2022_12_06_gardian_43.txt
2022-12-25T07:00:18Z,"‘I had to fulfil my responsibility’: Fauci on his career, Covid and stepping down",https://www.theguardian.com/us-news/2022/dec/25/fauci-interview-covid-trump-biden,article,,../data/disaster_news/articles/2022_12_25_gardian_44.txt
2022-12-24T18:27:38Z,Border town of El Paso scrambles as more migrants risk it all to reach US,https://www.theguardian.com/us-news/2022/dec/24/el-paso-us-mexico-border-migrants-crisis,article,,../data/disaster_news/articles/2022_12_24_gardian_45.txt
2022-12-19T19:26:54Z,A very American coup attempt: Jan 6 panel lays bare Trump’s bid for power,https://www.theguardian.com/us-news/2022/dec/19/trump-attempt-coup-jan-6-panel-executive-summary,article,,../data/disaster_news/articles/2022_12_19_gardian_46.txt
2022-12-07T11:51:11Z,Democrats celebrate as Raphael Warnock wins Georgia runoff | First Thing,https://www.theguardian.com/us-news/2022/dec/07/first-thing-democrats-celebrate-as-raphael-warnock-wins-georgia-runoff,article,,../data/disaster_news/articles/2022_12_07_gardian_47.txt
