webPublicationDate,webTitle,webUrl,type,disaster_type,path
2022-02-09T21:26:37Z,Record temperatures forecast as winter heatwave heads for California,https://www.theguardian.com/us-news/2022/feb/09/california-winter-heatwave-record-temperatures-forecast,article,heatwave,../data/disaster_news/articles/2022_02_09_gardian_0.txt
2022-02-02T11:00:21Z,The Silicon Valley veterans who want to bring you wildfire info in real time,https://www.theguardian.com/us-news/2022/feb/02/watch-duty-app-warning-wildfires-california-silicon-valley,article,wildfire,../data/disaster_news/articles/2022_02_02_gardian_1.txt
2022-02-03T10:00:50Z,"Texas says it doesn’t monitor pollution spikes, calling it ‘often unnecessary’ ",https://www.theguardian.com/us-news/2022/feb/03/texas-disaster-pollution-spikes-monitoring-often-unnecessary,article,,../data/disaster_news/articles/2022_02_03_gardian_2.txt
2022-02-05T19:56:43Z,"More than 150,000 US homes without power after big freeze follows storm",https://www.theguardian.com/us-news/2022/feb/05/us-homes-storm-power-freeze,article,storm,../data/disaster_news/articles/2022_02_05_gardian_3.txt
2022-02-01T11:00:52Z,North Carolina’s coastal highway is disappearing – so I took a road trip to capture it,https://www.theguardian.com/us-news/2022/feb/01/north-carolina-highway-climate-crisis-road-trip,article,,../data/disaster_news/articles/2022_02_01_gardian_4.txt
2022-02-03T14:57:20Z,"Mold, leaks, rot: how Brad Pitt’s post-Katrina housing project went horribly wrong",https://www.theguardian.com/us-news/2022/feb/03/brad-pitt-post-katrina-housing-project-went-horribly-wrong,article,,../data/disaster_news/articles/2022_02_03_gardian_5.txt
2022-02-17T10:00:32Z,‘Loading the dice’: climate crisis could increase southern California wildfires,https://www.theguardian.com/us-news/2022/feb/17/california-wildfires-increase-study,article,wildfire,../data/disaster_news/articles/2022_02_17_gardian_6.txt
2022-02-04T07:00:22Z,"As Texas faces another winter storm, can it prevent a ‘failure on all fronts’?",https://www.theguardian.com/us-news/2022/feb/03/texas-snow-storm-climate-crisis-greg-abbott,article,storm,../data/disaster_news/articles/2022_02_04_gardian_7.txt
2022-02-02T20:54:32Z,Dry January: Reno goes a month with no rain for the first time in nearly 130 years,https://www.theguardian.com/us-news/2022/feb/02/reno-nevada-rain-january-drought,article,,../data/disaster_news/articles/2022_02_02_gardian_8.txt
2022-02-16T06:00:09Z,US sea level to rise as much in next 30 years as in past century – study,https://www.theguardian.com/us-news/2022/feb/16/us-sea-level-rise-study-flooding,article,,../data/disaster_news/articles/2022_02_16_gardian_9.txt
2022-02-24T00:23:18Z,‘We can’t make it rain’: California farmers left out to dry as US government allots no water,https://www.theguardian.com/us-news/2022/feb/23/rain-california-farmers-us-government-drought-water,article,,../data/disaster_news/articles/2022_02_24_gardian_10.txt
2022-02-07T10:00:04Z,"Traffic, tickets, gas: rideshare and delivery app workers fight to unionize",https://www.theguardian.com/us-news/2022/feb/07/rideshare-delivery-app-workers-fight-to-unionize,article,,../data/disaster_news/articles/2022_02_07_gardian_11.txt
2022-02-10T11:50:09Z,Target directs managers to stop workers from unionizing | First Thing,https://www.theguardian.com/us-news/2022/feb/10/first-thing-target-directing-managers-to-stop-workers-from-unionizing,article,,../data/disaster_news/articles/2022_02_10_gardian_12.txt
2022-02-10T18:44:23Z,Otta-wha? Man angry at Canada mask mandates calls in bomb threat – in Ohio,https://www.theguardian.com/us-news/2022/feb/10/man-calls-in-bomb-threat-wrong-ottawa-police-ohio,article,,../data/disaster_news/articles/2022_02_10_gardian_13.txt
2022-02-24T05:01:12Z,"Belief in QAnon has strengthened in US since Trump was voted out, study finds",https://www.theguardian.com/us-news/2022/feb/23/qanon-believers-increased-america-study-finds,article,,../data/disaster_news/articles/2022_02_24_gardian_14.txt
2022-02-24T12:53:39Z,First Thing: Putin unleashes Russian invasion of Ukraine,https://www.theguardian.com/us-news/2022/feb/24/first-thing-putin-declares-war-russia-invades-ukraine,article,,../data/disaster_news/articles/2022_02_24_gardian_15.txt
2022-02-09T21:30:27Z,Capitol attack inquiry narrows on Trump as panel subpoenas top aide,https://www.theguardian.com/us-news/2022/feb/09/capitol-attack-inquiry-donald-trump-peter-navarro-subpoena,article,,../data/disaster_news/articles/2022_02_09_gardian_16.txt
2022-02-24T21:23:40Z,Ron DeSantis fuels US presidential run speculation with CPAC speech,https://www.theguardian.com/us-news/2022/feb/24/ron-desantis-cpac-speech-florida-joe-biden-media,article,,../data/disaster_news/articles/2022_02_24_gardian_17.txt
2022-02-02T20:34:00Z,Trump considered blanket pardon for Capitol insurrectionists – report,https://www.theguardian.com/us-news/2022/feb/02/trump-blanket-pardon-capitol-attack-january-6,article,,../data/disaster_news/articles/2022_02_02_gardian_18.txt
2022-02-01T10:00:16Z,‘Every street has its own problem’: majority Black city sees hope after years of sewage crisis,https://www.theguardian.com/us-news/2022/feb/01/mount-vernon-new-york-sewage-crisis-hope-progress-water,article,,../data/disaster_news/articles/2022_02_01_gardian_19.txt
2022-02-25T11:00:13Z,‘War criminal’ or ‘savvy strongman’? Putin invasion deepens Republican divide,https://www.theguardian.com/us-news/2022/feb/25/vladimir-putin-ukraine-invasion-deepens-republican-divide,article,,../data/disaster_news/articles/2022_02_25_gardian_20.txt
2022-02-27T10:00:10Z,Patrick Radden Keefe on exposing the Sackler family’s links to the opioid crisis,https://www.theguardian.com/us-news/2022/feb/27/empire-of-pain-patrick-radden-keefe-sackler-opioid-crisis-oxycontin,article,,../data/disaster_news/articles/2022_02_27_gardian_21.txt
2022-02-17T11:00:34Z,‘Historically tragic’: why are drug overdoses rising among Black and Indigenous Americans?,https://www.theguardian.com/us-news/2022/feb/17/black-native-americans-fentanyl-deaths-rise-opioid-crisis,article,,../data/disaster_news/articles/2022_02_17_gardian_22.txt
