webPublicationDate,webTitle,webUrl,type,disaster_type,path
2022-08-01T22:26:51Z,Two bodies found in burned vehicle in path of raging California wildfire,https://www.theguardian.com/us-news/2022/aug/01/california-wildfire-mckinney-fire-bodies-found,article,wildfire,../data/disaster_news/articles/2022_08_01_gardian_0.txt
2022-08-24T00:40:12Z,Flash floods wreak havoc in US south-west – but are no salve for drought,https://www.theguardian.com/us-news/2022/aug/22/us-south-west-storm-drought-climate-crisis,article,drought,../data/disaster_news/articles/2022_08_24_gardian_1.txt
2022-08-31T18:41:51Z,"Brutal heatwave scorches US west, sparking fires and health warnings",https://www.theguardian.com/us-news/2022/aug/31/us-heatwave-west-california-pacific-north-west-nevada-idaho-montana,article,heatwave,../data/disaster_news/articles/2022_08_31_gardian_2.txt
2022-08-02T18:07:13Z,Death toll rises to four in California’s biggest wildfire this year,https://www.theguardian.com/us-news/2022/aug/02/northern-california-wildfires,article,wildfire,../data/disaster_news/articles/2022_08_02_gardian_3.txt
2022-08-12T20:51:51Z,"Risk of catastrophic megafloods has doubled in California, study finds",https://www.theguardian.com/us-news/2022/aug/12/california-climate-crisis-megafloods,article,,../data/disaster_news/articles/2022_08_12_gardian_4.txt
2022-08-10T18:50:40Z,"Record Death Valley flooding ‘a once-in-1,000-year event’",https://www.theguardian.com/us-news/2022/aug/10/death-valley-floods-climate-crisis,article,,../data/disaster_news/articles/2022_08_10_gardian_5.txt
2022-08-22T23:59:24Z,Torrential rains lash southern US as millions under flood warnings ,https://www.theguardian.com/us-news/2022/aug/22/south-west-us-flood-warnings-torrential-rains,article,flood,../data/disaster_news/articles/2022_08_22_gardian_6.txt
2022-08-07T16:05:08Z,Yet more human remains found as drought shrinks Lake Mead reservoir,https://www.theguardian.com/us-news/2022/aug/07/lake-mead-human-remains-found-drought,article,drought,../data/disaster_news/articles/2022_08_07_gardian_7.txt
2022-08-11T08:00:37Z,"America’s summer of floods: climate crisis fueling barrage, scientists say",https://www.theguardian.com/us-news/2022/aug/11/america-summer-floods-rainfall-climate-crisis,article,flood,../data/disaster_news/articles/2022_08_11_gardian_8.txt
2022-08-17T20:07:32Z,California urges residents to cut power use as searing heatwave grips US west,https://www.theguardian.com/us-news/2022/aug/17/california-power-cuts-heatwave-climate-crisis,article,heatwave,../data/disaster_news/articles/2022_08_17_gardian_9.txt
2022-08-17T00:59:38Z,US issues western water cuts as drought leaves Colorado River near ‘tipping point’,https://www.theguardian.com/us-news/2022/aug/16/drastic-water-cuts-expected-as-megadrought-grips-western-us-states,article,drought,../data/disaster_news/articles/2022_08_17_gardian_10.txt
2022-08-18T17:34:47Z,Brad Pitt foundation agrees on $20.5m settlement to owners of faulty post-Katrina houses,https://www.theguardian.com/us-news/2022/aug/17/brad-pitt-foundation-settlement-owners-faulty-post-katrina-houses,article,,../data/disaster_news/articles/2022_08_18_gardian_11.txt
2022-08-28T18:49:44Z,Mississippi governor declares state of emergency ahead of massive flooding,https://www.theguardian.com/us-news/2022/aug/28/mississippi-governor-declares-state-of-emergency-flooding,article,,../data/disaster_news/articles/2022_08_28_gardian_12.txt
2022-08-01T23:07:50Z,Kentucky death toll rises to 35 from devastating flooding as hundreds still missing,https://www.theguardian.com/us-news/2022/aug/01/kentucky-flooding-deaths-heavy-rain-monday,article,,../data/disaster_news/articles/2022_08_01_gardian_13.txt
2022-08-23T06:00:02Z,Colorado Republican turns Democrat over ‘existential threat’ from GOP,https://www.theguardian.com/us-news/2022/aug/22/kevin-priola-republican-change-party-democrat-colorado,article,,../data/disaster_news/articles/2022_08_23_gardian_14.txt
2022-08-12T15:00:14Z,Can nature-based alternatives to seawalls keep the waves at bay?,https://www.theguardian.com/us-news/2022/aug/12/seawalls-nature-based-alternatives-us,article,,../data/disaster_news/articles/2022_08_12_gardian_15.txt
2022-08-18T10:29:04Z,"Florida Republicans targeted Black voters, DoJ says | First Thing",https://www.theguardian.com/us-news/2022/aug/18/first-thing-florida-republicans-targeted-black-voter-turnout-doj-says,article,,../data/disaster_news/articles/2022_08_18_gardian_16.txt
2022-08-11T10:00:39Z,An anxious American west sizes up historic climate bill: ‘We need every tool’,https://www.theguardian.com/us-news/2022/aug/11/us-west-disaster-hit-climate-bill,article,,../data/disaster_news/articles/2022_08_11_gardian_17.txt
2022-08-13T10:00:39Z,She spent 50 years protecting people from wildfires. Then one took her life,https://www.theguardian.com/us-news/2022/aug/13/california-fire-lookout-died-mckinney-fire,article,wildfire,../data/disaster_news/articles/2022_08_13_gardian_18.txt
2022-08-15T17:13:05Z,"Weeks of heat above 100F will be the norm in much of US by 2053, study finds",https://www.theguardian.com/us-news/2022/aug/15/extreme-heat-risk-temperatures-2053-study,article,,../data/disaster_news/articles/2022_08_15_gardian_19.txt
2022-08-26T10:00:27Z,‘We’re dwindling like the salmon’: the Indigenous nations fighting for water rights,https://www.theguardian.com/us-news/2022/aug/26/california-indigenous-water-rights-bay-delta,article,,../data/disaster_news/articles/2022_08_26_gardian_20.txt
2022-08-08T09:51:37Z,Senate passes $739bn healthcare and climate bill | First Thing,https://www.theguardian.com/us-news/2022/aug/08/first-thing-senate-passes-739bn-healthcare-and-climate-bill,article,,../data/disaster_news/articles/2022_08_08_gardian_21.txt
2022-08-11T19:49:53Z,"Election lies pose physical threat to US poll workers, House report warns",https://www.theguardian.com/us-news/2022/aug/11/house-oversight-committee-election-misinformation,article,,../data/disaster_news/articles/2022_08_11_gardian_22.txt
2022-08-05T13:58:08Z,Trump-backed candidate Kari Lake projected to win Republican nod for Arizona governor,https://www.theguardian.com/us-news/2022/aug/05/trump-backed-candidate-kari-lake-projected-to-win-republican-nod-for-arizona-governor,article,,../data/disaster_news/articles/2022_08_05_gardian_23.txt
2022-08-03T17:04:13Z, UPS drivers record temperatures above 100F in trucks without air conditioning,https://www.theguardian.com/us-news/2022/aug/03/ups-drivers-trucks-heat-temperatures,article,,../data/disaster_news/articles/2022_08_03_gardian_24.txt
2022-08-02T11:00:13Z,Biden’s climate agenda faces yet another obstacle: Kyrsten Sinema,https://www.theguardian.com/us-news/2022/aug/02/biden-agenda-climate-kyrsten-sinema,article,,../data/disaster_news/articles/2022_08_02_gardian_25.txt
2022-08-15T09:57:23Z,Iran says Salman Rushdie and supporters to blame for attack | First Thing,https://www.theguardian.com/us-news/2022/aug/15/first-thing-iran-says-salman-rushdie-and-supporters-to-blame-for-attack,article,,../data/disaster_news/articles/2022_08_15_gardian_26.txt
2022-08-13T09:00:36Z,Best of frenemies: Ron DeSantis stalks Trump with Republican primary tour,https://www.theguardian.com/us-news/2022/aug/13/desantis-trump-republican-campaigns-rivals-2024,article,,../data/disaster_news/articles/2022_08_13_gardian_27.txt
2022-08-31T05:00:21Z,"Mike Davis, California’s ‘prophet of doom’, on activism in a dying world: ‘Despair is useless’",https://www.theguardian.com/us-news/2022/aug/30/mike-davis-california-writer-interview-activism,article,,../data/disaster_news/articles/2022_08_31_gardian_28.txt
2022-08-17T10:15:12Z,First Thing: Liz Cheney loses Wyoming Republican primary to Trump-endorsed rival,https://www.theguardian.com/us-news/2022/aug/17/first-thing-liz-cheney-loses-wyoming-republican-primary-to-trump-endorsed-rival,article,,../data/disaster_news/articles/2022_08_17_gardian_29.txt
2022-08-04T10:17:35Z,China begins Taiwan military drills after Pelosi visit | First Thing,https://www.theguardian.com/us-news/2022/aug/04/first-thing-china-begins-taiwan-military-drills-after-pelosi-visit,article,,../data/disaster_news/articles/2022_08_04_gardian_30.txt
2022-08-01T10:13:54Z,Nominations for election deniers sparks alarm | First Thing,https://www.theguardian.com/us-news/2022/aug/01/first-thing-alarm-nominations-election-deniers-kari-lake-mark-finchem,article,,../data/disaster_news/articles/2022_08_01_gardian_31.txt
2022-08-02T10:05:27Z,"Al-Qaida leader killed in US drone strike, Joe Biden says | First Thing",https://www.theguardian.com/us-news/2022/aug/02/first-thing-al-qaida-leader-killed-in-us-drone-strike-joe-biden-says,article,,../data/disaster_news/articles/2022_08_02_gardian_32.txt
2022-08-25T10:43:14Z,Uvalde police chief fired for school shooting response | First Thing,https://www.theguardian.com/us-news/2022/aug/25/uvalde-police-chief-fired-school-shooting-response,article,,../data/disaster_news/articles/2022_08_25_gardian_33.txt
2022-08-08T14:46:57Z,"Biden’s landmark climate and spending bill – what’s in it, and what got cut?",https://www.theguardian.com/us-news/2022/aug/08/biden-climate-spending-bill-inflation-reduction-act,article,,../data/disaster_news/articles/2022_08_08_gardian_34.txt
2022-08-02T10:00:12Z,A day with America’s only dedicated heat team in the US’s hottest city,https://www.theguardian.com/us-news/2022/aug/02/phoenix-heat-team-hottest-city-us,article,,../data/disaster_news/articles/2022_08_02_gardian_35.txt
2022-08-22T10:07:25Z,First Thing: Cheney turns on pro-Trump Republicans after defeat,https://www.theguardian.com/us-news/2022/aug/22/first-thing-cheney-turns-on-pro-trump-republicans-after-defeat,article,,../data/disaster_news/articles/2022_08_22_gardian_36.txt
2022-08-17T11:00:14Z,US labor leaders say underfunding at federal agency has ‘reached crisis stage’,https://www.theguardian.com/us-news/2022/aug/17/us-labor-agency-union-activity,article,,../data/disaster_news/articles/2022_08_17_gardian_37.txt
2022-08-31T10:53:39Z,"First Thing: Mikhail Gorbachev, ‘one-of-a kind’ Soviet leader, dies",https://www.theguardian.com/us-news/2022/aug/31/first-thing-mikhail-gorbachev-dies-soviet-leader,article,,../data/disaster_news/articles/2022_08_31_gardian_38.txt
2022-08-12T09:40:03Z,"First Thing: FBI searched Mar-a-Lago for nuclear weapons papers, say reports",https://www.theguardian.com/us-news/2022/aug/12/first-thing-fbi-searched-mar-a-lago-for-nuclear-weapons-documents-say-reports-trump,article,,../data/disaster_news/articles/2022_08_12_gardian_39.txt
2022-08-21T06:00:02Z,"Ousted Republican reflects on Trump, democracy and America: ‘The place has lost its mind’ ",https://www.theguardian.com/us-news/2022/aug/20/rusty-bowers-interview-trump-arizona-republicans,article,,../data/disaster_news/articles/2022_08_21_gardian_40.txt
2022-08-07T10:00:41Z,‘Like winning the lottery’: Americans struggle to get monkeypox vaccines,https://www.theguardian.com/us-news/2022/aug/07/monkeypox-vaccine-appointments-new-york-san-francisco,article,,../data/disaster_news/articles/2022_08_07_gardian_41.txt
2022-08-12T18:13:36Z,Salman Rushdie on ventilator after being stabbed on stage at New York state event,https://www.theguardian.com/books/2022/aug/12/salman-rushdie-attacked-onstage-new-york,article,,../data/disaster_news/articles/2022_08_12_gardian_42.txt
2022-08-11T10:21:06Z,Trump pleads the fifth in New York business investigation | First Thing,https://www.theguardian.com/us-news/2022/aug/11/first-thing-trump-pleads-the-fifth-in-new-york-business-investigation,article,,../data/disaster_news/articles/2022_08_11_gardian_43.txt
2022-08-04T07:00:01Z,MyPillow chief spends tens of millions in fresh crusade to push Trump’s big lie,https://www.theguardian.com/us-news/2022/aug/04/mypillow-mike-lindell-trump-big-lie-election-fraud,article,,../data/disaster_news/articles/2022_08_04_gardian_44.txt
