webPublicationDate,webTitle,webUrl,type,disaster_type,path
2022-09-25T20:38:50Z,Florida prepares for hurricane as tropical storm Ian grows over Caribbean,https://www.theguardian.com/us-news/2022/sep/24/florida-tropical-storm-ian-hurricane-possible,article,storm,../data/disaster_news/articles/2022_09_25_gardian_0.txt
2022-09-10T00:36:16Z,Tropical Storm Kay bears down on California with rain and 100mph winds ,https://www.theguardian.com/us-news/2022/sep/09/california-wildfires-fairview-fire-storm-flash-floods,article,storm,../data/disaster_news/articles/2022_09_10_gardian_1.txt
2022-09-29T21:15:13Z,Man saves stranded cat from rising Hurricane Ian flood water in viral video,https://www.theguardian.com/us-news/2022/sep/29/man-saves-cat-video-hurricane-ian-mike-ross,article,flood,../data/disaster_news/articles/2022_09_29_gardian_2.txt
2022-09-30T06:23:08Z,Hurricane Ian: ‘catastrophic’ damage in Florida as storm heads to South Carolina,https://www.theguardian.com/us-news/2022/sep/29/florida-rescue-crews-search-residents-trapped-hurricane-ian-floods,article,storm,../data/disaster_news/articles/2022_09_30_gardian_3.txt
2022-09-28T12:17:59Z,Hurricane Ian upgraded to category 4 storm as it bears down on Florida,https://www.theguardian.com/us-news/2022/sep/27/hurricane-ian-florida-tampa-cuba,article,storm,../data/disaster_news/articles/2022_09_28_gardian_4.txt
2022-09-19T19:48:24Z,Alaskans grapple with fallout from typhoon-related flooding,https://www.theguardian.com/us-news/2022/sep/19/alaska-flooding-typhoon-merbok-california-storm,article,,../data/disaster_news/articles/2022_09_19_gardian_5.txt
2022-09-06T22:46:25Z,California heatwave enters intense phase bringing blackouts and wildfires,https://www.theguardian.com/us-news/2022/sep/06/california-heatwave-power-supply-deadly-wildfires,article,heatwave,../data/disaster_news/articles/2022_09_06_gardian_6.txt
2022-09-17T05:00:36Z,Severe storm headed for Alaska could bring devastating levels of flooding,https://www.theguardian.com/us-news/2022/sep/16/storm-alaska-typhoon-merbok-flooding,article,storm,../data/disaster_news/articles/2022_09_17_gardian_7.txt
2022-09-13T21:29:28Z,Rescuers search for person missing in Los Angeles mountain area mudslides as thousands evacuate,https://www.theguardian.com/us-news/2022/sep/13/los-angeles-mountain-area-mudslides-evacuation-orders,article,,../data/disaster_news/articles/2022_09_13_gardian_8.txt
2022-09-08T01:45:45Z,Temperatures smash records in US west as brutal heatwave continues,https://www.theguardian.com/us-news/2022/sep/07/california-record-temperatures-heatwave-blackouts-sacramento-reno,article,heatwave,../data/disaster_news/articles/2022_09_08_gardian_9.txt
2022-09-03T17:41:20Z,Fast-moving California wildfire poses threat to rural communities,https://www.theguardian.com/us-news/2022/sep/03/california-wildfire-mill-fire,article,wildfire,../data/disaster_news/articles/2022_09_03_gardian_10.txt
2022-09-30T16:01:00Z,Ron DeSantis changes with the wind as Hurricane Ian prompts flip-flop on aid,https://www.theguardian.com/us-news/2022/sep/30/ron-desantis-hurricane-ian-florida-sandy,article,hurricane,../data/disaster_news/articles/2022_09_30_gardian_11.txt
2022-09-29T07:44:29Z,Hurricane Ian: more than 2m without power as Florida hit with ‘catastrophic’ wind and rain,https://www.theguardian.com/us-news/2022/sep/28/hurricane-ian-millions-florida-path-deadly-cyclone,article,hurricane,../data/disaster_news/articles/2022_09_29_gardian_12.txt
2022-09-27T20:59:37Z,"House January 6 committee postpones public hearing, citing Hurricane Ian",https://www.theguardian.com/us-news/2022/sep/27/jan-6-hearing-postponed-hurricane-ian,article,hurricane,../data/disaster_news/articles/2022_09_27_gardian_13.txt
2022-09-07T10:00:03Z,California’s week of heat and wildfires foretell a punishing autumn,https://www.theguardian.com/us-news/2022/sep/07/california-wildfires-heatwave-whats-ahead,article,wildfire,../data/disaster_news/articles/2022_09_07_gardian_14.txt
2022-09-28T05:00:59Z,‘There had to be somewhere better’: New York criticized for building migrant tents in flood-prone lot,https://www.theguardian.com/us-news/2022/sep/27/there-had-to-be-somewhere-better-new-york-criticized-for-building-migrant-tents-in-flood-prone-lot,article,,../data/disaster_news/articles/2022_09_28_gardian_15.txt
2022-09-10T07:00:04Z,‘Can’t afford to live’: California heatwave leaves older adults teetering on edge,https://www.theguardian.com/us-news/2022/sep/10/california-heatwave-older-adults-public-health,article,heatwave,../data/disaster_news/articles/2022_09_10_gardian_16.txt
2022-09-22T10:00:56Z,Ranchers’ rebellion: the Californians breaking water rules in a punishing drought,https://www.theguardian.com/us-news/2022/sep/22/california-ranchers-water-rights-diversions-fish,article,drought,../data/disaster_news/articles/2022_09_22_gardian_17.txt
2022-09-29T12:00:35Z,How the climate crisis is driving stronger storms further inland,https://www.theguardian.com/us-news/2022/sep/29/climate-crisis-global-heating-storms-hurricane-ian-florida,article,storm,../data/disaster_news/articles/2022_09_29_gardian_18.txt
2022-09-28T17:58:20Z,‘We’re natural fighters’: Cubans brave sweeping power cuts in Hurricane Ian aftermath,https://www.theguardian.com/us-news/2022/sep/28/cuba-hurricane-ian-blackout-electricity,article,hurricane,../data/disaster_news/articles/2022_09_28_gardian_19.txt
2022-09-28T09:39:04Z,Cuba left without power as Hurricane Ian heads to Florida | First Thing,https://www.theguardian.com/us-news/2022/sep/28/hurricane-ian-cuba-power-florida-electricity-grid,article,hurricane,../data/disaster_news/articles/2022_09_28_gardian_20.txt
2022-09-29T00:46:05Z,Teams search for 20 people whose boat sank off Florida as Hurricane Ian loomed,https://www.theguardian.com/us-news/2022/sep/28/florida-boat-sinks-rescue-hurricane-ian,article,hurricane,../data/disaster_news/articles/2022_09_29_gardian_21.txt
2022-09-30T09:49:32Z,'Catastrophic’ damage in Florida as storm heads to South Carolina | First Thing,https://www.theguardian.com/us-news/2022/sep/30/first-thing-catastrophic-damage-in-florida-as-hurricane-ian-heads-to-south-carolina,article,storm,../data/disaster_news/articles/2022_09_30_gardian_22.txt
2022-09-29T10:13:38Z,More than 2m without power as Florida hit by hurricane Ian | First Thing,https://www.theguardian.com/us-news/2022/sep/29/first-thing-more-than-2m-without-power-as-florida-hit-by-hurricane-ian,article,hurricane,../data/disaster_news/articles/2022_09_29_gardian_23.txt
2022-09-03T05:00:10Z,‘It’s too hot’: Los Angeles melts under its worst heatwave of the year,https://www.theguardian.com/us-news/2022/sep/02/los-angeles-extreme-heatwave-emergency,article,heatwave,../data/disaster_news/articles/2022_09_03_gardian_24.txt
2022-09-20T10:26:09Z,Major earthquake shakes Mexico on anniversary of two previous tremors | First Thing,https://www.theguardian.com/us-news/2022/sep/20/first-thing-earthquake-shakes-mexico-on-anniversary-of-two-past-tremors,article,earthquake,../data/disaster_news/articles/2022_09_20_gardian_25.txt
2022-09-09T10:00:31Z,California sizzled in a record heatwave this week. We mapped where it was hottest,https://www.theguardian.com/us-news/2022/sep/09/california-sizzled-in-a-record-heatwave-this-week-we-mapped-where-it-was-hottest,article,heatwave,../data/disaster_news/articles/2022_09_09_gardian_26.txt
2022-09-24T10:00:02Z,‘The American lawn feels irresponsible’: the LA homes ditching grass for drought-friendly gardens,https://www.theguardian.com/us-news/2022/sep/24/los-angeles-drought-resistant-plants-lawns-landscaping,article,,../data/disaster_news/articles/2022_09_24_gardian_27.txt
2022-09-07T15:43:35Z,‘The death is too much’: New York’s Little Pakistan gathers aid for flood victims,https://www.theguardian.com/us-news/2022/sep/07/pakistan-flood-victims-new-york-donation,article,flood,../data/disaster_news/articles/2022_09_07_gardian_28.txt
2022-09-28T10:00:04Z,Clearing California’s landscapes is critical to stopping megablazes. Why is it taking so long?,https://www.theguardian.com/us-news/2022/sep/28/california-landscape-stop-megablazes,article,,../data/disaster_news/articles/2022_09_28_gardian_29.txt
2022-09-05T10:07:59Z,"Police say 10 killed and 15 hurt in Saskatchewan, Canada | First Thing",https://www.theguardian.com/us-news/2022/sep/05/first-thing-police-say-10-killed-and-15-hurt-in-saskatchewan-canada,article,,../data/disaster_news/articles/2022_09_05_gardian_30.txt
2022-09-02T10:00:45Z,‘Come cool down’: can San Francisco’s cold summers be a draw for tourists? ,https://www.theguardian.com/us-news/2022/sep/02/san-francisco-cold-summers-tourism-heatwave-climate-crisis,article,,../data/disaster_news/articles/2022_09_02_gardian_31.txt
2022-09-01T10:00:04Z,Thousands of dead fish wash up in Oakland lake to create a putrid mess,https://www.theguardian.com/us-news/2022/sep/01/dead-fish-oakland-lake-merritt-algae-bloom,article,,../data/disaster_news/articles/2022_09_01_gardian_32.txt
2022-09-23T09:00:31Z,"‘A living, breathing building’: the rise of resilience centers amid extreme heat in the US",https://www.theguardian.com/us-news/2022/sep/23/california-extreme-heat-resilience-centers,article,,../data/disaster_news/articles/2022_09_23_gardian_33.txt
2022-09-15T06:00:23Z,Americans learn skills to survive the climate crisis – in a wilderness course,https://www.theguardian.com/us-news/2022/sep/15/climate-crisis-survival-course-wilderness,article,,../data/disaster_news/articles/2022_09_15_gardian_34.txt
2022-09-06T06:00:50Z,Enabling a demagogue: a new film traces Republicans’ capitulation to Donald Trump,https://www.theguardian.com/us-news/2022/sep/06/michael-kirk-lies-politics-democracy-documentary-pbs-frontline-trump-republicans,article,,../data/disaster_news/articles/2022_09_06_gardian_35.txt
2022-09-09T10:02:36Z,Queen Elizabeth II’s death marks end of an era | First Thing,https://www.theguardian.com/us-news/2022/sep/09/first-thing-queen-elizabeth-iis-death-marks-end-of-an-era,article,,../data/disaster_news/articles/2022_09_09_gardian_36.txt
2022-09-01T23:52:31Z,Retired NYPD officer receives longest sentence yet for attack on Capitol,https://www.theguardian.com/us-news/2022/sep/01/retired-nypd-officer-capitol-attack-longest-sentence,article,,../data/disaster_news/articles/2022_09_01_gardian_37.txt
2022-09-07T10:46:20Z,FBI found document on foreign nuclear defenses at Mar-a-Lago – report | First Thing,https://www.theguardian.com/us-news/2022/sep/07/first-thing-fbi-found-document-on-foreign-nuclear-defenses-at-mar-a-lago-report,article,,../data/disaster_news/articles/2022_09_07_gardian_38.txt
2022-09-17T00:36:55Z,Body of missing woman found after California mudslides,https://www.theguardian.com/us-news/2022/sep/16/body-of-missing-woman-found-after-california-mudslides,article,,../data/disaster_news/articles/2022_09_17_gardian_39.txt
2022-09-05T06:00:09Z,She thought Covid-19 was the worst thing to happen to her schools. Then the fire came,https://www.theguardian.com/us-news/2022/sep/05/california-school-district-covid-climate-disaster,article,,../data/disaster_news/articles/2022_09_05_gardian_40.txt
2022-09-23T09:35:51Z,Iran’s president says Mahsa Amini death must be investigated | First Thing,https://www.theguardian.com/us-news/2022/sep/23/first-thing-iran-president-says-mahsa-amini-death-must-be-investigated,article,,../data/disaster_news/articles/2022_09_23_gardian_41.txt
