webPublicationDate,webTitle,webUrl,type,disaster_type,path
2022-11-07T18:00:19Z,"Florida braced for arrival of Storm Nicole, which could become hurricane",https://www.theguardian.com/us-news/2022/nov/07/storm-nicole-latest-florida-hurricane,article,storm,../data/disaster_news/articles/2022_11_07_gardian_0.txt
2022-11-09T22:57:56Z,Florida buckles down for direct hit from rare November hurricane,https://www.theguardian.com/us-news/2022/nov/09/storm-nicole-florida-rare-november-hurricane-warning,article,hurricane,../data/disaster_news/articles/2022_11_09_gardian_1.txt
2022-11-09T13:22:29Z,Late-season hurricane expected to make landfall in eastern Florida ,https://www.theguardian.com/us-news/2022/nov/09/florida-hurricane-tropical-storm-nicole-landfall-latest,article,hurricane,../data/disaster_news/articles/2022_11_09_gardian_2.txt
2022-11-14T09:00:34Z,‘I never doubted it’: why film-maker Michael Moore forecast ‘blue tsunami’ in midterms,https://www.theguardian.com/us-news/2022/nov/14/us-midterms-film-maker-michael-moore-blue-tsunami,article,tsunami,../data/disaster_news/articles/2022_11_14_gardian_3.txt
2022-11-07T14:44:48Z,California man blames meteorite after house goes up in flames,https://www.theguardian.com/us-news/2022/nov/07/california-meteor-house-destroyed,article,,../data/disaster_news/articles/2022_11_07_gardian_4.txt
2022-11-28T17:02:08Z,Houston places 2.2m people under boil water notice after plant power outage,https://www.theguardian.com/us-news/2022/nov/28/houston-boil-water-advisory-purification-plant,article,,../data/disaster_news/articles/2022_11_28_gardian_5.txt
2022-11-21T22:08:01Z,California’s last nuclear power plant gets $1bn funding to extend life,https://www.theguardian.com/us-news/2022/nov/21/california-nuclear-power-plant-biden-grant,article,,../data/disaster_news/articles/2022_11_21_gardian_6.txt
2022-11-12T06:00:32Z,Weather tracker: unusual cold and snow spreading across North America,https://www.theguardian.com/us-news/2022/nov/12/weather-tracker-unusual-cold-and-snow-spreading-across-north-america,article,,../data/disaster_news/articles/2022_11_12_gardian_7.txt
2022-11-04T10:00:41Z,‘Ghosts of capitalism’: the push to dismantle America’s decrepit dams,https://www.theguardian.com/us-news/2022/nov/04/push-to-dismantle-dams-us-rivers-environmentalists,article,,../data/disaster_news/articles/2022_11_04_gardian_8.txt
2022-11-04T11:00:41Z,Republican candidates on climate: ‘fake science’ to ‘carbon is healthy’,https://www.theguardian.com/us-news/2022/nov/04/republican-democrat-candidates-climate-crisis,article,,../data/disaster_news/articles/2022_11_04_gardian_9.txt
2022-11-05T13:00:11Z,US voters hit hardest by climate crisis: ‘I need politicians to care about this’,https://www.theguardian.com/us-news/2022/nov/05/us-voters-climate-change-midterm-elections,article,,../data/disaster_news/articles/2022_11_05_gardian_10.txt
2022-11-24T12:07:21Z,Names of Virginia Walmart shooting victims released | First Thing,https://www.theguardian.com/us-news/2022/nov/24/first-thing-names-of-virginia-walmart-shooting-victims-released,article,,../data/disaster_news/articles/2022_11_24_gardian_11.txt
2022-11-25T14:02:17Z,First Thing: Musk offers general amnesty to suspended Twitter accounts,https://www.theguardian.com/us-news/2022/nov/25/first-thing-musk-offers-general-amnesty-to-suspended-twitter-accounts,article,,../data/disaster_news/articles/2022_11_25_gardian_12.txt
2022-11-10T14:26:06Z,New York passes $4.2bn environmental bond act on midterm ballot,https://www.theguardian.com/us-news/2022/nov/10/new-york-passes-environmental-bonds-midterm-elections,article,,../data/disaster_news/articles/2022_11_10_gardian_13.txt
2022-11-08T20:17:00Z,Deluge of propositions from abortion to climate on midterms ballots across US,https://www.theguardian.com/us-news/2022/nov/08/state-ballot-initiatives-us-midterm-elections,article,,../data/disaster_news/articles/2022_11_08_gardian_14.txt
2022-11-22T11:04:46Z,Court battle begins over Trump’s special master review of papers | First Thing,https://www.theguardian.com/us-news/2022/nov/22/first-thing-court-battle-begins-over-trump-special-master-review-of-papers,article,,../data/disaster_news/articles/2022_11_22_gardian_15.txt
2022-11-12T03:46:54Z,Mark Kelly holds on to Arizona seat in critical win for Democrats,https://www.theguardian.com/us-news/2022/nov/11/democrat-mark-kelly-arizona-senate-blake-masters,article,,../data/disaster_news/articles/2022_11_12_gardian_16.txt
2022-11-05T06:00:01Z,How Michigan Republicans’ campaign is a ‘direct attack on democracy’,https://www.theguardian.com/us-news/2022/nov/05/michigan-republicans-election-process-midterms,article,,../data/disaster_news/articles/2022_11_05_gardian_17.txt
2022-11-12T04:14:17Z,Adrian Fontes wins highly contested secretary of state in Arizona,https://www.theguardian.com/us-news/2022/nov/12/arizona-secretary-of-state-election-winnner-adrian-fontes,article,,../data/disaster_news/articles/2022_11_12_gardian_18.txt
2022-11-11T06:00:03Z,Rift in Trump’s inner circle over 2024 presidential campaign announcement,https://www.theguardian.com/us-news/2022/nov/10/trump-inner-circle-rift-2024-presidential-campaign-news,article,,../data/disaster_news/articles/2022_11_11_gardian_19.txt
2022-11-24T18:50:33Z,Justice department asks Pence to testify in Trump investigation,https://www.theguardian.com/us-news/2022/nov/23/mike-pence-testify-trump-investigation-doj,article,,../data/disaster_news/articles/2022_11_24_gardian_20.txt
2022-11-09T09:20:50Z,‘Interesting evening’: Trump has little to say as Republicans fail to deliver,https://www.theguardian.com/us-news/2022/nov/09/donald-trump-mar-a-lago-midterms-2022,article,,../data/disaster_news/articles/2022_11_09_gardian_21.txt
2022-11-30T11:43:13Z,First Thing: Oath Keepers founder guilty of seditious conspiracy,https://www.theguardian.com/us-news/2022/nov/30/first-thing-oath-keepers-founder-guilty-of-seditious-conspiracy,article,,../data/disaster_news/articles/2022_11_30_gardian_22.txt
2022-11-09T19:30:09Z,The winner of the midterms is not yet clear – but the loser is Donald Trump,https://www.theguardian.com/us-news/2022/nov/09/the-winner-of-the-midterms-is-not-yet-clear-but-the-loser-is-donald-trump,article,,../data/disaster_news/articles/2022_11_09_gardian_23.txt
2022-11-30T15:11:25Z,Oath Keepers founder Stewart Rhodes found guilty of seditious conspiracy,https://www.theguardian.com/us-news/2022/nov/29/oath-keepers-militia-founder-stewart-rhodes-seditious-conspiracy,article,,../data/disaster_news/articles/2022_11_30_gardian_24.txt
2022-11-16T06:02:59Z,Trump’s speech was full of exaggerated and false talking points,https://www.theguardian.com/us-news/2022/nov/16/donald-trump-speech-false-exaggerated-talking-points,article,,../data/disaster_news/articles/2022_11_16_gardian_25.txt
2022-11-15T02:28:09Z,Katie Hobbs defeats election denier Kari Lake in Arizona governor race,https://www.theguardian.com/us-news/2022/nov/14/katie-hobbs-wins-arizona-governor-midterms-democrat,article,,../data/disaster_news/articles/2022_11_15_gardian_26.txt
2022-11-04T07:00:38Z,"Unregulated, unrestrained: era of the online political ad comes to midterms",https://www.theguardian.com/us-news/2022/nov/04/online-political-ads-us-midterms-2022,article,,../data/disaster_news/articles/2022_11_04_gardian_27.txt
2022-11-15T16:36:54Z,‘This movement was rejected’: Republican election deniers lose key state races,https://www.theguardian.com/us-news/2022/nov/15/republican-election-deniers-lose-midterm-elections,article,,../data/disaster_news/articles/2022_11_15_gardian_28.txt
2022-11-02T10:42:45Z,Bolsonaro breaks election silence but does not concede to Lula | First Thing,https://www.theguardian.com/us-news/2022/nov/02/first-thing-bolsonaro-breaks-election-silence-does-not-concede-lula,article,,../data/disaster_news/articles/2022_11_02_gardian_29.txt
2022-11-03T11:00:17Z,Biden urges Americans to take a stand against political violence | First Thing,https://www.theguardian.com/us-news/2022/nov/03/first-thing-biden-urges-americans-to-take-a-stand-against-political-violence,article,,../data/disaster_news/articles/2022_11_03_gardian_30.txt
2022-11-14T08:00:34Z,The wilderness ‘therapy’ that teens say feels like abuse: ‘You are on guard at all times’,https://www.theguardian.com/us-news/2022/nov/14/us-wilderness-therapy-camps-troubled-teen-industry-abuse,article,,../data/disaster_news/articles/2022_11_14_gardian_31.txt
2022-11-13T07:00:07Z,‘A sacred space’: Sebastian Junger and Seth Moulton on Vets Town Hall,https://www.theguardian.com/us-news/2022/nov/13/sebastian-junger-seth-moulton-vets-town-hall-veterans-day,article,,../data/disaster_news/articles/2022_11_13_gardian_32.txt
2022-11-28T12:32:34Z,First Thing: Shanghai protests over zero-Covid policy spark clashes,https://www.theguardian.com/us-news/2022/nov/28/first-thing-shanghai-protests-over-zero-covid-policy-spark-clashes,article,,../data/disaster_news/articles/2022_11_28_gardian_33.txt
