webPublicationDate,webTitle,webUrl,type,disaster_type,path
2022-03-12T22:44:58Z,‘Bomb cyclone’ storm dumps snow across eastern US,https://www.theguardian.com/us-news/2022/mar/12/forecasters-warn-of-bomb-cyclone-expected-to-dump-snow-across-eastern-us,article,storm,../data/disaster_news/articles/2022_03_12_gardian_0.txt
2022-03-23T18:53:56Z,‘One traumatic thing after another’: New Orleans homes flattened by giant twisters,https://www.theguardian.com/us-news/2022/mar/23/new-orleans-tornadoes-twisters-arabi-homes-destroyed,article,,../data/disaster_news/articles/2022_03_23_gardian_1.txt
2022-03-18T18:59:47Z,Winds and dry conditions fuel multiple Texas wildfires as hundreds evacuate,https://www.theguardian.com/us-news/2022/mar/18/texas-wildfires-eastland-complex-latest,article,wildfire,../data/disaster_news/articles/2022_03_18_gardian_2.txt
2022-03-05T06:00:16Z,"Record growth, record heat, record drought: how will Las Vegas weather the climate crisis?",https://www.theguardian.com/us-news/2022/mar/04/las-vegas-population-growth-climate-crisis,article,drought,../data/disaster_news/articles/2022_03_05_gardian_3.txt
2022-03-15T18:42:04Z,Proud Boys leader had plans to ‘storm’ government buildings on 6 January,https://www.theguardian.com/us-news/2022/mar/15/proud-boys-leader-enrique-tarrio-document-january-6,article,storm,../data/disaster_news/articles/2022_03_15_gardian_4.txt
2022-03-23T06:00:21Z,‘Morally bankrupt’: outrage after pro-Israel group backs insurrectionist Republicans,https://www.theguardian.com/us-news/2022/mar/23/aipac-pro-israel-group-backs-insurrectionist-republicans,article,,../data/disaster_news/articles/2022_03_23_gardian_5.txt
2022-03-27T05:00:17Z,How does a newt cross the road? The teams trying to end a nightly carnage,https://www.theguardian.com/us-news/2022/mar/26/california-pacific-newts-volunteers-cross-road,article,,../data/disaster_news/articles/2022_03_27_gardian_6.txt
2022-03-20T12:27:28Z,‘Crime against nature’: the rise and fall of the world’s most notorious succulent thief,https://www.theguardian.com/us-news/2022/mar/20/california-succulent-smuggling-dudleya,article,,../data/disaster_news/articles/2022_03_20_gardian_7.txt
2022-03-24T09:00:54Z,‘Everything’s going to pieces’: how a port took over a Black US neighborhood,https://www.theguardian.com/us-news/2022/mar/24/port-freeport-texas-east-end-historically-black-neighborhood,article,,../data/disaster_news/articles/2022_03_24_gardian_8.txt
2022-03-30T18:34:15Z,US plans to end Covid-era order blocking asylum seekers at Mexico border,https://www.theguardian.com/us-news/2022/mar/30/title-42-us-mexico-border-asylum-seekers-plans-end,article,,../data/disaster_news/articles/2022_03_30_gardian_9.txt
2022-03-29T10:08:23Z,"Ukrainians paying for ‘weak’ sanctions with their lives, says Zelenskiy | First Thing",https://www.theguardian.com/us-news/2022/mar/29/first-thing-ukrainians-paying-for-weak-sanctions-with-their-lives-zelenskiy,article,,../data/disaster_news/articles/2022_03_29_gardian_10.txt
2022-03-16T10:00:28Z,US unions see unusually promising moment amid wave of victories,https://www.theguardian.com/us-news/2022/mar/16/us-union-victories-wave-labor-strategists,article,,../data/disaster_news/articles/2022_03_16_gardian_11.txt
2022-03-30T04:01:04Z,"US transition to electric vehicles would save over 100,000 lives by 2050 – study",https://www.theguardian.com/us-news/2022/mar/30/us-electric-vehicles-save-lives-public-health-costs-study,article,,../data/disaster_news/articles/2022_03_30_gardian_12.txt
2022-03-13T10:00:26Z, What is causing US utility bills to rise and will it persist in warmer months?,https://www.theguardian.com/us-news/2022/mar/13/us-utility-bills-energy-prices-increase,article,,../data/disaster_news/articles/2022_03_13_gardian_13.txt
2022-03-29T06:00:17Z,‘Our top search term is nuclear’: US bunker sales soar as anxiety over Russia rises,https://www.theguardian.com/us-news/2022/mar/29/bunker-sales-soar-anxiety-over-russia-rises-ukraine,article,,../data/disaster_news/articles/2022_03_29_gardian_14.txt
2022-03-23T16:13:20Z,Discovery of 1800s whaling ship expected to offer insight into Black and Indigenous crew,https://www.theguardian.com/education/2022/mar/23/whaling-ship-discovery-black-indigenous-crew,article,,../data/disaster_news/articles/2022_03_23_gardian_15.txt
2022-03-07T18:39:46Z,William Barr: Trump is full of bull – but I’ll vote for him,https://www.theguardian.com/us-news/2022/mar/07/barr-trump-exchange-blows-book-electoral-lie,article,,../data/disaster_news/articles/2022_03_07_gardian_16.txt
2022-03-02T11:22:30Z,Biden warns Putin ‘will pay’ for invasion | First Thing,https://www.theguardian.com/us-news/2022/mar/02/first-thing-biden-warns-putin-will-pay-for-invasion,article,,../data/disaster_news/articles/2022_03_02_gardian_17.txt
2022-03-04T17:59:08Z,Roger Stone raged at ‘disgrace’ Trump over failure to overturn election – report,https://www.theguardian.com/us-news/2022/mar/04/roger-stone-trump-election-jared-kushner,article,,../data/disaster_news/articles/2022_03_04_gardian_18.txt
2022-03-17T10:10:36Z,Zelenskiy compares siege of Mariupol to Leningrad | First Thing,https://www.theguardian.com/us-news/2022/mar/17/first-thing-zelenskiy-mariupol-leningrad-siege-biden-putin-war-criminal-texas,article,,../data/disaster_news/articles/2022_03_17_gardian_19.txt
2022-03-27T13:59:15Z,Biden’s Putin ad-lib should focus west on what its endgame should be,https://www.theguardian.com/us-news/2022/mar/27/joe-biden-vladimir-putin-remarks-focus-west-on-endgame-analysis-ukraine,article,,../data/disaster_news/articles/2022_03_27_gardian_20.txt
2022-03-09T12:07:14Z,Russia ‘agrees’ to ceasefire in humanitarian corridors | First Thing,https://www.theguardian.com/us-news/2022/mar/09/first-thing-russia-agrees-to-ceasefire-humanitarian-corridors-ukraine,article,,../data/disaster_news/articles/2022_03_09_gardian_21.txt
2022-03-28T10:08:22Z,Zelenskiy says Ukraine willing to discuss neutrality | First Thing,https://www.theguardian.com/us-news/2022/mar/28/first-thing-zelenskiy-says-ukraine-is-willing-to-discuss-neutrality-at-russia-talks,article,,../data/disaster_news/articles/2022_03_28_gardian_22.txt
2022-03-23T10:31:19Z,"100,000 civilians trapped in Mariupol | First Thing",https://www.theguardian.com/us-news/2022/mar/23/first-thing-100000-civilians-trapped-mariupol-with-no-safe-route-out-ukraine,article,,../data/disaster_news/articles/2022_03_23_gardian_23.txt
