webPublicationDate,webTitle,webUrl,type,disaster_type,path
2022-07-06T17:10:17Z,Favorable weather aiding fight against California wildfire Electra,https://www.theguardian.com/us-news/2022/jul/06/california-wildfire-electra,article,wildfire,../data/disaster_news/articles/2022_07_06_gardian_0.txt
2022-07-08T14:07:25Z,California wildfire forces partial closure of Yosemite national park,https://www.theguardian.com/us-news/2022/jul/08/california-wildfire-yosemite-national-park-partial-closure,article,wildfire,../data/disaster_news/articles/2022_07_08_gardian_1.txt
2022-07-30T20:15:20Z,Evacuations ordered in northern California after new wildfire breaks out,https://www.theguardian.com/us-news/2022/jul/30/california-wildfire-mckinney-fire-klamath-national-forest-evacuations,article,wildfire,../data/disaster_news/articles/2022_07_30_gardian_2.txt
2022-07-05T19:01:25Z,California: explosive wildfire more than doubles in size overnight,https://www.theguardian.com/us-news/2022/jul/05/california-wildfire-electra-fire,article,wildfire,../data/disaster_news/articles/2022_07_05_gardian_3.txt
2022-07-31T15:31:34Z,Kentucky grapples with effect of climate crisis as floods leave trail of devastation,https://www.theguardian.com/us-news/2022/jul/31/kentucky-flash-floods-climate-crisis,article,flood,../data/disaster_news/articles/2022_07_31_gardian_4.txt
2022-07-25T03:18:25Z,Oak fire remains uncontained as Al Gore warns ‘civilization at stake’ ,https://www.theguardian.com/us-news/2022/jul/24/california-oak-wildfire-uncontained,article,,../data/disaster_news/articles/2022_07_25_gardian_5.txt
2022-07-11T18:25:19Z, Firefighters attempt to save giant sequoias as Yosemite wildfire grows,https://www.theguardian.com/us-news/2022/jul/11/yosemite-washburn-fire-giant-sequoias-grove,article,wildfire,../data/disaster_news/articles/2022_07_11_gardian_6.txt
2022-07-25T22:05:36Z,Typically mild Pacific north-west braces for another blazing heatwave,https://www.theguardian.com/us-news/2022/jul/25/pacific-northwest-heat-wave-weather-climate,article,heatwave,../data/disaster_news/articles/2022_07_25_gardian_7.txt
2022-07-13T08:00:18Z,"As drought shrivels Lake Powell, millions face power crisis",https://www.theguardian.com/us-news/2022/jul/13/lake-powell-drought-electricity,article,drought,../data/disaster_news/articles/2022_07_13_gardian_8.txt
2022-07-25T22:43:33Z,Why Yosemite’s Oak fire is burning with such ferocity – explained,https://www.theguardian.com/world/2022/jul/25/yosemite-oak-fire-climate-crisis-explained,article,,../data/disaster_news/articles/2022_07_25_gardian_9.txt
2022-07-11T22:17:12Z,Texans urged to save energy as extreme heatwave strains power grid,https://www.theguardian.com/us-news/2022/jul/11/texas-heatwave-power-grid-ercot,article,heatwave,../data/disaster_news/articles/2022_07_11_gardian_10.txt
2022-07-14T19:21:53Z,Yosemite wildfire continues to grow as it pushes east into Sierra national forest,https://www.theguardian.com/us-news/2022/jul/14/yosemite-wildfire-sierra-national-forest-california,article,wildfire,../data/disaster_news/articles/2022_07_14_gardian_11.txt
2022-07-01T05:00:02Z,Brand new bang: Lake Tahoe resort scraps July 4 fireworks for drones,https://www.theguardian.com/us-news/2022/jun/30/fireworks-july-4-cancelled-us-south-west-drought,article,,../data/disaster_news/articles/2022_07_01_gardian_12.txt
2022-07-20T09:00:15Z,Alarm as fastest growing US cities risk becoming unlivable from climate crisis,https://www.theguardian.com/us-news/2022/jul/20/us-fastest-growing-cities-risk-becoming-unlivable-climate-crisis,article,,../data/disaster_news/articles/2022_07_20_gardian_13.txt
2022-07-19T17:12:56Z,Over 100m Americans under heat warnings as wildfires rage in 12 states,https://www.theguardian.com/us-news/2022/jul/19/us-heat-warnings-wildfires-weather,article,wildfire,../data/disaster_news/articles/2022_07_19_gardian_14.txt
2022-07-07T05:00:40Z,‘All that’s needed is a spark’: why the US may be headed for a summer of mega-fire,https://www.theguardian.com/us-news/2022/jul/06/us-west-wildfire-summer,article,,../data/disaster_news/articles/2022_07_07_gardian_15.txt
2022-07-05T21:57:46Z,Utah’s Great Salt Lake hits new historic low amid drought in western US,https://www.theguardian.com/us-news/2022/jul/05/utah-great-salt-lake-new-low-drought,article,drought,../data/disaster_news/articles/2022_07_05_gardian_16.txt
2022-07-19T10:32:32Z,Unprecedented wildfires hit Alaska and Europe suffers record heat | First Thing,https://www.theguardian.com/us-news/2022/jul/19/first-thing-unprecedented-wildfires-hit-alaska-and-europe-suffers-record-heat,article,wildfire,../data/disaster_news/articles/2022_07_19_gardian_17.txt
2022-07-27T23:02:56Z,U-turn as Manchin agrees deal with Democrats on major tax and climate bill,https://www.theguardian.com/us-news/2022/jul/27/manchin-deal-democrats-schumer-reconciliation-bill-climate-health,article,,../data/disaster_news/articles/2022_07_27_gardian_18.txt
2022-07-12T19:54:37Z,"With Yosemite’s giant sequoias at risk, firefighters place hope in prescribed burns",https://www.theguardian.com/world/2022/jul/12/yosemite-wildfire-prescribed-burns-sequoia-grove,article,,../data/disaster_news/articles/2022_07_12_gardian_19.txt
2022-07-27T10:25:54Z,DoJ investigators dig into Trump’s role in January 6 | First Thing,https://www.theguardian.com/us-news/2022/jul/27/first-thing-doj-investigators-dig-into-trumps-role-in-january-6,article,,../data/disaster_news/articles/2022_07_27_gardian_20.txt
2022-07-29T19:56:52Z,Firefighters make further progress to contain raging Oak fire near Yosemite,https://www.theguardian.com/us-news/2022/jul/29/oak-fire-yosemite-california-wildfire-firefighters,article,,../data/disaster_news/articles/2022_07_29_gardian_21.txt
2022-07-30T02:01:28Z,At least 16 people dead after flash flooding in Kentucky,https://www.theguardian.com/us-news/2022/jul/29/kentucky-flash-flooding-death-toll,article,,../data/disaster_news/articles/2022_07_30_gardian_22.txt
2022-07-19T05:00:31Z,‘It goes up like tinder’: unprecedented blazes envelop Alaska,https://www.theguardian.com/us-news/2022/jul/18/alaska-wildfires-east-fork-lime-complex,article,,../data/disaster_news/articles/2022_07_19_gardian_23.txt
2022-07-26T13:39:00Z,More human remains found at Lake Mead as water levels shrink,https://www.theguardian.com/us-news/2022/jul/26/lake-mead-more-human-remains,article,,../data/disaster_news/articles/2022_07_26_gardian_24.txt
2022-07-30T14:50:05Z,Catastrophic flash flooding kills 25 in Kentucky and at least a dozen missing,https://www.theguardian.com/us-news/2022/jul/30/kentucky-flash-flooding-death-toll-missing,article,,../data/disaster_news/articles/2022_07_30_gardian_25.txt
2022-07-14T16:36:34Z,Virginia: all missing people accounted for following severe flash-flooding,https://www.theguardian.com/environment/2022/jul/14/flash-floods-virginia-17-missing,article,,../data/disaster_news/articles/2022_07_14_gardian_26.txt
2022-07-30T19:47:09Z, ‘We had to swim out’: Kentucky grapples with floods as search for survivors continues,https://www.theguardian.com/us-news/2022/jul/30/kentucky-rescue-victims-flooding,article,flood,../data/disaster_news/articles/2022_07_30_gardian_27.txt
2022-07-26T09:56:56Z,California fire crews make progress against ferocious Oak fire | First Thing,https://www.theguardian.com/us-news/2022/jul/26/first-thing-california-fire-crews-make-progress-against-ferocious-oak-fire,article,,../data/disaster_news/articles/2022_07_26_gardian_28.txt
2022-07-18T05:00:02Z,Bulletproof steel shelters sold as solution to school shootings,https://www.theguardian.com/us-news/2022/jul/17/bulletproof-steel-shelters-sold-as-solution-to-school-shootings,article,,../data/disaster_news/articles/2022_07_18_gardian_29.txt
2022-07-20T20:05:18Z, Biden unveils extreme heat plan – but doesn’t declare climate emergency,https://www.theguardian.com/us-news/2022/jul/20/joe-biden-extreme-heat-plan-climate-speech,article,,../data/disaster_news/articles/2022_07_20_gardian_30.txt
2022-07-21T06:00:40Z,January 6 panel to show Trump violated law by refusing to stop Capitol attack,https://www.theguardian.com/us-news/2022/jul/20/january-6-hearings-trump-violated-law-stop-attack,article,,../data/disaster_news/articles/2022_07_21_gardian_31.txt
2022-07-06T10:38:56Z,Highland Park shooting suspect charged with murder | First Thing,https://www.theguardian.com/us-news/2022/jul/06/first-thing-highland-park-shooting-suspect-charged-with,article,,../data/disaster_news/articles/2022_07_06_gardian_32.txt
2022-07-07T09:00:43Z,Trump’s possible ties to far-right militias examined by January 6 committee,https://www.theguardian.com/us-news/2022/jul/07/next-jan-6-hearing-trump-far-right-militias,article,,../data/disaster_news/articles/2022_07_07_gardian_33.txt
2022-07-31T09:00:50Z,Lake Mead: shrinking waters uncover buried secrets and grisly finds,https://www.theguardian.com/us-news/2022/jul/31/lake-mead-nevada-water-level-drought,article,,../data/disaster_news/articles/2022_07_31_gardian_34.txt
2022-07-23T10:00:35Z,‘The beaches belong to the people’: inside Puerto Rico’s anti-gentrification protests,https://www.theguardian.com/us-news/2022/jul/23/puerto-rico-beach-anti-gentrification-protests,article,,../data/disaster_news/articles/2022_07_23_gardian_35.txt
2022-07-23T06:00:32Z,"‘It’s a kangaroo court’: in key state, Trump backers dismiss January 6 hearings",https://www.theguardian.com/us-news/2022/jul/22/donald-trump-supporters-january-6-hearings,article,,../data/disaster_news/articles/2022_07_23_gardian_36.txt
2022-07-26T10:00:46Z,‘A moral imperative’: how southern ministers are trying to change minds about the climate crisis,https://www.theguardian.com/us-news/2022/jul/26/southern-christian-ministers-climate-crisis,article,,../data/disaster_news/articles/2022_07_26_gardian_37.txt
2022-07-25T10:17:14Z,Ginni Thomas faces possible January 6 subpoena | First Thing,https://www.theguardian.com/us-news/2022/jul/25/first-thing-ginni-thomas-faces-possible-january-6-subpoena,article,,../data/disaster_news/articles/2022_07_25_gardian_38.txt
2022-07-20T11:23:24Z,First Thing: Biden under pressure to declare US climate emergency,https://www.theguardian.com/us-news/2022/jul/20/first-thing-biden-under-pressure-to-declare-us-climate-emergency,article,,../data/disaster_news/articles/2022_07_20_gardian_39.txt
2022-07-16T06:00:00Z,Anger as Manchin kills Democrats’ climate plans – what happens now?,https://www.theguardian.com/us-news/2022/jul/16/joe-manchin-biden-climate-democrats-climate-plans,article,,../data/disaster_news/articles/2022_07_16_gardian_40.txt
2022-07-12T10:20:38Z,Role of far-right groups to be examined by January 6 panel | First Thing,https://www.theguardian.com/us-news/2022/jul/12/first-thing-role-of-far-right-groups-to-be-examined-by-january-6-panel,article,,../data/disaster_news/articles/2022_07_12_gardian_41.txt
2022-07-05T10:00:05Z,New Yorkers will put up with a lot – but don’t blaspheme the bodegas,https://www.theguardian.com/us-news/2022/jul/05/new-york-bodegas-love,article,,../data/disaster_news/articles/2022_07_05_gardian_42.txt
2022-07-20T05:00:12Z,"One in five US adults condone ‘justified’ political violence, mega-survey finds",https://www.theguardian.com/us-news/2022/jul/19/one-in-five-us-adults-condone-political-violence-survey,article,,../data/disaster_news/articles/2022_07_20_gardian_43.txt
2022-07-29T09:00:01Z,‘Democracy runs through Arizona’: candidate for attorney general says fate of the nation is at stake,https://www.theguardian.com/us-news/2022/jul/29/kris-mayes-arizona-attorney-general-voting-2022-election,article,,../data/disaster_news/articles/2022_07_29_gardian_44.txt
2022-07-02T09:30:41Z,Pearl Harbor water poisoning: US military families say they continue to fall ill,https://www.theguardian.com/us-news/2022/jul/02/pearl-harbor-pollution-water-jet-fuel-hawaii,article,,../data/disaster_news/articles/2022_07_02_gardian_45.txt
2022-07-16T01:22:16Z,Daughter of doctor who gave 10-year-old an abortion faced kidnapping threat,https://www.theguardian.com/us-news/2022/jul/15/indiana-caitlin-bernard-doctor-abortion,article,,../data/disaster_news/articles/2022_07_16_gardian_46.txt
2022-07-11T06:30:06Z,January 6 hearing to focus on Trump’s tweet to extremist group,https://www.theguardian.com/us-news/2022/jul/11/house-january-6-committee-to-focus-on-trumps-tweet-at-extremist-group-hearing,article,,../data/disaster_news/articles/2022_07_11_gardian_47.txt
