webPublicationDate,webTitle,webUrl,type,disaster_type,path
2022-10-01T01:20:17Z,Hurricane Ian moves into South Carolina after rampage in Florida,https://www.theguardian.com/us-news/2022/sep/30/hurricane-ian-south-carolina-charleston-florida-death-toll,article,hurricane,../data/disaster_news/articles/2022_10_01_gardian_0.txt
2022-10-02T16:25:18Z,Hurricane Ian: Americans urged to weigh risks of rebuilding in vulnerable areas,https://www.theguardian.com/us-news/2022/oct/02/hurricane-ian-risks-rebuilding-vulnerable-areas,article,hurricane,../data/disaster_news/articles/2022_10_02_gardian_1.txt
2022-10-03T20:10:50Z,"Flooding, outages, confusion: Florida reels as Hurricane Ian death toll rises",https://www.theguardian.com/us-news/2022/oct/03/hurricane-ian-death-toll-florida,article,hurricane,../data/disaster_news/articles/2022_10_03_gardian_2.txt
2022-10-01T20:06:33Z,Hurricane Ian: Florida and Carolinas comb wreckage to assess deadly toll,https://www.theguardian.com/us-news/2022/oct/01/hurricane-ian-south-carolina-florida-storm,article,hurricane,../data/disaster_news/articles/2022_10_01_gardian_3.txt
2022-10-29T17:53:12Z,"New York still vulnerable 10 years after Hurricane Sandy, protesters warn",https://www.theguardian.com/us-news/2022/oct/29/new-york-hurricane-sandy-climate-protest,article,hurricane,../data/disaster_news/articles/2022_10_29_gardian_4.txt
2022-10-05T10:33:11Z,Trump asks supreme court to intervene in Mar-a-Lago dispute | First Thing,https://www.theguardian.com/us-news/2022/oct/05/first-thing-trump-asks-supreme-court-intervene-mar-a-lago-dispute,article,,../data/disaster_news/articles/2022_10_05_gardian_5.txt
2022-10-05T07:00:03Z,Elderly bear brunt of Hurricane Ian as Sunshine state retirement turns sour,https://www.theguardian.com/us-news/2022/oct/05/hurricane-ian-elderly-seniors-florida,article,hurricane,../data/disaster_news/articles/2022_10_05_gardian_6.txt
2022-10-07T06:00:50Z,Will Hurricane Ian force Ron DeSantis to confront climate reality?,https://www.theguardian.com/us-news/2022/oct/07/ron-desantis-hurricane-ian-florida,article,hurricane,../data/disaster_news/articles/2022_10_07_gardian_7.txt
2022-10-05T16:55:44Z,Hurricane Ian: woman celebrating 40th birthday in Florida among victims,https://www.theguardian.com/us-news/2022/oct/05/hurricane-ian-woman-birthday-victim,article,hurricane,../data/disaster_news/articles/2022_10_05_gardian_8.txt
2022-10-09T06:30:50Z,DeSantis stays off path of political controversies in hurricane aftermath,https://www.theguardian.com/us-news/2022/oct/09/ron-desantis-hurricane-ian-aftermath,article,hurricane,../data/disaster_news/articles/2022_10_09_gardian_9.txt
2022-10-04T21:56:52Z,California’s three-year drought continues with no relief in sight,https://www.theguardian.com/us-news/2022/oct/04/california-record-drought-climate-crisis-la-nina,article,drought,../data/disaster_news/articles/2022_10_04_gardian_10.txt
2022-10-06T18:24:54Z,Hurricane Ian: residents return to battered homes as death toll rises,https://www.theguardian.com/us-news/2022/oct/06/hurricane-ian-florida-ron-desantis-residents-return-sanibel-captiva-pine-island,article,hurricane,../data/disaster_news/articles/2022_10_06_gardian_11.txt
2022-10-17T14:56:12Z,‘Holy moly!’ drought-hit Mississippi River reveals 19th-century trading ship,https://www.theguardian.com/us-news/2022/oct/17/mississippi-river-shipwreck-louisiana-baton-rouge,article,,../data/disaster_news/articles/2022_10_17_gardian_12.txt
2022-10-03T09:59:17Z,Hurricane Ian death tolls climbs amid criticism over response | First Thing ,https://www.theguardian.com/us-news/2022/oct/03/hurricane-ian-florida-death-toll-update,article,hurricane,../data/disaster_news/articles/2022_10_03_gardian_13.txt
2022-10-01T10:00:05Z,DeSantis’s pleas for hurricane aid raise hackles amid vast partisan divide,https://www.theguardian.com/us-news/2022/oct/01/desantis-hurricane-ian-aid-disaster-relief-florida,article,hurricane,../data/disaster_news/articles/2022_10_01_gardian_14.txt
2022-10-19T12:42:52Z,Florida issues warning over flesh-eating bacteria in wake of Hurricane Ian,https://www.theguardian.com/us-news/2022/oct/19/florida-hurricane-ian-flesh-eating-bacteria-vibrio-vulnificus,article,hurricane,../data/disaster_news/articles/2022_10_19_gardian_15.txt
2022-10-14T16:44:14Z,Anger as DeSantis eases voting rules in Republican areas hit by hurricane,https://www.theguardian.com/us-news/2022/oct/14/ron-desantis-florida-hurricane-ian-voting-rules,article,hurricane,../data/disaster_news/articles/2022_10_14_gardian_16.txt
2022-10-05T20:43:04Z,"Hurricane Ian ‘ends discussion’ on climate crisis, Biden says on Florida visit",https://www.theguardian.com/us-news/2022/oct/05/biden-hurricane-ian-florida-ron-desantis,article,hurricane,../data/disaster_news/articles/2022_10_05_gardian_17.txt
2022-10-18T23:13:20Z,US will give $2m to Cuba in emergency relief funding for Hurricane Ian victims,https://www.theguardian.com/us-news/2022/oct/18/us-cuba-emergency-relief-funding-hurricane-ian-victims,article,hurricane,../data/disaster_news/articles/2022_10_18_gardian_18.txt
2022-10-04T20:31:51Z,Hurricane Ian death toll rises as Biden prepares to tour worst-hit areas,https://www.theguardian.com/us-news/2022/oct/04/hurricane-ian-death-toll-florida-biden,article,hurricane,../data/disaster_news/articles/2022_10_04_gardian_19.txt
2022-10-31T20:04:54Z,AOC vows to champion LGBTQ+ rights after hecklers storm New York event,https://www.theguardian.com/us-news/2022/oct/24/aoc-lgbtq-rights-dancing-champion-aoc-has-got-to-go,article,storm,../data/disaster_news/articles/2022_10_31_gardian_20.txt
2022-10-01T06:30:01Z,‘Our entire community is wiped out’: low-income Americans likely to be hit hardest by Hurricane Ian,https://www.theguardian.com/us-news/2022/oct/01/hurricane-ian-inequality-recovery-damage-florida,article,hurricane,../data/disaster_news/articles/2022_10_01_gardian_21.txt
2022-10-06T11:55:45Z,Florida mayor not offended by Biden’s ‘salty language’ on live microphone,https://www.theguardian.com/us-news/2022/oct/06/florida-mayor-not-offended-joe-biden-salty-language-live-microphone,article,,../data/disaster_news/articles/2022_10_06_gardian_22.txt
2022-10-21T01:36:53Z,Seattle and Portland mired in poor air quality as wildfires smoke up sky,https://www.theguardian.com/us-news/2022/oct/20/seattle-portland-air-quality-wildfire-smoke,article,wildfire,../data/disaster_news/articles/2022_10_21_gardian_23.txt
2022-10-17T23:12:39Z,"Wildfires in US west fueling extreme weather in other states, study finds",https://www.theguardian.com/us-news/2022/oct/17/wildfires-us-west-extreme-weather-central-states,article,wildfire,../data/disaster_news/articles/2022_10_17_gardian_24.txt
2022-10-10T19:58:19Z,"Second world war ‘Ghost Boat’ emerges in California lake, puzzling officials",https://www.theguardian.com/us-news/2022/oct/10/lake-shasta-drought-ghost-boat,article,,../data/disaster_news/articles/2022_10_10_gardian_25.txt
2022-10-27T21:02:52Z,Sixth set of human remains found in vanishing Lake Mead,https://www.theguardian.com/us-news/2022/oct/27/human-remains-lake-mead-drought,article,,../data/disaster_news/articles/2022_10_27_gardian_26.txt
2022-10-12T21:09:09Z,Ron DeSantis investigated over migrant transfer from Texas to Martha’s Vineyard,https://www.theguardian.com/us-news/2022/oct/12/ron-desantis-texas-migrants-marthas-vineyard,article,,../data/disaster_news/articles/2022_10_12_gardian_27.txt
2022-10-25T18:29:45Z,"St Louis school shooter had more than 600 rounds of ammunition, police say",https://www.theguardian.com/us-news/2022/oct/25/st-louis-school-shooting-latest-gunman-ammunition,article,,../data/disaster_news/articles/2022_10_25_gardian_28.txt
2022-10-12T13:37:01Z,Losing ground: how one New Orleans community is sinking,https://www.theguardian.com/us-news/2022/oct/12/new-orleans-sinking-losing-ground-entergy,article,,../data/disaster_news/articles/2022_10_12_gardian_29.txt
2022-10-03T05:00:58Z,"LA restricts water flow to wasteful celebrity mansions: ‘No matter how rich, we’ll treat you the same’",https://www.theguardian.com/us-news/2022/oct/02/los-angeles-celebrity-homes-water-restriction-drought,article,,../data/disaster_news/articles/2022_10_03_gardian_30.txt
2022-10-08T07:00:23Z,Marjorie Taylor Greene: can Democrats unseat the far-right extremist?,https://www.theguardian.com/us-news/2022/oct/08/campaign-millions-maga-extremist-marjorie-taylor-greene-marcus-flowers,article,,../data/disaster_news/articles/2022_10_08_gardian_31.txt
2022-10-14T16:21:04Z,Barges stranded as Mississippi River water levels reach critical low,https://www.theguardian.com/us-news/2022/oct/14/mississippi-river-boats-barges-water-levels,article,,../data/disaster_news/articles/2022_10_14_gardian_32.txt
2022-10-07T13:52:50Z,Drag queen featured in Marco Rubio campaign ad calls him a bigot,https://www.theguardian.com/us-news/2022/oct/07/marco-rubio-drag-queen-little-miss-hot-mess-ad,article,,../data/disaster_news/articles/2022_10_07_gardian_33.txt
2022-10-04T10:00:36Z,"Democracy, poisoned: America’s elections are being attacked at every level",https://www.theguardian.com/us-news/2022/oct/04/us-democracy-attack-midterms-election-constitutional-crisis-2024,article,,../data/disaster_news/articles/2022_10_04_gardian_34.txt
2022-10-06T10:19:05Z,Biden administration angered by Opec+ oil output cut | First Thing,https://www.theguardian.com/us-news/2022/oct/06/first-thing-biden-administration-angered-by-opec-oil-output-cut,article,,../data/disaster_news/articles/2022_10_06_gardian_35.txt
2022-10-25T20:23:11Z,Florida governor debate: DeSantis defends abortion ban with false claims,https://www.theguardian.com/us-news/2022/oct/25/ron-desantis-florida-governor-abortion-charlie-crist,article,,../data/disaster_news/articles/2022_10_25_gardian_36.txt
2022-10-27T10:31:53Z,First Thing: Climate crisis funds ‘not delivered’ to countries in grave need,https://www.theguardian.com/us-news/2022/oct/27/first-thing-climate-crisis-funds-not-delivered-to-countries-in-grave-need,article,,../data/disaster_news/articles/2022_10_27_gardian_37.txt
2022-10-14T10:00:34Z,A California measure would tax the rich to fund electric vehicles. Why is the governor against it?,https://www.theguardian.com/us-news/2022/oct/14/california-proposition-30-gavin-newsom-electric-vehicles,article,,../data/disaster_news/articles/2022_10_14_gardian_38.txt
2022-10-26T20:25:54Z,"Mike Davis, prophetic writer on disaster and social unrest, dies aged 76",https://www.theguardian.com/us-news/2022/oct/26/mike-davis-dies-california-historian-writer,article,,../data/disaster_news/articles/2022_10_26_gardian_39.txt
2022-10-23T07:00:31Z,‘I’m deadly serious’: why film-maker Michael Moore is confident of a Democratic midterm win,https://www.theguardian.com/us-news/2022/oct/23/michael-moore-democratic-party-win-midterm-interview,article,,../data/disaster_news/articles/2022_10_23_gardian_40.txt
2022-10-19T10:05:03Z,First Thing: Biden vows to codify Roe if Democrats win midterms,https://www.theguardian.com/us-news/2022/oct/19/first-thing-biden-vows-to-codify-roe-if-democrats-win-midterms,article,,../data/disaster_news/articles/2022_10_19_gardian_41.txt
2022-10-27T12:58:11Z,St Louis school shooting suspect had gun confiscated days before attack,https://www.theguardian.com/us-news/2022/oct/27/st-louis-school-shooting-gunman-suspect-deadly-attack,article,,../data/disaster_news/articles/2022_10_27_gardian_42.txt
2022-10-01T18:03:55Z,Amtrak suspends San Diego-Los Angeles service due to shifting ground,https://www.theguardian.com/us-news/2022/oct/01/amtrak-san-diego-los-angeles-trains-suspended,article,,../data/disaster_news/articles/2022_10_01_gardian_43.txt
2022-10-15T12:42:49Z,"Roger Stone slammed Ivanka Trump after not getting pardoned, video shows",https://www.theguardian.com/us-news/2022/oct/15/roger-stone-ivanka-trump-video-jan-6,article,,../data/disaster_news/articles/2022_10_15_gardian_44.txt
2022-10-24T09:45:57Z,Is election denier Doug Mastriano too extreme to win? | First Thing,https://www.theguardian.com/us-news/2022/oct/24/first-thing-is-trump-backed-election-denier-doug-mastriano-too-extreme-to-win,article,,../data/disaster_news/articles/2022_10_24_gardian_45.txt
