webPublicationDate,webTitle,webUrl,type,disaster_type,path
2023-04-01T07:01:44Z,Drought or no drought? California left pondering after record winter deluge,https://www.theguardian.com/us-news/2023/apr/01/california-drought-status-winter-storms-weather,article,drought,../data/disaster_news/articles/2023_04_01_gardian_0.txt
2023-04-05T20:41:37Z,Missouri tornado kills five people and causes widespread destruction,https://www.theguardian.com/us-news/2023/apr/05/deadly-tornado-missouri-michigan-illiinois,article,tornado,../data/disaster_news/articles/2023_04_05_gardian_1.txt
2023-04-20T16:00:36Z,"‘Tsunami of pilot retirements’ coming to US aviation industry, experts warn",https://www.theguardian.com/us-news/2023/apr/20/pilot-retirements-us-airline-industry,article,tsunami,../data/disaster_news/articles/2023_04_20_gardian_2.txt
2023-04-16T10:00:08Z,California’s ‘big melt’ has begun and could bring perilous flooding with it,https://www.theguardian.com/us-news/2023/apr/16/california-snowpack-big-melt-flooding-weather,article,,../data/disaster_news/articles/2023_04_16_gardian_3.txt
2023-04-02T04:24:43Z,Monster storm system leaves at least 26 dead through US south and midwest,https://www.theguardian.com/us-news/2023/mar/31/arkansas-tornado-little-rock,article,storm,../data/disaster_news/articles/2023_04_02_gardian_4.txt
2023-04-03T21:35:22Z,Drought-ravaged California sees one of the largest snowpacks on record,https://www.theguardian.com/us-news/2023/apr/03/california-snowpack-storms-drought,article,,../data/disaster_news/articles/2023_04_03_gardian_5.txt
2023-04-26T05:00:54Z,Yosemite closes parts of park as warm weather raises flood threat ,https://www.theguardian.com/us-news/2023/apr/25/yosemite-weekend-closure-floods-melting-snowpack,article,flood,../data/disaster_news/articles/2023_04_26_gardian_6.txt
2023-04-10T10:00:17Z, ‘We all want to be home’: California town faces slow recovery after historic flood,https://www.theguardian.com/us-news/2023/apr/10/pajaro-california-historic-flood-rebuild,article,flood,../data/disaster_news/articles/2023_04_10_gardian_7.txt
2023-04-09T05:00:41Z,"Snow, floods and wildlife in peril: grueling winter leaves Yosemite scarred",https://www.theguardian.com/us-news/2023/apr/08/yosemite-national-park-extreme-weather-climate-change,article,flood,../data/disaster_news/articles/2023_04_09_gardian_8.txt
2023-04-18T10:00:37Z,An immigrant farmer grew produce for restaurants. California floods ruined her crops,https://www.theguardian.com/us-news/2023/apr/18/california-immigrant-farmers-flooding,article,flood,../data/disaster_news/articles/2023_04_18_gardian_9.txt
2023-04-05T05:00:26Z,Trump campaign tries to cash in on arrest with fake mugshot T-shirt,https://www.theguardian.com/us-news/2023/apr/04/donald-trump-merchandise-mugshot-arrest-stormy-daniels,article,,../data/disaster_news/articles/2023_04_05_gardian_10.txt
2023-04-03T13:00:17Z,Communities of color take the ‘biggest hit’ in Los Angeles’ unequal spread of greenery,https://www.theguardian.com/us-news/2023/apr/03/los-angeles-heatwaves-urban-greenery-unequal-distribution,article,,../data/disaster_news/articles/2023_04_03_gardian_11.txt
2023-04-12T10:00:12Z,‘They’ll be erased’: New Mexico races to save its ancient irrigation canals,https://www.theguardian.com/us-news/2023/apr/12/new-mexico-races-to-save-acequia,article,,../data/disaster_news/articles/2023_04_12_gardian_12.txt
2023-04-06T10:00:20Z,Rains bring California lake back from the dead: ‘We’re surrounded by water’,https://www.theguardian.com/us-news/2023/apr/06/tulare-lake-california-allensworth,article,,../data/disaster_news/articles/2023_04_06_gardian_13.txt
2023-04-11T22:12:39Z,Lake Tahoe’s best clarity in 40 years is the work of this ‘natural cleanup crew’,https://www.theguardian.com/us-news/2023/apr/11/lake-tahoe-clarity-visbility-zooplankton,article,,../data/disaster_news/articles/2023_04_11_gardian_14.txt
2023-04-05T12:59:00Z,Liberal judge’s Wisconsin supreme court race win shows a shake-up in US politics,https://www.theguardian.com/us-news/2023/apr/05/wisconsin-supreme-court-election-results-janet-protasiewicz-win,article,,../data/disaster_news/articles/2023_04_05_gardian_15.txt
2023-04-15T10:00:38Z,Utah’s Great Salt Lake risked disappearing. Unprecedented weather is bringing it back,https://www.theguardian.com/us-news/2023/apr/15/utah-great-salt-lake-drought-snowfall,article,,../data/disaster_news/articles/2023_04_15_gardian_16.txt
2023-04-28T13:45:51Z,Remains found in Lake Mead identified as Las Vegas man missing for 25 years,https://www.theguardian.com/us-news/2023/apr/28/lake-mead-remains-identified,article,,../data/disaster_news/articles/2023_04_28_gardian_17.txt
2023-04-27T09:57:51Z,"Donald Trump raped me, writer E Jean Carroll testifies | First Thing",https://www.theguardian.com/us-news/2023/apr/27/first-thing-donald-trump-raped-me-writer-e-jean-carroll-testifies,article,,../data/disaster_news/articles/2023_04_27_gardian_18.txt
2023-04-13T19:45:19Z,From desert to wonderland: images show California’s striking superbloom,https://www.theguardian.com/us-news/2023/apr/13/california-superbloom-satellite-images,article,,../data/disaster_news/articles/2023_04_13_gardian_19.txt
2023-04-03T10:00:14Z,‘The dominating issue’: judicial election will decide fate of abortion in Wisconsin,https://www.theguardian.com/us-news/2023/apr/03/wisconsin-supreme-court-election-abortion,article,,../data/disaster_news/articles/2023_04_03_gardian_20.txt
2023-04-18T04:01:34Z,Colorado River snaking through Grand Canyon most endangered US waterway – report,https://www.theguardian.com/us-news/2023/apr/17/colorado-river-grand-canyon-climate-crisis-endangered,article,,../data/disaster_news/articles/2023_04_18_gardian_21.txt
2023-04-06T10:45:45Z,First Thing: Trump most popular Republican despite indictment,https://www.theguardian.com/us-news/2023/apr/06/first-thing-trump-most-popular-republican-despite-indictment,article,,../data/disaster_news/articles/2023_04_06_gardian_22.txt
2023-04-30T05:00:01Z,"Wildflowers, eagles and Native history: can this California ridge be protected?",https://www.theguardian.com/us-news/2023/apr/29/molok-luyuk-california-national-monument,article,,../data/disaster_news/articles/2023_04_30_gardian_23.txt
2023-04-04T21:06:56Z,Wisconsin voters cast ballots in crucial state supreme court election,https://www.theguardian.com/us-news/2023/apr/04/wisconsin-supreme-court-election-polls,article,,../data/disaster_news/articles/2023_04_04_gardian_24.txt
2023-04-17T09:52:38Z,First Thing: Lindsey Graham calls fellow Republican ‘irresponsible’ for defending Pentagon leaker,https://www.theguardian.com/us-news/2023/apr/17/first-thing-lindsey-graham-calls-fellow-republican-irresponsible-for-defending-pentagon-leaker,article,,../data/disaster_news/articles/2023_04_17_gardian_25.txt
2023-04-19T04:01:28Z,Nearly 120 million people in US exposed to unhealthy levels of soot and smog – report,https://www.theguardian.com/us-news/2023/apr/19/us-air-pollution-unhealthy-levels-smog-soot-california,article,,../data/disaster_news/articles/2023_04_19_gardian_26.txt
2023-04-05T13:25:30Z,"With his arraignment, Trump has now earned a new sobriquet: the Indicted One | Walter Shapiro",https://www.theguardian.com/us-news/2023/apr/05/donald-trump-the-indicted-one,article,,../data/disaster_news/articles/2023_04_05_gardian_27.txt
2023-04-05T05:00:27Z,‘I’ll always support him’: Republicans back Trump as he faces charges,https://www.theguardian.com/us-news/2023/apr/04/donald-trump-republican-support-charges,article,,../data/disaster_news/articles/2023_04_05_gardian_28.txt
2023-04-01T06:00:44Z,‘Why mine so close?’: the fight to protect the pristine Okefenokee swamp,https://www.theguardian.com/us-news/2023/apr/01/georgia-okefenokee-swamp-twin-pines-mining,article,,../data/disaster_news/articles/2023_04_01_gardian_29.txt
2023-04-22T19:16:54Z,A California journalist documents the far-right takeover of her town: ‘We’re a test case’,https://www.theguardian.com/us-news/2023/apr/21/california-journalist-far-right-takover-shasta-county,article,,../data/disaster_news/articles/2023_04_22_gardian_30.txt
2023-04-18T10:19:18Z,West prepares for Putin to use ‘whatever tools he’s got left’ in Ukraine | First Thing,https://www.theguardian.com/us-news/2023/apr/18/first-thing-west-prepares-for-putin-to-use-whatever-tools-hes-got-left-in-ukraine,article,,../data/disaster_news/articles/2023_04_18_gardian_31.txt
2023-04-04T21:55:03Z,Trump gets underwhelming show of support on surreal day in New York,https://www.theguardian.com/us-news/2023/apr/04/trump-protests-reaction-new-york-court,article,,../data/disaster_news/articles/2023_04_04_gardian_32.txt
2023-04-12T17:39:04Z,"A Columbine survivor’s tragic battle to reveal the ‘ripple effect’ of gun violence: trauma, addiction, suicide",https://www.theguardian.com/us-news/2023/apr/12/us-gun-violence-ripple-effect-trauma-addiction-suicide-austin-eubanks-darren-seals,article,,../data/disaster_news/articles/2023_04_12_gardian_33.txt
2023-04-20T07:00:40Z,Judicial record undermines Clarence Thomas defence in luxury gifts scandal,https://www.theguardian.com/us-news/2023/apr/20/clarence-thomas-supreme-court-harlan-crow-luxury-gifts,article,,../data/disaster_news/articles/2023_04_20_gardian_34.txt
2023-04-04T10:15:46Z,Trump to surrender following hush money indictment | First Thing,https://www.theguardian.com/us-news/2023/apr/04/first-thing-trump-to-surrender-after-hush-money-indictment,article,,../data/disaster_news/articles/2023_04_04_gardian_35.txt
2023-04-01T09:00:48Z,Will Trump indictment make white evangelicals ditch ‘imperfect vessel’?,https://www.theguardian.com/us-news/2023/apr/01/donald-trump-white-evangelical-christians-indictment,article,,../data/disaster_news/articles/2023_04_01_gardian_36.txt
2023-04-12T10:00:11Z,How Ron DeSantis waged a targeted assault on Black voters: ‘I fear for what’s to come’,https://www.theguardian.com/us-news/2023/apr/12/ron-desantis-voting-rights-black-voters-florida-gerrymander,article,,../data/disaster_news/articles/2023_04_12_gardian_37.txt
