webPublicationDate,webTitle,webUrl,type,disaster_type,path
2023-10-01T21:47:57Z,"An Alabama man vanished in 1995. Last week, Idalia cleanup crews found a body",https://www.theguardian.com/us-news/2023/oct/01/missing-man-1995-hurricane-idalia-cleanup,article,,../data/disaster_news/articles/2023_10_01_gardian_0.txt
2023-10-31T19:20:11Z,"California wildfire threatens 1,300 homes south-east of Los Angeles",https://www.theguardian.com/us-news/2023/oct/31/california-wildfire-evacuation-santa-ana-winds,article,wildfire,../data/disaster_news/articles/2023_10_31_gardian_1.txt
2023-10-06T11:00:40Z,"Dead lawns, dry wells: Texas drought persists after summer heat dome",https://www.theguardian.com/us-news/2023/oct/06/texas-drought-heat-dome,article,drought,../data/disaster_news/articles/2023_10_06_gardian_2.txt
2023-10-16T16:44:44Z,What you need to know about the loophole hiding the extent of US wildfire pollution,https://www.theguardian.com/us-news/2023/oct/16/epa-rule-responsible-for-wildfire-smoke-not-reported-americans-health,article,wildfire,../data/disaster_news/articles/2023_10_16_gardian_3.txt
2023-10-06T10:25:47Z,First Thing: Trump allegedly shared sensitive information with Australian billionaire,https://www.theguardian.com/us-news/2023/oct/06/first-thing-trump-allegedly-shared-sensitive-information-with-australian-billionaire,article,,../data/disaster_news/articles/2023_10_06_gardian_4.txt
2023-10-02T16:18:55Z,New York City faces lower air quality from Canada wildfires,https://www.theguardian.com/us-news/2023/oct/02/new-york-city-air-quality-smoke-canada-wildfires,article,wildfire,../data/disaster_news/articles/2023_10_02_gardian_5.txt
2023-10-05T10:28:13Z,Global temperatures soared to new record in September | First Thing,https://www.theguardian.com/us-news/2023/oct/05/first-thing-global-temperatures-soared-to-new-record-in-september,article,,../data/disaster_news/articles/2023_10_05_gardian_6.txt
2023-10-11T11:52:49Z,‘A sacrifice zone’: East Palestine’s wastewater is flooding into this Ohio community,https://www.theguardian.com/us-news/2023/oct/11/a-sacrifice-zone-east-palestines-wastewater-is-flooding-into-this-ohio-community,article,,../data/disaster_news/articles/2023_10_11_gardian_7.txt
2023-10-20T14:00:19Z,‘Everything out the faucet is salt’: Louisianans struggle as drinking water crisis persists,https://www.theguardian.com/us-news/2023/oct/20/louisiana-drinking-water-saltwater-wedge-plaquemines-parish,article,,../data/disaster_news/articles/2023_10_20_gardian_8.txt
2023-10-09T09:47:23Z,First Thing: IDF decries surprise Hamas attack as ‘worst day in Israeli history’,https://www.theguardian.com/us-news/2023/oct/09/first-thing-idf-decries-surprise-hamas-attack-as-worst-day-in-israeli-history,article,,../data/disaster_news/articles/2023_10_09_gardian_9.txt
2023-10-09T17:00:17Z,"Parties, jetskis, second homes: how tourism threatens one of the world’s only bioluminescent bays",https://www.theguardian.com/us-news/2023/oct/09/la-parguera-lajas-puerto-rico-tourism-bioluminescent-bay,article,,../data/disaster_news/articles/2023_10_09_gardian_10.txt
2023-10-08T14:00:44Z,Grieving Maui residents prepare to rebuild but ask: ‘For whom?’,https://www.theguardian.com/us-news/2023/oct/08/maui-hawaii-land-rebuild-indigenous-culture-environment,article,,../data/disaster_news/articles/2023_10_08_gardian_11.txt
2023-10-29T12:30:43Z,How the US supreme court and an Idaho couple upended wetlands protection,https://www.theguardian.com/us-news/2023/oct/29/us-supreme-court-idaho-wetlands-protection-climate-crisis,article,,../data/disaster_news/articles/2023_10_29_gardian_12.txt
2023-10-06T18:33:13Z,New Orleans restaurant turns saltwater woes into a spirited cocktail,https://www.theguardian.com/us-news/2023/oct/06/commanders-palace-restaurant-new-orleans-saltwater-water-supply-drink,article,,../data/disaster_news/articles/2023_10_06_gardian_13.txt
2023-10-10T17:00:15Z,"Saltwater threat to Louisiana drinking water to grow across US, experts warn",https://www.theguardian.com/us-news/2023/oct/10/louisiana-drinking-water-saltwater-mississippi-river,article,,../data/disaster_news/articles/2023_10_10_gardian_14.txt
2023-10-25T01:42:01Z,"Richard Roundtree, star of Shaft and Roots, dies aged 81",https://www.theguardian.com/us-news/2023/oct/24/richard-roundtree-actor-shaft-roots-dies-cancer,article,,../data/disaster_news/articles/2023_10_25_gardian_15.txt
2023-10-13T17:11:04Z,"Texas voting map discriminates against Black and Latino residents, judge rules",https://www.theguardian.com/us-news/2023/oct/13/texas-galveston-county-discrimination-electoral-map-ruling,article,,../data/disaster_news/articles/2023_10_13_gardian_16.txt
2023-10-19T10:00:56Z,"Gaza aid could enter as soon as Friday, says Biden | First Thing",https://www.theguardian.com/us-news/2023/oct/19/first-thing-israel-palestine-gaza-aid-could-enter-as-soon-as-friday-says-biden,article,,../data/disaster_news/articles/2023_10_19_gardian_17.txt
2023-10-06T13:00:43Z,Central Park warned a festival would ruin its lawn. New York went ahead with it,https://www.theguardian.com/us-news/2023/oct/06/central-park-great-lawn-global-citizen-festival,article,,../data/disaster_news/articles/2023_10_06_gardian_18.txt
2023-10-16T13:47:44Z,What is the US up to in its dealings with Israel over Gaza?,https://www.theguardian.com/us-news/2023/oct/16/what-is-the-us-up-to-in-its-dealings-with-israel-over-gaza,article,,../data/disaster_news/articles/2023_10_16_gardian_19.txt
2023-10-26T18:50:09Z,House speaker once won taxpayer funds for Noah’s Ark park accused of bias,https://www.theguardian.com/us-news/2023/oct/26/mike-johnson-noah-arc-amusement-park-tax-money,article,,../data/disaster_news/articles/2023_10_26_gardian_20.txt
2023-10-03T15:00:16Z,‘No time to grieve’: residents lament decision to reopen Maui to tourism,https://www.theguardian.com/us-news/2023/oct/03/hawaii-tourism-reopening-maui-fires,article,,../data/disaster_news/articles/2023_10_03_gardian_21.txt
2023-10-29T20:36:44Z,Ron DeSantis defends call to ban pro-Palestinian groups from Florida colleges,https://www.theguardian.com/us-news/2023/oct/29/ron-desantis-florida-colleges-pro-palestinian-groups-ban,article,,../data/disaster_news/articles/2023_10_29_gardian_22.txt
2023-10-27T10:55:31Z,US launches airstrikes in Syria tied to Iran-backed fighters | First Thing,https://www.theguardian.com/us-news/2023/oct/27/first-thing-us-launches-airstrikes-in-syria-tied-to-iran-backed-fighters,article,,../data/disaster_news/articles/2023_10_27_gardian_23.txt
2023-10-10T12:00:09Z,Animal tranquiliser added to opioids causing ‘steep increase’ in deaths,https://www.theguardian.com/us-news/2023/oct/10/animal-tranquiliser-opioids-deaths-study-xylazine,article,,../data/disaster_news/articles/2023_10_10_gardian_24.txt
2023-10-13T10:02:40Z,First Thing: Hamas tells Gaza City residents to stay put after Israel orders evacuation,https://www.theguardian.com/us-news/2023/oct/13/first-thing-hamas-tells-gaza-city-residents-to-stay-put-after-israel-orders-evacuation,article,,../data/disaster_news/articles/2023_10_13_gardian_25.txt
2023-10-03T10:03:00Z,First Thing: Matt Gaetz introduces motion to oust Kevin McCarthy,https://www.theguardian.com/us-news/2023/oct/03/first-thing-matt-gaetz-introduces-motion-to-oust-kevin-mccarthy,article,,../data/disaster_news/articles/2023_10_03_gardian_26.txt
2023-10-25T10:29:24Z,Israel to refuse visas to UN representatives | First Thing,https://www.theguardian.com/us-news/2023/oct/25/first-thing-israel-refuse-visas-un-representatives-guterres-speech-gaza-war,article,,../data/disaster_news/articles/2023_10_25_gardian_27.txt
2023-10-07T16:00:15Z,"Missing, presumed poached: Staten Island fears for beloved turtle",https://www.theguardian.com/us-news/2023/oct/07/staten-island-giant-turtle-shnappy,article,,../data/disaster_news/articles/2023_10_07_gardian_28.txt
2023-10-27T15:00:49Z,‘These levels are crazy’: Louisiana tap water sees huge spike in toxic chemicals,https://www.theguardian.com/us-news/2023/oct/27/louisiana-mississippi-river-tap-water-contamination-chemicals,article,,../data/disaster_news/articles/2023_10_27_gardian_29.txt
2023-10-16T10:00:38Z, ‘I don’t think it’s too much’: Waffle House workers push for $25 an hour,https://www.theguardian.com/us-news/2023/oct/16/waffle-house-workers-strike-minimum-wage-union,article,,../data/disaster_news/articles/2023_10_16_gardian_30.txt
2023-10-16T09:50:56Z,"First Thing: Israeli occupation of Gaza would be big mistake, says Joe Biden",https://www.theguardian.com/us-news/2023/oct/16/first-thing-israeli-occupation-gaza-big-mistake-joe-biden,article,,../data/disaster_news/articles/2023_10_16_gardian_31.txt
2023-10-01T14:49:32Z,Gold bars and stacks of cash: how Bob Menendez ended up charged with bribery,https://www.theguardian.com/us-news/2023/oct/01/bob-menendez-new-jersey-bribery-charges,article,,../data/disaster_news/articles/2023_10_01_gardian_32.txt
2023-10-17T09:43:06Z,Biden to visit Israel at ‘critical moment’ for the region | First Thing,https://www.theguardian.com/us-news/2023/oct/17/first-thing-biden-to-visit-israel-at-critical-moment-for-the-region,article,,../data/disaster_news/articles/2023_10_17_gardian_33.txt
2023-10-23T12:00:01Z,"‘We’re in a housing desert’: a month in, is New York’s Airbnb crackdown working?",https://www.theguardian.com/us-news/2023/oct/23/new-york-airbnb-crackdown-rules-housing,article,,../data/disaster_news/articles/2023_10_23_gardian_34.txt
2023-10-21T09:00:42Z,Pro-Palestinian views face suppression in US amid Israel-Hamas war,https://www.theguardian.com/us-news/2023/oct/21/israel-hamas-conflict-palestinian-voices-censored,article,,../data/disaster_news/articles/2023_10_21_gardian_35.txt
