webPublicationDate,webTitle,webUrl,type,disaster_type,path
2023-02-25T06:00:45Z,‘Strongest snowstorm in years’ leaves Californians delighted and frozen,https://www.theguardian.com/us-news/2023/feb/24/california-snow-los-angeles-san-francisco-bay-area,article,,../data/disaster_news/articles/2023_02_25_gardian_0.txt
2023-02-27T17:31:23Z,"US battered by tornadoes, wind and snow as more storms expected",https://www.theguardian.com/us-news/2023/feb/27/us-winter-storms,article,storm,../data/disaster_news/articles/2023_02_27_gardian_1.txt
2023-02-14T22:40:43Z,"California senator Dianne Feinstein, 89, announces she will not seek re-election",https://www.theguardian.com/us-news/2023/feb/14/dianne-feinstein-89-not-seek-re-election-senate-california,article,,../data/disaster_news/articles/2023_02_14_gardian_2.txt
2023-02-14T10:52:28Z,US military retrieves ‘significant’ debris from China spy balloon | First Thing,https://www.theguardian.com/us-news/2023/feb/14/first-thing-us-military-retrieves-significant-debris-from-china-spy-balloon,article,,../data/disaster_news/articles/2023_02_14_gardian_3.txt
2023-02-07T11:24:32Z,"First Thing: Turkey and Syria earthquake death toll ‘could pass 20,000’",https://www.theguardian.com/us-news/2023/feb/07/first-thing-turkey-syria-earthquake-death-toll,article,earthquake,../data/disaster_news/articles/2023_02_07_gardian_4.txt
2023-02-06T13:20:02Z,First Thing: 7.8-magnitude earthquake in Turkey and Syria kills hundreds,https://www.theguardian.com/us-news/2023/feb/06/first-thing-78-magnitude-earthquake-in-turkey-and-syria-kills-at-least-1500,article,earthquake,../data/disaster_news/articles/2023_02_06_gardian_5.txt
2023-02-23T11:05:05Z,Massive majority expected in UN’s demand for Russia to leave Ukraine | First Thing,https://www.theguardian.com/us-news/2023/feb/23/first-thing-massive-majority-expected-un-demand-russia-leave-ukraine,article,,../data/disaster_news/articles/2023_02_23_gardian_6.txt
2023-02-13T11:00:51Z,‘Double-edged sword’: why the badly needed rains in California could fuel catastrophic fires,https://www.theguardian.com/us-news/2023/feb/13/california-storms-rains-drought-fires,article,,../data/disaster_news/articles/2023_02_13_gardian_7.txt
2023-02-23T11:00:04Z,‘Help us fight’: California farmers ask for more aid after deadly storms,https://www.theguardian.com/us-news/2023/feb/23/california-farm-workers-disaster-relief,article,storm,../data/disaster_news/articles/2023_02_23_gardian_8.txt
2023-02-10T11:20:26Z,First Thing: pressure mounts on UN to provide urgent support in Syria,https://www.theguardian.com/us-news/2023/feb/10/first-thing-pressure-mounts-on-un-to-provide-urgent-support-in-syria-earthquake,article,,../data/disaster_news/articles/2023_02_10_gardian_9.txt
2023-02-24T11:53:29Z,Ukraine marks first anniversary of Russia’s invasion | First Thing,https://www.theguardian.com/us-news/2023/feb/24/first-thing-ukraine-marks-first-anniversary-of-russias-invasion,article,,../data/disaster_news/articles/2023_02_24_gardian_10.txt
2023-02-13T11:12:22Z,‘Octagonal’ flying object shot down in Michigan | First Thing,https://www.theguardian.com/us-news/2023/feb/13/first-thing-octagonal-flying-object-shot-down-michigan,article,,../data/disaster_news/articles/2023_02_13_gardian_11.txt
2023-02-28T11:49:41Z,Settler violence in West Bank escalates | First Thing,https://www.theguardian.com/us-news/2023/feb/28/first-thing-settler-violence-in-west-bank-escalates,article,,../data/disaster_news/articles/2023_02_28_gardian_12.txt
2023-02-08T12:40:49Z,First Thing: Biden touts jobs and climate wins in State of Union address,https://www.theguardian.com/us-news/2023/feb/08/first-thing-biden-touts-jobs-and-climate-wins-in-state-of-union-address,article,,../data/disaster_news/articles/2023_02_08_gardian_13.txt
2023-02-17T15:33:46Z,"Loud booms heard in Texas were due to 1,000-lb meteroid exploding, Nasa says",https://www.theguardian.com/us-news/2023/feb/17/texas-loud-booms-nasa-1000-lb-meteroid-exploding,article,,../data/disaster_news/articles/2023_02_17_gardian_14.txt
2023-02-01T23:24:41Z,Outrage as US government advances $8bn Alaska oil drilling plan,https://www.theguardian.com/us-news/2023/feb/01/alaska-oil-drilling-biden-conocophillips-willow-project,article,,../data/disaster_news/articles/2023_02_01_gardian_15.txt
2023-02-21T12:01:42Z,Putin gives state of nation address as Biden arrives in Poland | First Thing,https://www.theguardian.com/us-news/2023/feb/21/first-thing-putin-gives-state-of-nation-address-as-biden-arrives-in-poland,article,,../data/disaster_news/articles/2023_02_21_gardian_16.txt
2023-02-13T17:02:49Z,United flight from Hawaii plunged to within 800ft of Pacific Ocean,https://www.theguardian.com/us-news/2023/feb/13/united-flight-maui-hawaii-san-francisco-pacific-ocean,article,,../data/disaster_news/articles/2023_02_13_gardian_17.txt
2023-02-20T17:37:34Z,Alligator found in Brooklyn’s Prospect Park,https://www.theguardian.com/us-news/2023/feb/20/alligator-brooklyn-prospect-park-lake-new-york,article,,../data/disaster_news/articles/2023_02_20_gardian_18.txt
2023-02-16T09:00:36Z,Great Salt Lake’s retreat poses a major fear: poisonous dust clouds,https://www.theguardian.com/us-news/2023/feb/16/great-salt-lake-disappear-utah-poison-climate-crisis,article,,../data/disaster_news/articles/2023_02_16_gardian_19.txt
2023-02-04T11:00:28Z,Two bald eagles nested in a pine for years. A utility company tried to chop it down,https://www.theguardian.com/us-news/2023/feb/04/california-bald-eagles-nest-tribal-communities-activists-pacific-gas-electric,article,,../data/disaster_news/articles/2023_02_04_gardian_20.txt
2023-02-09T07:00:18Z,Nikki Haley presidential run would sink DeSantis and hand Trump victory – poll,https://www.theguardian.com/us-news/2023/feb/09/nikki-haley-presidential-run-ron-desantis-donald-trump-poll,article,,../data/disaster_news/articles/2023_02_09_gardian_21.txt
2023-02-03T15:18:21Z,Millions in US north-east brace for ‘once-in-a-generation’ Arctic blast,https://www.theguardian.com/us-news/2023/feb/03/arctic-blast-us-north-east-cold-weather,article,,../data/disaster_news/articles/2023_02_03_gardian_22.txt
2023-02-15T10:58:55Z,The hacking and disinformation team meddling in elections | First Thing,https://www.theguardian.com/us-news/2023/feb/15/first-thing-the-hacking-and-disinformation-team-meddling-in-elections,article,,../data/disaster_news/articles/2023_02_15_gardian_23.txt
2023-02-01T22:18:42Z,"‘He was robbed of his life’: in Memphis, tributes to Tyre Nichols – and a call to action",https://www.theguardian.com/us-news/2023/feb/01/tyre-nichols-funeral-tributes-kamala-harris,article,,../data/disaster_news/articles/2023_02_01_gardian_24.txt
2023-02-13T11:00:50Z,‘Stakes are monstrous’: Wisconsin judicial race is 2023’s key election,https://www.theguardian.com/us-news/2023/feb/13/wisconsin-supreme-court-election-gerrymandered-democracy,article,,../data/disaster_news/articles/2023_02_13_gardian_25.txt
2023-02-04T08:00:24Z,‘Out of options … and time’: prosecutors posit motive in puzzling Murdaugh murder saga,https://www.theguardian.com/us-news/2023/feb/04/alex-murdaugh-murder-trial-motive-south-carolina,article,,../data/disaster_news/articles/2023_02_04_gardian_26.txt
2023-02-06T06:00:14Z,A very American death: how Caleb Blair lost his life in the Phoenix heat,https://www.theguardian.com/us-news/2023/feb/05/caleb-blair-phoenix-arizona-death-heat-drugs,article,,../data/disaster_news/articles/2023_02_06_gardian_27.txt
2023-02-05T10:00:18Z,Democrats’ Ilhan Omar defence weakened by party’s own attacks over Israel,https://www.theguardian.com/us-news/2023/feb/05/ilhan-omar-democrats-foreign-affairs-israel,article,,../data/disaster_news/articles/2023_02_05_gardian_28.txt
2023-02-04T07:00:25Z,The race for the 2024 election is on. But who will take on Trump?,https://www.theguardian.com/us-news/2023/feb/04/2024-presidential-election-donald-trump-republican-challengers,article,,../data/disaster_news/articles/2023_02_04_gardian_29.txt
2023-02-12T07:00:17Z,Biden’s on a winning streak and up for a fight: so why are voters so negative?,https://www.theguardian.com/us-news/2023/feb/12/joe-biden-popularity-re-election-us-politics,article,,../data/disaster_news/articles/2023_02_12_gardian_30.txt
