webPublicationDate,webTitle,webUrl,type,disaster_type,path
2023-06-28T13:50:25Z,Heatwave in south and wildfire smoke in north buffet US from both sides,https://www.theguardian.com/us-news/2023/jun/28/us-heatwave-wildfire-smoke-air-quality-extreme-weather,article,heatwave,../data/disaster_news/articles/2023_06_28_gardian_0.txt
2023-06-30T09:00:01Z,‘It’s become unbearable’: Texas workers toil through extreme heatwave,https://www.theguardian.com/us-news/2023/jun/30/texas-heatwave-worker-protections-illness-sun-exposure,article,heatwave,../data/disaster_news/articles/2023_06_30_gardian_1.txt
2023-06-24T12:00:07Z,Record-breaking Texas heatwave enters third week as thousands lose power,https://www.theguardian.com/us-news/2023/jun/24/texas-heatwave-high-temperatures-power,article,heatwave,../data/disaster_news/articles/2023_06_24_gardian_2.txt
2023-06-20T12:46:09Z,Montana officials try to downplay landmark climate trial,https://www.theguardian.com/us-news/2023/jun/20/montana-climate-trial-young-plaintiffs,article,,../data/disaster_news/articles/2023_06_20_gardian_3.txt
2023-06-03T17:00:36Z,The reckoning that wasn’t: how the largest US power firm avoided a trial for a deadly wildfire,https://www.theguardian.com/us-news/2023/jun/03/us-zogg-wildfire-power-company-avoided-trial,article,wildfire,../data/disaster_news/articles/2023_06_03_gardian_4.txt
2023-06-11T11:00:50Z,‘A portion of paradise’: how the drought is bringing a lost US canyon back to life,https://www.theguardian.com/us-news/2023/jun/11/lake-powell-glen-canyon-drought-reservoir,article,drought,../data/disaster_news/articles/2023_06_11_gardian_5.txt
2023-06-15T16:23:47Z,US midwest braces for smoky skies as Canadian wildfires rage on,https://www.theguardian.com/us-news/2023/jun/15/wildfire-smoke-midwest-air-quality-minnesota-wisconsin-canada,article,wildfire,../data/disaster_news/articles/2023_06_15_gardian_6.txt
2023-06-30T01:18:09Z,Extreme heatwaves spread as US told to expect hot and smoky summer,https://www.theguardian.com/us-news/2023/jun/29/extreme-heatwaves-summer-air-quality-wildfires,article,,../data/disaster_news/articles/2023_06_30_gardian_7.txt
2023-06-16T12:14:04Z,Three people killed and one missing after tornadoes strike Texas town,https://www.theguardian.com/us-news/2023/jun/15/tornadoes-perryton-north-texas-one-dead-75-injured,article,tornado,../data/disaster_news/articles/2023_06_16_gardian_8.txt
2023-06-26T15:20:46Z,"About 6m across US at risk of extreme weather as over 700,000 without power",https://www.theguardian.com/us-news/2023/jun/26/us-extreme-weather-report-national-weather-service-storms-torando-hail,article,,../data/disaster_news/articles/2023_06_26_gardian_9.txt
2023-06-15T10:06:04Z,Texas governor sends bus of migrants to Los Angeles | First Thing,https://www.theguardian.com/us-news/2023/jun/15/first-thing-texas-governor-sends-bus-of-migrants-to-los-angeles,article,,../data/disaster_news/articles/2023_06_15_gardian_10.txt
2023-06-15T15:00:21Z,US east coast cities warned to draft air quality plans similar to those in the west,https://www.theguardian.com/world/2023/jun/15/us-cities-wildfire-smoke-new-air-quality-plans,article,,../data/disaster_news/articles/2023_06_15_gardian_11.txt
2023-06-02T21:18:24Z,US air quality as far south as Virginia affected by Nova Scotia wildfires,https://www.theguardian.com/us-news/2023/jun/02/us-air-quality-virginia-maryland-nova-scotia-wildfires,article,wildfire,../data/disaster_news/articles/2023_06_02_gardian_12.txt
2023-06-08T18:00:37Z,New York’s essential workers bear the brunt of poor air quality from wildfires,https://www.theguardian.com/us-news/2023/jun/08/essential-workers-air-quality-smoke-hazard-delivery-drivers-wildfires-new-york,article,wildfire,../data/disaster_news/articles/2023_06_08_gardian_13.txt
2023-06-21T19:58:08Z,Half of Americans have faced ‘extreme’ weather in the last six weeks,https://www.theguardian.com/us-news/2023/jun/21/us-extreme-weather-six-weeks-heatwaves-storms,article,,../data/disaster_news/articles/2023_06_21_gardian_14.txt
2023-06-16T09:47:20Z,Trump faces second defamation suit from E Jean Carroll | First Thing,https://www.theguardian.com/us-news/2023/jun/16/first-thing-trump-faces-second-defamation-suit-from-e-jean-carroll,article,,../data/disaster_news/articles/2023_06_16_gardian_15.txt
2023-06-19T09:53:55Z,Antony Blinken meets Xi Jinping in Beijing | First Thing,https://www.theguardian.com/us-news/2023/jun/19/first-thing-antony-blinken-meets-xi-jinping-in-beijing,article,,../data/disaster_news/articles/2023_06_19_gardian_16.txt
2023-06-23T22:38:44Z,Texas governor signs bill rescinding water breaks as deadly heat grips state,https://www.theguardian.com/us-news/2023/jun/23/greg-abbott-texas-governor-bill-water-breaks-heatwave,article,,../data/disaster_news/articles/2023_06_23_gardian_17.txt
2023-06-07T09:42:42Z,"Kyiv predicts 42,000 at risk from dam flooding | First Thing",https://www.theguardian.com/us-news/2023/jun/07/first-thing-ukraine-risk-dam-flooding,article,,../data/disaster_news/articles/2023_06_07_gardian_18.txt
2023-06-28T15:42:08Z,Record-setting Texas heat sends hundreds of people to emergency rooms,https://www.theguardian.com/us-news/2023/jun/28/record-setting-texas-heat-sends-hundreds-emergency-rooms,article,,../data/disaster_news/articles/2023_06_28_gardian_19.txt
2023-06-29T11:13:02Z,First Thing: Ukraine advances as Putin greets crowds in rare walkabout,https://www.theguardian.com/us-news/2023/jun/29/first-thing-ukraine-advances-as-putin-greets-crowds-in-rare-walkabout,article,,../data/disaster_news/articles/2023_06_29_gardian_20.txt
2023-06-06T10:18:53Z,Evacuations under way near Kherson after Nova Kakhovka dam ‘blown up’ | First Thing,https://www.theguardian.com/us-news/2023/jun/06/first-thing-evacuations-under-way-near-kherson-after-nova-kakhovka-dam-blown-up,article,,../data/disaster_news/articles/2023_06_06_gardian_21.txt
2023-06-10T10:00:20Z,‘Fundamentally dangerous’: reversal of social media guardrails could prove disastrous for 2024 elections,https://www.theguardian.com/us-news/2023/jun/10/social-media-youtube-meta-misinformation-2024-president-election,article,,../data/disaster_news/articles/2023_06_10_gardian_22.txt
2023-06-09T10:36:56Z,First Thing: Donald Trump charged with illegal retention of classified documents,https://www.theguardian.com/us-news/2023/jun/09/first-thing-donald-trump-charged-with-retention-of-classified-documents,article,,../data/disaster_news/articles/2023_06_09_gardian_23.txt
2023-06-30T09:55:28Z,Christian ‘hate group’ funds US anti-LGBTQ+ and anti-abortion organizations | First Thing,https://www.theguardian.com/us-news/2023/jun/30/first-thing-christian-hate-group-funds-us-anti-lgbtq-and-anti-abortion-organizations,article,,../data/disaster_news/articles/2023_06_30_gardian_24.txt
2023-06-27T10:23:04Z,Biden says US not involved in Russia’s Wagner mutiny | First Thing,https://www.theguardian.com/us-news/2023/jun/27/first-thing-biden-says-us-not-involved-in-russias-wagner-mutiny,article,,../data/disaster_news/articles/2023_06_27_gardian_25.txt
2023-06-08T10:08:23Z,Tens of millions under air quality alerts in US as Canada fire smoke drifts south | First Thing,https://www.theguardian.com/us-news/2023/jun/08/first-thing-tens-of-millions-under-air-quality-alerts-in-us-as-canada-fire-smoke-drifts-south,article,,../data/disaster_news/articles/2023_06_08_gardian_26.txt
2023-06-22T12:56:46Z,Dozens injured as apple-sized hailstones hit Colorado concertgoers,https://www.theguardian.com/us-news/2023/jun/22/colorado-red-rocks-hail-louis-tomlinson,article,,../data/disaster_news/articles/2023_06_22_gardian_27.txt
2023-06-23T11:00:36Z,Number of Britons who want to rejoin EU highest since 2016 | First Thing,https://www.theguardian.com/us-news/2023/jun/23/first-thing-number-of-britons-who-want-to-rejoin-eu-highest-since-2016,article,,../data/disaster_news/articles/2023_06_23_gardian_28.txt
2023-06-15T23:34:42Z,California seizes enough fentanyl in San Francisco to kill city’s population three times over,https://www.theguardian.com/us-news/2023/jun/15/california-fentanyl-overdose-newsom-supervised-drug-use-san-francisco,article,,../data/disaster_news/articles/2023_06_15_gardian_29.txt
2023-06-12T10:16:04Z,Former Italian leader Silvio Berlusconi dies aged 86 | First Thing,https://www.theguardian.com/us-news/2023/jun/12/first-thing-former-italian-leader-silvio-berlusconi-dies,article,,../data/disaster_news/articles/2023_06_12_gardian_30.txt
2023-06-14T10:32:49Z,Trump pleads not guilty and claims ‘political persecution’ | First Thing,https://www.theguardian.com/us-news/2023/jun/14/first-thing-trump-pleads-not-guilty-and-claims-political-persecution,article,,../data/disaster_news/articles/2023_06_14_gardian_31.txt
2023-06-09T10:00:51Z,12m Americans believe violence is justified to restore Trump to power,https://www.theguardian.com/us-news/2023/jun/09/january-6-trump-political-violence-survey,article,,../data/disaster_news/articles/2023_06_09_gardian_32.txt
2023-06-28T20:47:05Z,Joshua Trees win long term protection in environmental victory,https://www.theguardian.com/us-news/2023/jun/28/california-protect-joshua-trees-conservation,article,,../data/disaster_news/articles/2023_06_28_gardian_33.txt
2023-06-02T14:29:30Z,Arizona limits future home-building in Phoenix area due to lack of groundwater,https://www.theguardian.com/us-news/2023/jun/02/phoenix-arizona-limits-future-home-building-drought,article,,../data/disaster_news/articles/2023_06_02_gardian_34.txt
2023-06-22T15:46:32Z,Supreme court rules against Navajo nation in Colorado River water dispute,https://www.theguardian.com/us-news/2023/jun/22/supreme-court-navajo-nation-ruling,article,,../data/disaster_news/articles/2023_06_22_gardian_35.txt
2023-06-05T10:00:37Z, ‘We’re mowed over’: colossal data centers are taking over the US countryside,https://www.theguardian.com/us-news/2023/jun/05/virginia-historic-preservation-data-center-development,article,,../data/disaster_news/articles/2023_06_05_gardian_36.txt
2023-06-23T17:34:10Z,US charges Chinese individuals and firms over fentanyl chemical trafficking,https://www.theguardian.com/us-news/2023/jun/23/fentanyl-china-companies-us-trafficking,article,,../data/disaster_news/articles/2023_06_23_gardian_37.txt
2023-06-09T10:00:51Z,New York therapists see surge in eco-anxiety as smoke fills skies: ‘Every client addresses it’,https://www.theguardian.com/us-news/2023/jun/09/climate-crisis-psychology-new-york-smoke,article,,../data/disaster_news/articles/2023_06_09_gardian_38.txt
2023-06-23T11:00:37Z,What it’s like to cover abortion while pregnant: ‘People saw me as a container for a child’,https://www.theguardian.com/us-news/2023/jun/23/abortion-reporting-while-pregnant-roe-v-wade,article,,../data/disaster_news/articles/2023_06_23_gardian_39.txt
2023-06-28T10:46:28Z,Supreme court rules against fringe legal theory in key voting rights case | First Thing,https://www.theguardian.com/us-news/2023/jun/28/first-thing-supreme-court-rules-against-fringe-legal-theory-in-key-voting-rights-case,article,,../data/disaster_news/articles/2023_06_28_gardian_40.txt
2023-06-08T12:00:30Z,Alarm at rightwing push to reverse clean-energy success in Texas and beyond,https://www.theguardian.com/us-news/2023/jun/08/rightwing-backlash-reverse-clean-energy-success-texas,article,,../data/disaster_news/articles/2023_06_08_gardian_41.txt
2023-06-21T11:00:38Z,Revealed: a toxic metal is in a US city’s air – and may be harming children’s brains,https://www.theguardian.com/us-news/2023/jun/21/lead-emissions-racetracks-portland-international-raceway,article,,../data/disaster_news/articles/2023_06_21_gardian_42.txt
2023-06-13T10:00:32Z,Donald Trump to be arraigned over classified documents | First Thing,https://www.theguardian.com/us-news/2023/jun/13/first-thing-donald-trump-to-be-arraigned-over-classified-documents,article,,../data/disaster_news/articles/2023_06_13_gardian_43.txt
2023-06-02T10:26:25Z,US debt ceiling deal narrowly passes senate averting catastrophic federal default | First Thing,https://www.theguardian.com/us-news/2023/jun/02/first-thing-us-debt-ceiling-deal-passes-senate-averting-catastrophic-federal-default,article,,../data/disaster_news/articles/2023_06_02_gardian_44.txt
2023-06-28T14:00:06Z,‘It gets worse every day’: why are sea lions and dolphins dying along California’s coast?,https://www.theguardian.com/us-news/2023/jun/28/california-beaches-sea-lions-dolphins-dead,article,,../data/disaster_news/articles/2023_06_28_gardian_45.txt
2023-06-25T10:00:34Z,Ten years of a crippled Voting Rights Act: how states make it harder to vote,https://www.theguardian.com/us-news/2023/jun/25/voting-rights-act-voter-map-registration-id-racism-supreme-court-georgia,article,,../data/disaster_news/articles/2023_06_25_gardian_46.txt
2023-06-17T12:00:14Z,US rightwing group planned $6m for anti-trans messaging in 2022 midterms,https://www.theguardian.com/us-news/2023/jun/17/rightwing-group-anti-trans-messaging-swing-states-womens-bill-of-rights,article,,../data/disaster_news/articles/2023_06_17_gardian_47.txt
2023-06-22T10:13:39Z,More rescue equipment arrives amid fears for oxygen levels in Titan | First Thing,https://www.theguardian.com/us-news/2023/jun/22/first-thing-more-rescue-equipment-fears-oxygen-levels-titan,article,,../data/disaster_news/articles/2023_06_22_gardian_48.txt
