webPublicationDate,webTitle,webUrl,type,disaster_type,path
2023-07-15T17:33:18Z,Firefighters battle California wildfires amid blistering heatwave,https://www.theguardian.com/us-news/2023/jul/15/california-wildfires-heatwave-riverside-county,article,heatwave,../data/disaster_news/articles/2023_07_15_gardian_0.txt
2023-07-21T20:40:41Z,California resort extends ski season as rest of US west suffers from heatwaves,https://www.theguardian.com/us-news/2023/jul/21/california-mammoth-mountain-record-snow-ski-season-extended-climate-change,article,,../data/disaster_news/articles/2023_07_21_gardian_1.txt
2023-07-31T19:09:29Z,Huge wildfire explodes in southern California and spreads into Nevada,https://www.theguardian.com/us-news/2023/jul/31/california-wildfire-mojave-york-fire,article,wildfire,../data/disaster_news/articles/2023_07_31_gardian_2.txt
2023-07-16T15:00:04Z,‘Your heart races a bit’: US weather man threatened with death for mentioning climate crisis,https://www.theguardian.com/us-news/2023/jul/16/chris-gloninger-tv-weather-man-climate-crisis,article,,../data/disaster_news/articles/2023_07_16_gardian_3.txt
2023-07-11T18:47:10Z,Vermont capital cut off by flood waters as dam threatens to overflow,https://www.theguardian.com/us-news/2023/jul/11/vermont-flooding-dam-montpelier,article,flood,../data/disaster_news/articles/2023_07_11_gardian_4.txt
2023-07-01T13:00:13Z,Warm temperatures return to California after cool spring bringing wildfire risk,https://www.theguardian.com/us-news/2023/jul/01/california-warm-weather-wildfire-risk,article,wildfire,../data/disaster_news/articles/2023_07_01_gardian_5.txt
2023-07-12T13:07:23Z,Americans warned not to swim or drive in hazardous flood waters,https://www.theguardian.com/us-news/2023/jul/12/vermont-flood-warning-water-swim-drive-massachusetts,article,flood,../data/disaster_news/articles/2023_07_12_gardian_6.txt
2023-07-28T14:58:58Z,Blistering US heatwave spreads from south and scorches 190m Americans,https://www.theguardian.com/us-news/2023/jul/28/heatwave-temperatures-new-york-city,article,heatwave,../data/disaster_news/articles/2023_07_28_gardian_7.txt
2023-07-27T12:37:39Z, More than 170m Americans under heat alerts as heatwave expands,https://www.theguardian.com/us-news/2023/jul/27/over-170-million-americans-under-heat-alerts,article,heatwave,../data/disaster_news/articles/2023_07_27_gardian_8.txt
2023-07-12T00:32:08Z,Residents of US south-west swelter under record-breaking heatwave,https://www.theguardian.com/us-news/2023/jul/11/south-west-record-breaking-temperature-heatwave-arizona-nevada-new-mexico-california,article,heatwave,../data/disaster_news/articles/2023_07_12_gardian_9.txt
2023-07-13T19:00:23Z,‘Definitely unprecedented’: Vermont wildlife also affected by historic flooding,https://www.theguardian.com/us-news/2023/jul/13/vermont-wildlife-historic-flooding,article,,../data/disaster_news/articles/2023_07_13_gardian_10.txt
2023-07-31T10:00:33Z,‘People are dying’: Texas prisoners say heatwave turns cells into ovens,https://www.theguardian.com/us-news/2023/jul/31/texas-prison-heatwave-temperatures-cells,article,heatwave,../data/disaster_news/articles/2023_07_31_gardian_11.txt
2023-07-17T15:31:30Z,Millions on alert as wildfire smoke from Canada to spread to US,https://www.theguardian.com/us-news/2023/jul/17/wildfire-smoke-canada-us-air-quality,article,wildfire,../data/disaster_news/articles/2023_07_17_gardian_12.txt
2023-07-15T01:09:55Z,US west braces for fiercest temperatures yet as ‘supercharged’ heatwave arrives,https://www.theguardian.com/us-news/2023/jul/14/us-west-extreme-temperatures-heatwave-weather,article,heatwave,../data/disaster_news/articles/2023_07_15_gardian_13.txt
2023-07-14T14:00:04Z,‘Hell on earth’: Phoenix’s extreme heatwave tests the limits of survival,https://www.theguardian.com/us-news/2023/jul/14/phoenix-heatwave-summer-extreme-weather-arizona,article,heatwave,../data/disaster_news/articles/2023_07_14_gardian_14.txt
2023-07-15T12:00:30Z,Florida rocked by home insurance crisis: ‘I may have to sell up and move’,https://www.theguardian.com/us-news/2023/jul/15/florida-hurricane-insurance-crisis-climate,article,,../data/disaster_news/articles/2023_07_15_gardian_15.txt
2023-07-21T13:00:43Z,‘We can’t escape’: climate crisis is driving up cost of living in the US west,https://www.theguardian.com/us-news/2023/jul/21/climate-crisis-cost-of-living-energy-water-california,article,,../data/disaster_news/articles/2023_07_21_gardian_16.txt
2023-07-12T14:15:06Z, ‘Everything got wrecked’: Vermont city begins cleanup after devastating flood,https://www.theguardian.com/us-news/2023/jul/12/montpelier-vermont-flood-rain-damage,article,flood,../data/disaster_news/articles/2023_07_12_gardian_17.txt
2023-07-17T13:57:32Z,Pennsylvania flash flood: five people killed and two children missing,https://www.theguardian.com/us-news/2023/jul/17/pennsylvania-flash-flood-buck-county-missing-people,article,flood,../data/disaster_news/articles/2023_07_17_gardian_18.txt
2023-07-18T20:52:49Z,California ghost town disappears again as lake fills after three-year drought,https://www.theguardian.com/us-news/2023/jul/17/california-ghost-town-whiskey-flat-underwater-again,article,drought,../data/disaster_news/articles/2023_07_18_gardian_19.txt
2023-07-21T16:22:26Z,Severe burns cases on rise in US south-west as extreme heatwave takes toll,https://www.theguardian.com/us-news/2023/jul/21/burns-cases-excessive-heat-arizona-nevada,article,heatwave,../data/disaster_news/articles/2023_07_21_gardian_20.txt
2023-07-10T10:22:19Z,South-west braces for record-breaking heatwave up to 120F | First Thing,https://www.theguardian.com/us-news/2023/jul/10/first-thing-us-south-west-braces-for-record-breaking-heatwave-of-up-to-120f,article,heatwave,../data/disaster_news/articles/2023_07_10_gardian_21.txt
2023-07-13T02:01:02Z,Tornadoes halt Chicago air traffic as residents urged to seek shelter,https://www.theguardian.com/us-news/2023/jul/12/chicago-tornadoes-storms-airport-traffic-ohare-midway,article,tornado,../data/disaster_news/articles/2023_07_13_gardian_22.txt
2023-07-19T10:10:43Z,"Europe, Asia and the US continues to face dangerous heatwaves | First Thing",https://www.theguardian.com/us-news/2023/jul/19/first-thing-europe-asia-and-us-continue-to-face-dangerous-heatwaves,article,,../data/disaster_news/articles/2023_07_19_gardian_23.txt
2023-07-21T20:00:58Z,‘A bad perfect storm’: the US cities where temperatures have sizzled for 70 days,https://www.theguardian.com/us-news/2023/jul/21/us-heatwaves-longer-south-west,article,storm,../data/disaster_news/articles/2023_07_21_gardian_24.txt
2023-07-14T17:56:44Z,Death Valley threatens temperature records but tourists keep coming,https://www.theguardian.com/us-news/2023/jul/14/california-death-valley-visit-temperature-record,article,,../data/disaster_news/articles/2023_07_14_gardian_25.txt
2023-07-25T09:41:46Z,"Deadly global heatwaves undeniably result of climate crisis, scientists show | First Thing",https://www.theguardian.com/us-news/2023/jul/25/first-thing-deadly-heatwaves-undeniably-result-of-climate-crisis-scientists-show,article,,../data/disaster_news/articles/2023_07_25_gardian_26.txt
2023-07-22T14:00:14Z,"‘Here for the heat’: Death Valley sizzles, but the tourism doesn’t stop",https://www.theguardian.com/us-news/2023/jul/22/death-valley-tourism-extreme-weather-california,article,,../data/disaster_news/articles/2023_07_22_gardian_27.txt
2023-07-20T14:44:36Z,‘People need to be riled up’: meteorologist names US heatwaves after oil and gas giants,https://www.theguardian.com/us-news/2023/jul/20/ex-meteorologist-names-us-heatwaves-after-oil-gas-firms,article,,../data/disaster_news/articles/2023_07_20_gardian_28.txt
2023-07-20T13:00:14Z,‘Nothing feels like enough’: surviving the heat in a New Mexico homeless encampment,https://www.theguardian.com/us-news/2023/jul/20/new-mexico-camp-hope-las-cruces-unhoused-extreme-heat,article,,../data/disaster_news/articles/2023_07_20_gardian_29.txt
2023-07-21T09:54:41Z,"First Thing: July likely to be hottest month on record, says Nasa",https://www.theguardian.com/us-news/2023/jul/21/first-thing-july-likely-to-be-hottest-month-on-record-says-nasa,article,,../data/disaster_news/articles/2023_07_21_gardian_30.txt
2023-07-18T10:36:47Z,Greece battles to contain wildfires as temperature in Italy forecast to hit 46C | First Thing,https://www.theguardian.com/us-news/2023/jul/18/first-thing-greece-battles-wildfires-as-temperature-in-italy-forecast-to-hit-46c,article,wildfire,../data/disaster_news/articles/2023_07_18_gardian_31.txt
2023-07-05T13:00:33Z,State Farm stopped insuring California homes due to climate risks. But it shares lobbyists with big oil,https://www.theguardian.com/us-news/2023/jul/05/state-farm-stopped-insuring-california-homes-due-to-climate-risks-but-it-shares-lobbyists-with-big-oil,article,,../data/disaster_news/articles/2023_07_05_gardian_32.txt
2023-07-20T16:13:41Z,Texas worker accused of being on drugs was actually dying of heatstroke,https://www.theguardian.com/us-news/2023/jul/20/texas-construction-worker-death-lawsuit-greg-abbott,article,,../data/disaster_news/articles/2023_07_20_gardian_33.txt
2023-07-03T10:00:09Z,Heat dome keeps New Orleans broiling with heat index as high as 110F,https://www.theguardian.com/us-news/2023/jul/03/heat-dome-keeps-new-orleans-broiling-with-heat-index-as-high-as-110f,article,,../data/disaster_news/articles/2023_07_03_gardian_34.txt
2023-07-01T09:00:10Z,"Heat upends Texans’ daily lives: ‘Anything after 11 o’clock, I’m down’",https://www.theguardian.com/us-news/2023/jul/01/texas-extreme-heat-heatwave,article,,../data/disaster_news/articles/2023_07_01_gardian_35.txt
2023-07-16T16:56:57Z,At least three killed and four missing after flash floods in Pennsylvania,https://www.theguardian.com/us-news/2023/jul/16/pennsylvania-flash-floods-dead-missing,article,flood,../data/disaster_news/articles/2023_07_16_gardian_36.txt
2023-07-19T16:13:35Z,No let-up in Phoenix as extreme temperatures persist,https://www.theguardian.com/us-news/2023/jul/19/phoenix-weather-heat-temperatures-heatstroke,article,,../data/disaster_news/articles/2023_07_19_gardian_37.txt
2023-07-03T10:53:52Z,"Supreme court ‘creeping dangerously towards authoritarianism’, AOC says | First Thing",https://www.theguardian.com/us-news/2023/jul/03/first-thing-supreme-court-creeping-dangerously-towards-authoritarianism-aoc-says,article,,../data/disaster_news/articles/2023_07_03_gardian_38.txt
2023-07-11T09:00:38Z,Northern lights could be visible in more than a dozen US states this week,https://www.theguardian.com/us-news/2023/jul/11/northern-lights-could-be-visible-dozen-us-states,article,,../data/disaster_news/articles/2023_07_11_gardian_39.txt
2023-07-03T14:00:13Z,‘Stay out of the water’: what lurks below California’s zombie lake?,https://www.theguardian.com/us-news/2023/jul/03/california-lake-tulare-storms-flooding,article,,../data/disaster_news/articles/2023_07_03_gardian_40.txt
2023-07-26T01:30:50Z,Florida ocean records ‘unprecedented’ temperatures similar to a hot tub,https://www.theguardian.com/us-news/2023/jul/25/florida-ocean-temperatures-hot-tub-extreme-weather,article,,../data/disaster_news/articles/2023_07_26_gardian_41.txt
2023-07-27T10:00:33Z, Colorado River has lost 10tn gallons of water since 2000 due to climate crisis,https://www.theguardian.com/us-news/2023/jul/27/colorado-river-water-lost-climate-crisis,article,,../data/disaster_news/articles/2023_07_27_gardian_42.txt
2023-07-17T05:00:19Z,"‘We used to check every day, now it’s every minute’: how we got addicted to weather apps",https://www.theguardian.com/us-news/2023/jul/17/weather-apps-addiction-climate-crisis-anxiety,article,,../data/disaster_news/articles/2023_07_17_gardian_43.txt
2023-07-01T17:50:47Z,Fireworks sales skyrocket as Americans spend record amount on pyrotechnics,https://www.theguardian.com/us-news/2023/jul/01/fireworks-sales-usa-record-number,article,,../data/disaster_news/articles/2023_07_01_gardian_44.txt
2023-07-14T10:21:34Z,Florida targets voter registration groups with thousands in fines | First Thing,https://www.theguardian.com/us-news/2023/jul/14/first-thing-florida-republicans-target-voter-registration-groups-with-thousands-in-fines,article,,../data/disaster_news/articles/2023_07_14_gardian_45.txt
2023-07-26T10:00:05Z,California shores up beaver protection in nod to their ‘ecological benefit’,https://www.theguardian.com/us-news/2023/jul/26/california-beaver-population-policy,article,,../data/disaster_news/articles/2023_07_26_gardian_46.txt
2023-07-20T23:44:42Z,Man dies in Death Valley as California national park swelters in extreme heat,https://www.theguardian.com/us-news/2023/jul/20/death-valley-visitor-dies-extreme-heat-california,article,,../data/disaster_news/articles/2023_07_20_gardian_47.txt
2023-07-28T15:10:41Z,Who is Carlos De Oliveira? The third defendant in Trump’s indictment,https://www.theguardian.com/us-news/2023/jul/28/carlos-de-oliveira-mar-a-lago-trump-documents-indictment,article,,../data/disaster_news/articles/2023_07_28_gardian_48.txt
2023-07-13T22:08:59Z,Republicans attack FTC chair and big tech critic Lina Khan at House hearing,https://www.theguardian.com/us-news/2023/jul/13/lina-khan-hearing-ftc-chair-republican-regulations-meta-google,article,,../data/disaster_news/articles/2023_07_13_gardian_49.txt
