webPublicationDate,webTitle,webUrl,type,disaster_type,path
2023-08-22T00:54:39Z,Weakening Storm Hilary leaves floods and mud behind in California,https://www.theguardian.com/us-news/2023/aug/21/california-flooding-rain-storm-hilary,article,storm,../data/disaster_news/articles/2023_08_22_gardian_0.txt
2023-08-11T08:00:32Z,Devastating Hawaii fires made ‘much more dangerous’ by climate change,https://www.theguardian.com/us-news/2023/aug/11/hawaii-fires-made-more-dangerous-by-climate-crisis,article,,../data/disaster_news/articles/2023_08_11_gardian_1.txt
2023-08-21T20:42:05Z,What role did the climate crisis play in Storm Hilary – and could there be more like it? ,https://www.theguardian.com/us-news/2023/aug/21/california-hilary-storm-climate-crisis-explainer,article,storm,../data/disaster_news/articles/2023_08_21_gardian_2.txt
2023-08-31T01:52:42Z,Hurricane Idalia batters south-eastern US causing storm surges and power outages,https://www.theguardian.com/us-news/2023/aug/30/hurricane-idalia-florida-landfall,article,storm,../data/disaster_news/articles/2023_08_31_gardian_3.txt
2023-08-21T11:53:31Z,Tropical Storm Hilary reaches southern California | First Thing,https://www.theguardian.com/us-news/2023/aug/21/first-thing-tropical-storm-hilary-reaches-southern-california,article,storm,../data/disaster_news/articles/2023_08_21_gardian_4.txt
2023-08-30T23:28:07Z,What is a storm surge and what is the threat from Hurricane Idalia?,https://www.theguardian.com/world/2023/aug/30/idalia-storm-surge-threat-explainer,article,storm,../data/disaster_news/articles/2023_08_30_gardian_5.txt
2023-08-28T16:07:24Z,Tropical Storm Idalia strengthens as it threatens to strike Florida,https://www.theguardian.com/us-news/2023/aug/28/tropical-storm-idalia-florida-forecast-path,article,storm,../data/disaster_news/articles/2023_08_28_gardian_6.txt
2023-08-12T17:23:59Z,Hawaii congresswoman says state underestimated lethality of wildfires,https://www.theguardian.com/us-news/2023/aug/12/hawaii-congresswomanstate-underestimated-lethality-wildfires,article,wildfire,../data/disaster_news/articles/2023_08_12_gardian_7.txt
2023-08-13T16:17:58Z,Hawaii fires: a visual guide to the explosive blaze that razed Lahaina,https://www.theguardian.com/us-news/2023/aug/11/how-what-hawaii-fires-started-maui-photo-update,article,,../data/disaster_news/articles/2023_08_13_gardian_8.txt
2023-08-01T21:08:42Z,Erratic winds pose fresh threat to firefighters as rain helps with Mojave desert fire,https://www.theguardian.com/us-news/2023/aug/01/california-wildfires-york-fire-mojave-desert-las-vegas,article,,../data/disaster_news/articles/2023_08_01_gardian_9.txt
2023-08-31T23:02:28Z,Hurricane Idalia leaves trail of floods and wreckage in south-eastern US,https://www.theguardian.com/us-news/2023/aug/31/hurricane-idalia-florida-north-south-carolina-georgia,article,flood,../data/disaster_news/articles/2023_08_31_gardian_10.txt
2023-08-29T16:48:45Z,Hurricane Idalia closes in on Florida with warnings of 125mph winds,https://www.theguardian.com/us-news/2023/aug/29/hurricane-idalia-florida-gulf-coast,article,hurricane,../data/disaster_news/articles/2023_08_29_gardian_11.txt
2023-08-16T18:00:54Z,"Tropical storms killing more Americans as climate crisis deepens, study finds",https://www.theguardian.com/us-news/2023/aug/16/atlantic-storms-deadlier-people-of-color-excess-deaths,article,storm,../data/disaster_news/articles/2023_08_16_gardian_12.txt
2023-08-25T16:08:23Z,Hawaii officials release list of 388 people missing after Maui wildfires,https://www.theguardian.com/us-news/2023/aug/25/hawaii-fires-missing-people-maui,article,wildfire,../data/disaster_news/articles/2023_08_25_gardian_13.txt
2023-08-12T01:59:07Z,Hawaii fires: death toll rises to 67 as residents return to assess damage,https://www.theguardian.com/us-news/2023/aug/11/hawaii-fires-death-toll-expected-rise-significantly-buildings-searched,article,,../data/disaster_news/articles/2023_08_12_gardian_14.txt
2023-08-25T23:51:24Z,Louisiana residents told to ‘get out now’ in face of sweeping wildfire,https://www.theguardian.com/us-news/2023/aug/25/louisiana-wildfire-tiger-island-fire-evacuation,article,wildfire,../data/disaster_news/articles/2023_08_25_gardian_15.txt
2023-08-30T17:31:49Z, ‘Danger everywhere’: Idalia leaves trail of destruction in Florida,https://www.theguardian.com/us-news/2023/aug/30/hurricane-idalia-destruction-perry-florida,article,,../data/disaster_news/articles/2023_08_30_gardian_16.txt
2023-08-08T09:54:02Z,First Thing: Storms in US north-east wreak havoc and leave two dead ,https://www.theguardian.com/us-news/2023/aug/08/first-thing-storms-in-us-north-east-wreak-havoc-and-leave-two-dead,article,storm,../data/disaster_news/articles/2023_08_08_gardian_17.txt
2023-08-02T19:21:13Z,California’s largest wildfire of the year threatens fragile desert ecosystem,https://www.theguardian.com/us-news/2023/aug/02/california-york-fire-joshua-tree,article,wildfire,../data/disaster_news/articles/2023_08_02_gardian_18.txt
2023-08-08T00:29:59Z,California judge pauses sweeping of homeless encampments amid heatwave,https://www.theguardian.com/us-news/2023/aug/07/california-homeless-shelter-sweeping-paused-sacramento,article,heatwave,../data/disaster_news/articles/2023_08_08_gardian_19.txt
2023-08-10T23:48:22Z,Hawaii wildfires: how did the deadly Maui fire start and what caused it?,https://www.theguardian.com/us-news/2023/aug/09/hawaii-wildfires-maui-explainer,article,wildfire,../data/disaster_news/articles/2023_08_10_gardian_20.txt
2023-08-08T16:12:21Z,Two dead and hundreds of thousands without power as storm hits eastern US,https://www.theguardian.com/us-news/2023/aug/08/two-dead-storm-alabama-south-carolina,article,storm,../data/disaster_news/articles/2023_08_08_gardian_21.txt
2023-08-10T23:43:18Z,‘It looks like a war zone’: Lahaina residents tell of wildfire ‘nightmare’,https://www.theguardian.com/us-news/2023/aug/10/hawaii-lahaina-maui-wildfire-survivors,article,wildfire,../data/disaster_news/articles/2023_08_10_gardian_22.txt
2023-08-10T21:41:52Z,‘Heartbeat of Lahaina Town’: wildfire chars beloved 150-year-old banyan tree,https://www.theguardian.com/us-news/2023/aug/10/lahaina-banyan-tree-burned-hawaii-wildfire,article,wildfire,../data/disaster_news/articles/2023_08_10_gardian_23.txt
2023-08-30T09:52:56Z,Idalia to hit Florida as ‘extremely dangerous’ category 4 hurricane | First Thing,https://www.theguardian.com/us-news/2023/aug/30/first-thing-idalia-hit-florida-extremely-dangerous-category-4-hurricane,article,hurricane,../data/disaster_news/articles/2023_08_30_gardian_24.txt
2023-08-31T12:37:06Z,Hurricane Idalia could become 2023’s costliest climate disaster for the US,https://www.theguardian.com/us-news/2023/aug/31/hurricane-idalia-cost-update-category-3-florida-georgia,article,hurricane,../data/disaster_news/articles/2023_08_31_gardian_25.txt
2023-08-15T02:13:57Z,Maui wildfires: Hawaii governor says at least 99 dead amid ‘incredible’ destruction,https://www.theguardian.com/us-news/2023/aug/14/hawaii-fires-lahaina-maui-death-toll-missing,article,wildfire,../data/disaster_news/articles/2023_08_15_gardian_26.txt
2023-08-21T19:05:44Z,Ted Cruz duped by fake image of shark on flooded LA highway ,https://www.theguardian.com/us-news/2023/aug/21/storm-hilary-ted-cruz-shared-fake-shark-picture-los-angeles,article,,../data/disaster_news/articles/2023_08_21_gardian_27.txt
2023-08-31T15:18:09Z,‘Everything is destroyed’: Floridians begin long recovery from Idalia ,https://www.theguardian.com/us-news/2023/aug/31/hurricane-idalia-damage-flooding-florida,article,,../data/disaster_news/articles/2023_08_31_gardian_28.txt
2023-08-31T10:04:59Z,First Thing: Donald Trump allegedly inflated his net worth by as much as $2.2bn in 2014,https://www.theguardian.com/us-news/2023/aug/31/first-thing-donald-trump-allegedly-inflated-net-worth-much-22bn-2014,article,,../data/disaster_news/articles/2023_08_31_gardian_29.txt
2023-08-30T13:57:33Z,Rare blue supermoon could raise tides to exacerbate Idalia storm surge ,https://www.theguardian.com/us-news/2023/aug/30/supermoon-tides-florida-hurricane-idalia,article,storm,../data/disaster_news/articles/2023_08_30_gardian_30.txt
2023-08-15T18:53:24Z,"Lahaina, site of incalculable Native Hawaiian importance, reels from cultural losses",https://www.theguardian.com/us-news/2023/aug/15/maui-wildfires-lahaina-hawaii-rebuild,article,,../data/disaster_news/articles/2023_08_15_gardian_31.txt
2023-08-18T01:41:56Z,Head of Maui emergency agency resigns after defending not sounding sirens,https://www.theguardian.com/us-news/2023/aug/17/hawaii-fires-maui-schools-search-death-toll,article,,../data/disaster_news/articles/2023_08_18_gardian_32.txt
2023-08-10T11:03:38Z,First Thing: dozens die in unprecedented Hawaii wildfires,https://www.theguardian.com/us-news/2023/aug/10/first-thing-dozens-die-in-unprecedented-hawaii-wildfires,article,wildfire,../data/disaster_news/articles/2023_08_10_gardian_33.txt
2023-08-22T20:26:30Z,Thousands lose power as Texas braces for deluge from Tropical Storm Harold,https://www.theguardian.com/us-news/2023/aug/22/texas-tropical-storm-harold-rain-flood-warning,article,storm,../data/disaster_news/articles/2023_08_22_gardian_34.txt
2023-08-07T12:32:38Z,Three dead after firefighting helicopters collide in California,https://www.theguardian.com/us-news/2023/aug/07/california-helicopter-crash-wildfires-firefighters,article,,../data/disaster_news/articles/2023_08_07_gardian_35.txt
2023-08-10T09:15:39Z,People in Maui: how have you been affected by the wildfires?,https://www.theguardian.com/us-news/2023/aug/10/people-in-maui-how-have-you-been-affected-by-the-wildfires,article,wildfire,../data/disaster_news/articles/2023_08_10_gardian_36.txt
2023-08-14T11:00:56Z,Hawaii wildfires kill at least 93 people | First Thing,https://www.theguardian.com/us-news/2023/aug/14/first-thing-hawaii-wildfires-lahaina-kansas,article,wildfire,../data/disaster_news/articles/2023_08_14_gardian_37.txt
2023-08-03T10:08:11Z,Trump will appear in court over charges he sought to overturn 2020 election | First Thing,https://www.theguardian.com/us-news/2023/aug/03/first-thing-trump-appear-court-charges-overturn-2020-election,article,,../data/disaster_news/articles/2023_08_03_gardian_38.txt
2023-08-13T20:55:40Z,Hawaii wildfires: deadliest US blaze in a century kills at least 93 people,https://www.theguardian.com/us-news/2023/aug/13/hawaii-wildfires-at-least-89-confirmed-killed-after-deadliest-us-blaze-in-100-years,article,wildfire,../data/disaster_news/articles/2023_08_13_gardian_39.txt
