webPublicationDate,webTitle,webUrl,type,disaster_type,path
2023-12-26T19:26:36Z,Blizzard conditions hit US northern plains and upper midwest,https://www.theguardian.com/us-news/2023/dec/26/blizzard-midwest-snow-travel-weather-warning,article,blizzard,../data/disaster_news/articles/2023_12_26_gardian_0.txt
2023-12-21T19:47:39Z,"Severe rainstorms hit southern California, with more to come",https://www.theguardian.com/us-news/2023/dec/21/severe-rain-storm-southern-california-flooding,article,,../data/disaster_news/articles/2023_12_21_gardian_1.txt
2023-12-28T16:00:38Z,Extreme weather is changing California. These road trips show how,https://www.theguardian.com/us-news/2023/dec/28/climate-extremes-california-road-trip,article,,../data/disaster_news/articles/2023_12_28_gardian_2.txt
2023-12-20T14:00:15Z,The Maui wildfire exacerbated a housing crisis. Can tiny homes and ADUs offer a solution?,https://www.theguardian.com/us-news/2023/dec/20/maui-wildfire-housing-crisis-solutions-tiny-homes-adu,article,wildfire,../data/disaster_news/articles/2023_12_20_gardian_3.txt
2023-12-19T17:31:30Z,‘Gut punch’ US north-eastern storm leaves at least six people dead ,https://www.theguardian.com/us-news/2023/dec/19/northeast-monday-storm-death-flooding,article,storm,../data/disaster_news/articles/2023_12_19_gardian_4.txt
2023-12-18T16:44:53Z,"Over 200,000 without power after heavy rain and high winds hit US north-east",https://www.theguardian.com/us-news/2023/dec/18/new-england-power-outage-storms,article,,../data/disaster_news/articles/2023_12_18_gardian_5.txt
2023-12-18T14:00:01Z,Survivors of deadly Maui blaze face displacement after displacement: ‘I live a nomadic life’,https://www.theguardian.com/us-news/2023/dec/18/maui-hawaii-wildfire-residents-displaced-tourism,article,,../data/disaster_news/articles/2023_12_18_gardian_6.txt
2023-12-13T11:00:00Z,Revealed: House speaker did little to fight toxic ‘burn pit’ his father campaigned against,https://www.theguardian.com/us-news/2023/dec/13/mike-johnson-creationist-beliefs-clash-with-climate-facts,article,,../data/disaster_news/articles/2023_12_13_gardian_7.txt
2023-12-31T16:00:05Z,How New Year’s Eve – and confetti – transformed Times Square,https://www.theguardian.com/us-news/2023/dec/31/new-years-eve-times-square-confetti,article,,../data/disaster_news/articles/2023_12_31_gardian_8.txt
2023-12-30T22:56:43Z,Strong waves trigger evacuation alerts on California coast on third day of storms,https://www.theguardian.com/us-news/2023/dec/30/large-swells-southern-california,article,storm,../data/disaster_news/articles/2023_12_30_gardian_9.txt
2023-12-19T17:00:47Z,Gas pipeline expansion could fuel Pacific north-west climate emergencies,https://www.theguardian.com/us-news/2023/dec/19/gas-pipeline-expansion-climate-emergency-california-washington-oregon,article,,../data/disaster_news/articles/2023_12_19_gardian_10.txt
2023-12-10T17:00:54Z,What price will Rudy Giuliani pay for smearing Georgia election workers?,https://www.theguardian.com/us-news/2023/dec/10/rudy-giuliani-defamation-trial-georgia-election-workers,article,,../data/disaster_news/articles/2023_12_10_gardian_11.txt
2023-12-15T22:05:03Z,Binder of classified material on Russia reportedly went missing in final Trump days,https://www.theguardian.com/us-news/2023/dec/15/classified-russia-documents-missing-trump,article,,../data/disaster_news/articles/2023_12_15_gardian_12.txt
2023-12-19T12:20:35Z,First Thing: Texas governor signs bill allowing police to arrest migrants entering US illegally,https://www.theguardian.com/us-news/2023/dec/19/first-thing-texas-governor-signs-bill-allowing-police-to-arrest-migrants-entering-us-illegally,article,,../data/disaster_news/articles/2023_12_19_gardian_13.txt
2023-12-29T19:55:59Z,Eight people taken to hospital as waves up to 30ft high pound California coast,https://www.theguardian.com/us-news/2023/dec/29/california-storms-weather-latest-waves,article,,../data/disaster_news/articles/2023_12_29_gardian_14.txt
2023-12-20T11:50:38Z,Colorado supreme court disqualifies Trump from state’s 2024 ballot | First Thing,https://www.theguardian.com/us-news/2023/dec/20/first-thing-colorado-supreme-court-disqualifies-donald-trump-2024-ballot,article,,../data/disaster_news/articles/2023_12_20_gardian_15.txt
2023-12-04T18:40:30Z,White House condemns ‘antisemitic’ rally outside Philadelphia falafel shop,https://www.theguardian.com/us-news/2023/dec/04/white-house-philadelphia-protest-israel-restaurant-antisemitic,article,,../data/disaster_news/articles/2023_12_04_gardian_16.txt
2023-12-15T10:26:52Z,Netanhayu set to resist US attempt to rein in Israel’s Gaza destruction | First Thing,https://www.theguardian.com/us-news/2023/dec/15/first-thing-netanhayu-set-to-resist-us-attempt-to-rein-in-israels-gaza-destruction,article,,../data/disaster_news/articles/2023_12_15_gardian_17.txt
2023-12-18T13:50:53Z,Joe Biden unharmed as vehicle collides with presidential motorcade,https://www.theguardian.com/us-news/2023/dec/18/joe-biden-motorcade-vehicle-collision-accident,article,,../data/disaster_news/articles/2023_12_18_gardian_18.txt
2023-12-03T18:00:20Z,The fire that still burns: the mental health crisis unfolding among Maui’s children,https://www.theguardian.com/us-news/2023/dec/03/maui-lahaina-fires-kids-mental-health,article,,../data/disaster_news/articles/2023_12_03_gardian_19.txt
2023-12-01T10:14:49Z,Undercard for Biden-Trump? Debate puts two Americas on same stage,https://www.theguardian.com/us-news/2023/dec/01/pugilistic-us-presidential-undercard-provides-snapshot-of-a-nation-divided-ron-desantis-gavin-newsome,article,,../data/disaster_news/articles/2023_12_01_gardian_20.txt
2023-12-30T19:13:11Z,Last US lighthouse keeper steps down from role at Boston Light Beacon,https://www.theguardian.com/us-news/2023/dec/30/sally-snowman-last-lighthouse-keeper-boston-light-beacon,article,,../data/disaster_news/articles/2023_12_30_gardian_21.txt
2023-12-01T17:19:37Z,Republican George Santos expelled from Congress in bipartisan vote,https://www.theguardian.com/us-news/2023/dec/01/george-santos-expelled-congress-vote,article,,../data/disaster_news/articles/2023_12_01_gardian_22.txt
2023-12-15T22:53:01Z,Multimillion-dollar ruling against Giuliani shows cost of spreading election lies,https://www.theguardian.com/us-news/2023/dec/15/rudy-giuliani-damages-cost-analysis-takeaways,article,,../data/disaster_news/articles/2023_12_15_gardian_23.txt
2023-12-11T20:35:32Z,Stefanik criticized for support of Trump after push against campus antisemitism,https://www.theguardian.com/us-news/2023/dec/11/elise-stefanik-antisemitism-congress-trump-upenn-resignation,article,,../data/disaster_news/articles/2023_12_11_gardian_24.txt
2023-12-29T01:02:17Z,Why did Maine and Colorado disqualify Trump from their ballots?,https://www.theguardian.com/us-news/2023/dec/19/why-did-colorado-disqualify-trump-white-house-2024-election,article,,../data/disaster_news/articles/2023_12_29_gardian_25.txt
2023-12-14T00:00:56Z,‘I was terrorized’: 2020 election worker testifies at Giuliani defamation trial,https://www.theguardian.com/us-news/2023/dec/13/rudy-giuliani-defamation-trial-georgia-third-day,article,,../data/disaster_news/articles/2023_12_14_gardian_26.txt
2023-12-29T11:35:00Z,First Thing: Maine joins Colorado to disqualify Trump over insurrection,https://www.theguardian.com/us-news/2023/dec/29/first-thing-maine-joins-colorado-to-disqualify-trump-over-insurrection,article,,../data/disaster_news/articles/2023_12_29_gardian_27.txt
2023-12-17T13:00:27Z,‘I miss my name’: Giuliani verdict lays bare limits of defamation law,https://www.theguardian.com/us-news/2023/dec/17/rudy-giuliani-verdict-defamation-reputations,article,,../data/disaster_news/articles/2023_12_17_gardian_28.txt
2023-12-17T11:00:24Z, Republican royalty to liberal heroine: Liz Cheney finds an anti-Trump niche,https://www.theguardian.com/us-news/2023/dec/17/liz-cheney-book-republican-oath-honor,article,,../data/disaster_news/articles/2023_12_17_gardian_29.txt
2023-12-14T11:16:53Z,House authorizes impeachment inquiry as Biden decries ‘baseless political stunt’ | First Thing,https://www.theguardian.com/us-news/2023/dec/14/first-thing-house-authorizes-impeachment-inquiry-as-biden-decries-baseless-political-stunt,article,,../data/disaster_news/articles/2023_12_14_gardian_30.txt
