webPublicationDate,webTitle,webUrl,type,disaster_type,path
2023-01-06T20:03:21Z,Back-to-back storms in California drop deluge of rain and snow with more ahead,https://www.theguardian.com/us-news/2023/jan/06/back-to-back-storms-drop-deluge-of-rain-and-snow-in-california-with-more-ahead,article,storm,../data/disaster_news/articles/2023_01_06_gardian_0.txt
2023-01-16T11:00:06Z,California’s rainstorm hell ‘among the most deadly disasters in our history’ ,https://www.theguardian.com/us-news/2023/jan/16/california-weather-rainstorms-deadly-atmospheric-river,article,,../data/disaster_news/articles/2023_01_16_gardian_1.txt
2023-01-06T00:14:04Z, Two dead as ‘bomb cyclone’ brings heavy winds and rain to California,https://www.theguardian.com/us-news/2023/jan/05/california-storm-weather-atmospheric-river,article,cyclone,../data/disaster_news/articles/2023_01_06_gardian_2.txt
2023-01-11T19:02:02Z,Q&A: will the California storms ease the state’s drought?,https://www.theguardian.com/us-news/2023/jan/11/california-storms-drought-explainer-will-it-help,article,storm,../data/disaster_news/articles/2023_01_11_gardian_3.txt
2023-01-01T22:02:41Z,Northern California flooded after powerful storm brings drenching rain,https://www.theguardian.com/us-news/2023/jan/01/california-flooded-atmospheric-river-storm-sacramento,article,storm,../data/disaster_news/articles/2023_01_01_gardian_4.txt
2023-01-07T11:00:17Z,Bomb cyclones to atmospheric rivers: what’s causing the California deluge?,https://www.theguardian.com/us-news/2023/jan/07/california-storm-deluge-cause-bomb-cyclone-atmospheric-river,article,cyclone,../data/disaster_news/articles/2023_01_07_gardian_5.txt
2023-01-14T21:44:28Z,How fast-moving floods took a deadly toll on California’s capital: ‘No one expected it’,https://www.theguardian.com/us-news/2023/jan/14/california-storms-flooding-sacramento-county,article,flood,../data/disaster_news/articles/2023_01_14_gardian_6.txt
2023-01-11T01:25:53Z,"Death toll in California storms hits 17 and ‘likely to grow’, says state’s governor",https://www.theguardian.com/us-news/2023/jan/10/california-storms-flooding-evacuations-latest,article,storm,../data/disaster_news/articles/2023_01_11_gardian_7.txt
2023-01-16T22:05:11Z,Town where Martin Luther King Jr made historic march reels from tornado,https://www.theguardian.com/us-news/2023/jan/16/selma-alabama-martin-luther-king-march-tornado,article,tornado,../data/disaster_news/articles/2023_01_16_gardian_8.txt
2023-01-15T18:20:06Z,California storms: Biden declares major disaster as more flooding forecast,https://www.theguardian.com/us-news/2023/jan/15/california-storms-biden-major-disaster-atmospheric-rivers-forecast,article,storm,../data/disaster_news/articles/2023_01_15_gardian_9.txt
2023-01-05T02:41:27Z,California declares state of emergency over ‘truly brutal’ storm,https://www.theguardian.com/us-news/2023/jan/04/california-bomb-cyclone-storm-flooding,article,storm,../data/disaster_news/articles/2023_01_05_gardian_10.txt
2023-01-21T11:00:06Z,‘Inside we are all struggling’: storm-bruised California begins recovery,https://www.theguardian.com/us-news/2023/jan/21/california-begins-recovery-after-storm-joe-biden-visit,article,,../data/disaster_news/articles/2023_01_21_gardian_11.txt
2023-01-13T19:57:24Z,Deaths from US tornadoes rise to nine as crews search for trapped survivors,https://www.theguardian.com/us-news/2023/jan/13/tornadoes-georgia-alabama-south-death-toll,article,tornado,../data/disaster_news/articles/2023_01_13_gardian_12.txt
2023-01-12T11:00:08Z,California governor caught in eye of storm over climate budget cuts,https://www.theguardian.com/us-news/2023/jan/12/california-governor-gavin-newsom-climate-budget-cut,article,storm,../data/disaster_news/articles/2023_01_12_gardian_13.txt
2023-01-13T06:00:08Z,"Frantic search continues for boy, five, swept away in California floods",https://www.theguardian.com/us-news/2023/jan/12/california-floods-missing-boy-search-continues,article,flood,../data/disaster_news/articles/2023_01_13_gardian_14.txt
2023-01-12T19:23:51Z,"Dramatic spike in rain has helped counter California’s extreme drought, data reveals",https://www.theguardian.com/us-news/2023/jan/12/dramatic-spike-rain-california-extreme-drought,article,drought,../data/disaster_news/articles/2023_01_12_gardian_15.txt
2023-01-27T11:00:49Z,Larger than usual snowpack in California gives hope of reprieve in drought,https://www.theguardian.com/us-news/2023/jan/27/california-storms-snowpack-drought-sierra-nevada-climate-crisis,article,drought,../data/disaster_news/articles/2023_01_27_gardian_16.txt
2023-01-13T11:00:13Z,Coastal residents fear ‘hideous’ seawalls will block waterfront views,https://www.theguardian.com/us-news/2023/jan/13/us-cities-ugly-seawalls-climate-crisis-miami,article,,../data/disaster_news/articles/2023_01_13_gardian_17.txt
2023-01-10T01:47:19Z,Several California counties ordered to evacuate as deadly storm weathers on,https://www.theguardian.com/us-news/2023/jan/09/california-weather-flooding-storms-heavy-rains-winds,article,storm,../data/disaster_news/articles/2023_01_10_gardian_18.txt
2023-01-11T19:47:54Z,Storm-ravaged California scrambles as fresh atmospheric river rolls in,https://www.theguardian.com/us-news/2023/jan/11/california-storms-latest-atmospheric-river,article,,../data/disaster_news/articles/2023_01_11_gardian_19.txt
2023-01-19T11:00:07Z,Saved by a rainy day? Californians ‘harvest’ water during historic storms,https://www.theguardian.com/us-news/2023/jan/19/california-water-harvesting-historic-storms-drought,article,storm,../data/disaster_news/articles/2023_01_19_gardian_20.txt
2023-01-17T22:03:32Z,California storm death toll climbs to 20 as deluge begins to subside,https://www.theguardian.com/us-news/2023/jan/17/california-storm-death-toll-deluge-subside,article,storm,../data/disaster_news/articles/2023_01_17_gardian_21.txt
2023-01-18T11:00:02Z, ‘Born into a time of chaos’: how being pregnant amid a climate disaster can affect children,https://www.theguardian.com/us-news/2023/jan/18/study-pregnant-climate-disaster-children-behavior,article,,../data/disaster_news/articles/2023_01_18_gardian_22.txt
2023-01-08T16:41:34Z,Thousands without power in California as it braces for next onslaught of storms,https://www.theguardian.com/us-news/2023/jan/08/california-storms-thousands-without-power,article,storm,../data/disaster_news/articles/2023_01_08_gardian_23.txt
2023-01-02T11:00:14Z,Biden declares Arizona floods a federal disaster for Havasupai tribe,https://www.theguardian.com/us-news/2023/jan/02/biden-disaster-havasupai-tribe-arizona-flooding,article,flood,../data/disaster_news/articles/2023_01_02_gardian_24.txt
2023-01-27T11:00:48Z,Their Arizona community was ideal. Then their neighbor cut off the water,https://www.theguardian.com/us-news/2023/jan/27/arizona-scottsdale-water-cut-off-rio-verde-foothills-drought,article,,../data/disaster_news/articles/2023_01_27_gardian_25.txt
2023-01-09T10:50:06Z,Lula vows to punish Bolsonaro supporters who stormed congress | First Thing,https://www.theguardian.com/us-news/2023/jan/09/first-thing-lula-vows-to-punish-bolsonaro-supporters-who-stormed-congress,article,,../data/disaster_news/articles/2023_01_09_gardian_26.txt
2023-01-31T20:58:45Z,"Over 1,000 flights cancelled amid dangerous winter weather in US south",https://www.theguardian.com/us-news/2023/jan/31/us-flight-cancellations-weather-winter-storm-texas,article,,../data/disaster_news/articles/2023_01_31_gardian_27.txt
2023-01-22T11:00:35Z,"Oil wells guzzle precious California water. Next door, residents can’t use the tap",https://www.theguardian.com/us-news/2023/jan/22/california-oil-wells-refineries-water-use-drought-fuller-acres,article,,../data/disaster_news/articles/2023_01_22_gardian_28.txt
2023-01-06T10:02:05Z,McCarthy fails in speakership bid for 11th time | First Thing,https://www.theguardian.com/us-news/2023/jan/06/first-thing-kevin-mccarthy-fails-in-speakership-bid-for-11th-time,article,,../data/disaster_news/articles/2023_01_06_gardian_29.txt
2023-01-12T10:53:52Z,Biden faces fresh scrutiny over handling of government secrets | First Thing,https://www.theguardian.com/us-news/2023/jan/12/first-thing-joe-biden-faces-government-secrets,article,,../data/disaster_news/articles/2023_01_12_gardian_30.txt
2023-01-16T11:09:52Z,US Covid surge is big risk and is ‘not being taken seriously’ | First Thing,https://www.theguardian.com/us-news/2023/jan/16/first-thing-us-covid-surge-big-risk-not-being-taken-seriously-donald-trump,article,,../data/disaster_news/articles/2023_01_16_gardian_31.txt
2023-01-24T19:30:07Z,"Oregon plan to ban sale of kangaroo products is ‘emotive misinformation’, industry says",https://www.theguardian.com/us-news/2023/jan/24/oregon-plan-to-ban-sale-of-kangaroo-products-is-emotive-misinformation-says-industry,article,,../data/disaster_news/articles/2023_01_24_gardian_32.txt
2023-01-03T11:10:53Z,Buffalo Bills’ Damar Hamlin in critical condition after cardiac arrest | First Thing,https://www.theguardian.com/us-news/2023/jan/03/first-thing-buffalo-bills-damar-hamlin-in-critical-condition-after-cardiac-arrest,article,,../data/disaster_news/articles/2023_01_03_gardian_33.txt
2023-01-17T11:07:06Z,Population in China falls for first time in more than 60 years | First Thing,https://www.theguardian.com/us-news/2023/jan/17/first-thing-china-population-falls-for-first-time-in-more-than-60-years,article,,../data/disaster_news/articles/2023_01_17_gardian_34.txt
2023-01-05T17:14:05Z,River of melted butter blocks Wisconsin waterway after fire at dairy plant,https://www.theguardian.com/us-news/2023/jan/05/butter-wisconsin-dairy-plant-canal-melted,article,,../data/disaster_news/articles/2023_01_05_gardian_35.txt
2023-01-02T07:00:08Z,2024 Veepstakes: who will Donald Trump choose as his running mate?,https://www.theguardian.com/us-news/2023/jan/02/donald-trump-2024-vice-president-running-mate,article,,../data/disaster_news/articles/2023_01_02_gardian_36.txt
2023-01-27T11:04:04Z,Five Memphis ex-police officers charged with murder of Tyre Nichols | First Thing,https://www.theguardian.com/us-news/2023/jan/27/first-thing-five-ex-police-officers-charged-tyre-nichols-memphis,article,,../data/disaster_news/articles/2023_01_27_gardian_37.txt
2023-01-21T02:26:56Z,Julian Sands: helicopter search under way for missing actor,https://www.theguardian.com/us-news/2023/jan/20/julian-sands-missing-helicopter-search-under-way,article,,../data/disaster_news/articles/2023_01_21_gardian_38.txt
2023-01-03T11:00:08Z,Los Angeles is becoming too hot to bear. Can it design its way cooler?,https://www.theguardian.com/us-news/2023/jan/03/los-angeles-is-becoming-too-hot-to-bear-can-it-design-its-way-cooler,article,,../data/disaster_news/articles/2023_01_03_gardian_39.txt
2023-01-01T13:50:56Z,Thirteen bison killed after road crash near Yellowstone national park,https://www.theguardian.com/us-news/2022/dec/31/bison-killed-road-crash-near-yellowstone-national-park,article,,../data/disaster_news/articles/2023_01_01_gardian_40.txt
2023-01-19T11:00:08Z,Are cows at sea the future of farming?,https://www.theguardian.com/us-news/2023/jan/19/floating-dairy-farm-rotterdam-climate-crisis,article,,../data/disaster_news/articles/2023_01_19_gardian_41.txt
2023-01-06T14:29:38Z,Trump sued by partner of Capitol police officer who died after January 6 attack,https://www.theguardian.com/us-news/2023/jan/06/trump-lawsuit-january-6-brian-sicknick-capitol-police,article,,../data/disaster_news/articles/2023_01_06_gardian_42.txt
2023-01-24T19:23:35Z,"Scalper bots caused Taylor Swift ticket chaos, Senate panel hears in testimony",https://www.theguardian.com/us-news/2023/jan/24/taylor-swift-ticketmaster-live-nation-senate-testimony,article,,../data/disaster_news/articles/2023_01_24_gardian_43.txt
2023-01-21T11:00:07Z,Senate musical chairs: California prepares for political battle over Feinstein vacancy,https://www.theguardian.com/us-news/2023/jan/21/california-senate-seat-hopefuls-political-battle-feinstein-vacancy,article,,../data/disaster_news/articles/2023_01_21_gardian_44.txt
2023-01-19T13:33:31Z,Missing hiker in California revealed to be British actor Julian Sands,https://www.theguardian.com/us-news/2023/jan/18/julian-sands-actor-missing-california-hiking,article,,../data/disaster_news/articles/2023_01_19_gardian_45.txt
2023-01-30T11:09:42Z,First Thing: Ron DeSantis prepares for 2024 White House run,https://www.theguardian.com/us-news/2023/jan/30/first-thing-ron-desantis-prepares-2024-white-house-run,article,,../data/disaster_news/articles/2023_01_30_gardian_46.txt
2023-01-10T10:49:00Z,Democrats decry new House rules as a ‘ransom note to America’ | First Thing,https://www.theguardian.com/us-news/2023/jan/10/first-thing-democrats-decry-new-house-rules-as-a-ransom-note-to-america,article,,../data/disaster_news/articles/2023_01_10_gardian_47.txt
2023-01-24T08:30:28Z,Revealed: how US transition to electric cars threatens environmental havoc,https://www.theguardian.com/us-news/2023/jan/24/us-electric-vehicles-lithium-consequences-research,article,,../data/disaster_news/articles/2023_01_24_gardian_48.txt
2023-01-22T09:00:33Z, Losing their religion: why US churches are on the decline,https://www.theguardian.com/us-news/2023/jan/22/us-churches-closing-religion-covid-christianity,article,,../data/disaster_news/articles/2023_01_22_gardian_49.txt
