webPublicationDate,webTitle,webUrl,type,disaster_type,path
2023-11-10T05:22:07Z,Drought blamed as Maui pond turns bright pink ,https://www.theguardian.com/us-news/2023/nov/10/pink-pond-hawaii-maui,article,drought,../data/disaster_news/articles/2023_11_10_gardian_0.txt
2023-11-08T15:35:40Z,Vibrations of Texas’s fourth-strongest earthquake felt hundreds of miles away,https://www.theguardian.com/us-news/2023/nov/08/texas-earthquake-new-mexico,article,earthquake,../data/disaster_news/articles/2023_11_08_gardian_1.txt
2023-11-10T14:36:13Z,Digested week: Ivanka Trump provides the calm after the storm,https://www.theguardian.com/us-news/2023/nov/10/digested-week-ivanka-trump-provides-the-calm-after-the-storm,article,storm,../data/disaster_news/articles/2023_11_10_gardian_2.txt
2023-11-07T16:52:05Z,One dead after super fog causes spate of road accidents near New Orleans,https://www.theguardian.com/us-news/2023/nov/07/super-fog-new-orleans-car-crashes,article,,../data/disaster_news/articles/2023_11_07_gardian_3.txt
2023-11-05T16:00:12Z,"A town re-emerges from the ashes of a devastating wildfire. But five years on, is Paradise for all?",https://www.theguardian.com/us-news/2023/nov/05/california-camp-fire-rebuilding-paradise-housing,article,wildfire,../data/disaster_news/articles/2023_11_05_gardian_4.txt
2023-11-08T11:20:43Z,First Thing: Families flee past tanks as Israel begins to storm Gaza City,https://www.theguardian.com/us-news/2023/nov/08/first-thing-families-flee-past-tanks-as-israel-begins-to-storm-gaza-city,article,storm,../data/disaster_news/articles/2023_11_08_gardian_5.txt
2023-11-13T11:00:26Z,Wolves have returned to California after nearly 150 years. Not everyone is happy,https://www.theguardian.com/us-news/2023/nov/13/california-wildfire-wolves-ranchers-cattle,article,,../data/disaster_news/articles/2023_11_13_gardian_6.txt
2023-11-17T22:49:51Z,Texas: Republican-controlled school board votes against climate textbooks,https://www.theguardian.com/us-news/2023/nov/17/texas-republican-school-board-climate-textbooks,article,,../data/disaster_news/articles/2023_11_17_gardian_7.txt
2023-11-12T12:00:03Z, Alabama town grieves mayor who killed himself after far-right blog outed him,https://www.theguardian.com/us-news/2023/nov/12/alabama-mayor-suicide-outed,article,,../data/disaster_news/articles/2023_11_12_gardian_8.txt
2023-11-13T16:02:37Z,Man who stormed US Capitol in face paint files paperwork for congressional run,https://www.theguardian.com/us-news/2023/nov/13/jacob-chansley-run-congress-arizona-january-6-riot,article,,../data/disaster_news/articles/2023_11_13_gardian_9.txt
2023-11-20T23:16:44Z,"Rain, snow and severe storms may disrupt Thanksgiving travel plans in US",https://www.theguardian.com/us-news/2023/nov/20/thanksgiving-traffic-weather-rain-storm-travel-delay,article,storm,../data/disaster_news/articles/2023_11_20_gardian_10.txt
2023-11-14T16:50:26Z,Republican praises January 6 attacker’s ‘good faith and core principles’,https://www.theguardian.com/us-news/2023/nov/14/republican-january-6-capitol-attack-rioter,article,,../data/disaster_news/articles/2023_11_14_gardian_11.txt
2023-11-07T12:00:40Z," Home, studio, a way to sell abandoned items: the many uses of self-storage",https://www.theguardian.com/us-news/2023/nov/07/self-storage-usage-homes-work-abandoned-belongings,article,,../data/disaster_news/articles/2023_11_07_gardian_12.txt
2023-11-10T11:14:41Z,First Thing: Netanyahu says Israel not seeking to occupy Gaza,https://www.theguardian.com/us-news/2023/nov/10/first-thing-netanyahu-says-israel-not-seeking-to-occupy-gaza,article,,../data/disaster_news/articles/2023_11_10_gardian_13.txt
2023-11-07T21:13:06Z,Hollywood’s historic Egyptian Theatre to reopen after Netflix restoration,https://www.theguardian.com/us-news/2023/nov/07/hollywood-egyptian-theater-reopen-netflix,article,,../data/disaster_news/articles/2023_11_07_gardian_14.txt
2023-11-06T12:52:51Z,Kevin Phillips obituary,https://www.theguardian.com/us-news/2023/nov/06/kevin-phillips-obituary,article,,../data/disaster_news/articles/2023_11_06_gardian_15.txt
2023-11-21T19:36:36Z,‘Please be nice’: aviation authority issues plea for US travelers over Thanksgiving ,https://www.theguardian.com/us-news/2023/nov/21/federal-aviation-administration-thanksgiving-holidays,article,,../data/disaster_news/articles/2023_11_21_gardian_16.txt
2023-11-06T10:27:07Z,First Thing: Antony Blinken arrives in Turkey for Gaza talks,https://www.theguardian.com/us-news/2023/nov/06/first-thing-antony-blinken-arrives-in-turkey-for-gaza-talks,article,,../data/disaster_news/articles/2023_11_06_gardian_17.txt
2023-11-20T11:00:32Z,"The law that launched 2,500 sex abuse suits and felled celebrities is expiring",https://www.theguardian.com/us-news/2023/nov/20/new-york-adult-survivors-act-law-expires-trump-diddy-bill-cosby,article,,../data/disaster_news/articles/2023_11_20_gardian_18.txt
2023-11-10T16:09:35Z,Trump suggests he would use FBI to go after political rivals if elected in 2024,https://www.theguardian.com/us-news/2023/nov/10/trump-fbi-rivals-2024-election,article,,../data/disaster_news/articles/2023_11_10_gardian_19.txt
2023-11-13T11:00:24Z,‘I’m more worried today than I was on January 6’: top conservative’s warning to America,https://www.theguardian.com/us-news/2023/nov/13/january-6-michael-luttig-trump-warning,article,,../data/disaster_news/articles/2023_11_13_gardian_20.txt
2023-11-08T15:17:21Z,Maine voters reject plan for non-profit power utility backed by climate groups,https://www.theguardian.com/us-news/2023/nov/08/maine-voters-reject-electric-utilities-proposal,article,,../data/disaster_news/articles/2023_11_08_gardian_21.txt
2023-11-18T12:00:21Z,Buffalo shooting survivor’s mother elected to city council in landslide win,https://www.theguardian.com/us-news/2023/nov/18/buffalo-shooting-zeneta-everhart-win-election-city-council,article,,../data/disaster_news/articles/2023_11_18_gardian_22.txt
2023-11-22T10:58:16Z,Israel and Hamas agree to four-day ceasefire and release of 50 hostages | First Thing,https://www.theguardian.com/us-news/2023/nov/22/first-thing-israel-hamas-agree-four-day-ceasefire-release-of-50-hostages,article,,../data/disaster_news/articles/2023_11_22_gardian_23.txt
2023-11-07T11:56:40Z,One month of violence and war in Israel and Gaza | First Thing,https://www.theguardian.com/us-news/2023/nov/07/first-thing-one-month-of-violence-and-war-in-israel-and-gaza,article,,../data/disaster_news/articles/2023_11_07_gardian_24.txt
2023-11-14T15:00:39Z,Has New York finally found a solution to its rat problem?,https://www.theguardian.com/us-news/2023/nov/14/new-york-rats-exterminator-gas,article,,../data/disaster_news/articles/2023_11_14_gardian_25.txt
2023-11-30T12:00:48Z,New Yorkers feel betrayed as police radio dispatches end: ‘You’d hear about nine shootings a day’,https://www.theguardian.com/us-news/2023/nov/30/nypd-police-radio-dispatches-encryption,article,,../data/disaster_news/articles/2023_11_30_gardian_26.txt
2023-11-18T13:00:21Z,He’s correctly predicting the US’s most critical elections. He’s still in college,https://www.theguardian.com/us-news/2023/nov/18/virginia-election-poll-college-student,article,,../data/disaster_news/articles/2023_11_18_gardian_27.txt
