webPublicationDate,webTitle,webUrl,type,disaster_type,path
2023-09-30T18:30:42Z,"Government shutdown could hurt weather disaster responses, Fema says",https://www.theguardian.com/us-news/2023/sep/30/fema-government-shutdown-weather-disasters,article,,../data/disaster_news/articles/2023_09_30_gardian_0.txt
2023-09-30T14:12:00Z,New York City reels after flash flooding chaos and powerful downpours,https://www.theguardian.com/us-news/2023/sep/30/new-york-city-flash-flooding-aftermath,article,,../data/disaster_news/articles/2023_09_30_gardian_1.txt
2023-09-01T13:56:35Z,States count cost of Hurricane Idalia as experts say it could have been far worse,https://www.theguardian.com/us-news/2023/sep/01/hurricane-idalia-damage-florida-biden,article,hurricane,../data/disaster_news/articles/2023_09_01_gardian_2.txt
2023-09-02T19:57:19Z,Biden tours Florida hurricane damage: ‘nobody can deny impacts of climate crisis’,https://www.theguardian.com/us-news/2023/sep/02/joe-biden-visits-hurricane-florida-desantis,article,hurricane,../data/disaster_news/articles/2023_09_02_gardian_3.txt
2023-09-29T21:34:40Z,New York declares state of emergency amid heavy rainfall and flash flooding,https://www.theguardian.com/us-news/2023/sep/29/new-york-flash-flooding-rain-weather-state-emergency-mta,article,,../data/disaster_news/articles/2023_09_29_gardian_4.txt
2023-09-02T15:09:55Z,DeSantis snubs Biden as president tours Hurricane Idalia damage in Florida,https://www.theguardian.com/us-news/2023/sep/02/ron-desantis-snubs-joe-biden-hurricane-idalia,article,hurricane,../data/disaster_news/articles/2023_09_02_gardian_5.txt
2023-09-08T11:00:38Z,DeSantis struggles to shake Hurricane Idalia’s dark clouds after snub to Biden,https://www.theguardian.com/us-news/2023/sep/08/ron-desantis-campaign-struggles-hurricane-idalia-biden-snub,article,hurricane,../data/disaster_news/articles/2023_09_08_gardian_6.txt
2023-09-01T15:13:24Z,‘What night really looks like’: lights out as Floridians clean up after Idalia,https://www.theguardian.com/us-news/2023/sep/01/florida-hurricane-idalia-cleanup-electricity-perry,article,,../data/disaster_news/articles/2023_09_01_gardian_7.txt
2023-09-16T11:00:30Z,‘You can’t unsee it’: the mental toll of Maui fires on search-and-recovery teams,https://www.theguardian.com/us-news/2023/sep/16/maui-wildfires-search-and-rescue-workers-mental-health,article,,../data/disaster_news/articles/2023_09_16_gardian_8.txt
2023-09-07T10:00:24Z,‘Occupied by the US’: wildfires renew Native Hawaiian call for sovereignty,https://www.theguardian.com/us-news/2023/sep/07/native-hawaiian-sovereignty-maui-wildfires,article,wildfire,../data/disaster_news/articles/2023_09_07_gardian_9.txt
2023-09-01T12:26:46Z,White House condemns Marjorie Taylor Greene threat to shut down government,https://www.theguardian.com/us-news/2023/sep/01/us-government-shutdown-marjorie-taylor-greene,article,,../data/disaster_news/articles/2023_09_01_gardian_10.txt
2023-09-03T18:05:16Z,Las Vegas residents dry out after heavy rainfall and floods,https://www.theguardian.com/us-news/2023/sep/03/las-vegas-rain-flooding,article,flood,../data/disaster_news/articles/2023_09_03_gardian_11.txt
2023-09-08T13:36:33Z,Flamingos spotted as far north as Ohio after being blown off course by Idalia,https://www.theguardian.com/us-news/2023/sep/08/ohio-flamingos-hurricane-idalia,article,,../data/disaster_news/articles/2023_09_08_gardian_12.txt
2023-09-07T10:51:50Z,First Thing: Utah officials sued over failure to save Great Salt Lake,https://www.theguardian.com/us-news/2023/sep/07/first-thing-utah-officials-sued-over-failure-to-save-great-salt-lake,article,,../data/disaster_news/articles/2023_09_07_gardian_13.txt
2023-09-19T09:50:37Z,Freed American condemns Iran for holding foreigners hostage | First Thing,https://www.theguardian.com/us-news/2023/sep/19/first-thing-freed-american-condemns-iran-holding-foreigners-hostage,article,,../data/disaster_news/articles/2023_09_19_gardian_14.txt
2023-09-14T09:32:25Z,First Thing: Appeals for body bags amid fears of epidemic after Libya floods,https://www.theguardian.com/us-news/2023/sep/14/first-thing-appeals-for-body-bags-amid-fears-of-epidemic-after-libya-floods,article,flood,../data/disaster_news/articles/2023_09_14_gardian_15.txt
2023-09-12T10:00:27Z,‘If they catch us they’ll deport us’: DeSantis law hinders Idalia recovery,https://www.theguardian.com/us-news/2023/sep/12/ron-desantis-immigration-law-idalia-recovery-effort,article,,../data/disaster_news/articles/2023_09_12_gardian_16.txt
2023-09-11T15:52:08Z, Ginni Thomas and rightwing activists exploited supreme court ruling – report,https://www.theguardian.com/us-news/2023/sep/11/ginni-thomas-leonard-leo-harlan-crow-citizens-united-dark-money,article,,../data/disaster_news/articles/2023_09_11_gardian_17.txt
2023-09-08T11:00:37Z,Ukraine’s ex-defence minister warns of Putin’s aims | First Thing,https://www.theguardian.com/us-news/2023/sep/08/first-thing-a-deal-with-putin-wont-bring-peace-says-ukraine-ex-minister,article,,../data/disaster_news/articles/2023_09_08_gardian_18.txt
2023-09-09T22:35:16Z,Phoenix breaks heat record as city hits 110F on 54th day this year,https://www.theguardian.com/us-news/2023/sep/09/phoenix-breaks-heat-record-as-city-hits-110f-for-the-54th-consecutive-day,article,,../data/disaster_news/articles/2023_09_09_gardian_19.txt
2023-09-11T10:57:51Z,Foreign aid teams join search for quake survivors in Morocco | First Thing,https://www.theguardian.com/us-news/2023/sep/11/first-thing-foreign-aid-teams-join-search-for-quake-survivors-in-morocco,article,,../data/disaster_news/articles/2023_09_11_gardian_20.txt
2023-09-07T13:27:21Z,Man trying to cross Atlantic in giant ‘hamster wheel’ charged over alleged knife threat,https://www.theguardian.com/us-news/2023/sep/07/atlantic-hamster-wheel-coast-guard-knife-threat,article,,../data/disaster_news/articles/2023_09_07_gardian_21.txt
2023-09-02T09:00:01Z,New York plan to monitor Labor Day parties with drones prompts outcry,https://www.theguardian.com/us-news/2023/sep/02/new-york-surveillance-drones-labor-day,article,,../data/disaster_news/articles/2023_09_02_gardian_22.txt
2023-09-29T21:43:39Z,Outcry as New York mayor says shelter mandate should exclude migrants,https://www.theguardian.com/us-news/2023/sep/29/new-york-flooding-mayor-eric-adams-migrants-homeless-people,article,,../data/disaster_news/articles/2023_09_29_gardian_23.txt
2023-09-18T09:27:51Z,First Thing: US and Iran expected to complete $6bn prisoner swap deal,https://www.theguardian.com/us-news/2023/sep/18/first-thing-us-and-iran-expected-to-complete-6bn-prisoner-swap-deal,article,,../data/disaster_news/articles/2023_09_18_gardian_24.txt
2023-09-10T12:00:51Z,Gavin Newsom says Ron DeSantis is ‘fundamentally authoritarian’ ,https://www.theguardian.com/us-news/2023/sep/10/gavin-newson-ron-desantis-authoritarian-trump,article,,../data/disaster_news/articles/2023_09_10_gardian_25.txt
2023-09-06T21:32:11Z,Utah officials sued over failure to save Great Salt Lake: ‘Trying to avert disaster’,https://www.theguardian.com/us-news/2023/sep/06/utah-great-salt-lake-lawsuit-collapse-environment,article,,../data/disaster_news/articles/2023_09_06_gardian_26.txt
2023-09-06T16:43:33Z,Major blow to Trump as judge limits second E Jean Carroll trial to damages,https://www.theguardian.com/us-news/2023/sep/06/e-jean-carroll-trump-trial-damages,article,,../data/disaster_news/articles/2023_09_06_gardian_27.txt
2023-09-06T10:00:54Z,Increase in fake prescription pills fuels record drug overdose deaths in the US,https://www.theguardian.com/us-news/2023/sep/06/fake-prescription-pills-us-record-overdose-deaths,article,,../data/disaster_news/articles/2023_09_06_gardian_28.txt
2023-09-29T17:57:27Z,Dianne Feinstein’s historic career began in tragedy and ended in controversy,https://www.theguardian.com/us-news/2023/sep/29/dianne-feinstein-career-san-francisco-mayor-aids-senate,article,,../data/disaster_news/articles/2023_09_29_gardian_29.txt
2023-09-01T10:00:12Z,‘Death Star law’ to abortion: the new rightwing laws taking effect in Texas,https://www.theguardian.com/us-news/2023/sep/01/texas-new-laws-republican-legislature,article,,../data/disaster_news/articles/2023_09_01_gardian_30.txt
2023-09-12T18:53:59Z,"‘When it’s cold at night, it’s no longer a game’: living off the grid in Colorado",https://www.theguardian.com/us-news/2023/sep/12/off-grid-life-colorado,article,,../data/disaster_news/articles/2023_09_12_gardian_31.txt
2023-09-30T12:00:13Z,The indigenous tree climber who saved a burning sequoia – and became a living legend,https://www.theguardian.com/us-news/2023/sep/30/charlie-castro-sequoia-national-park-climber,article,,../data/disaster_news/articles/2023_09_30_gardian_32.txt
2023-09-23T02:16:33Z,New Orleans declares emergency over saltwater intrusion in drinking water,https://www.theguardian.com/us-news/2023/sep/22/louisiana-drought-drinking-water-mississippi-river-saltwater-new-orleans,article,,../data/disaster_news/articles/2023_09_23_gardian_33.txt
2023-09-12T12:00:29Z,How the illegal harvesting of giant trees in California shines a light on rural poverty,https://www.theguardian.com/us-news/2023/sep/12/tree-poachers-murder-california-violence,article,,../data/disaster_news/articles/2023_09_12_gardian_34.txt
2023-09-12T10:09:50Z,World Bank spent billions of dollars backing fossil fuels in 2022 | First Thing,https://www.theguardian.com/us-news/2023/sep/12/first-thing-world-bank-spent-billions-of-dollars-backing-fossil-fuels-in-2022-study-finds,article,,../data/disaster_news/articles/2023_09_12_gardian_35.txt
2023-09-04T10:00:40Z,Has the US learned to cope with extreme heat? Next summer could be even hotter,https://www.theguardian.com/us-news/2023/sep/04/us-climate-crisis-heat-temperature-heatwave,article,,../data/disaster_news/articles/2023_09_04_gardian_36.txt
2023-09-20T19:03:48Z,Ex-Trump aide Cassidy Hutchinson claims Rudy Giuliani groped her on January 6,https://www.theguardian.com/us-news/2023/sep/20/rudy-giuliani-grope-cassidy-hutchinson-claim-january-6-trump-aide,article,,../data/disaster_news/articles/2023_09_20_gardian_37.txt
2023-09-25T09:09:04Z,First Thing: ‘Tentative’ deal reached to end 146-day Hollywood writers’ strike,https://www.theguardian.com/us-news/2023/sep/25/first-thing-tentative-deal-reached-to-end-146-day-hollywood-writers-strike,article,,../data/disaster_news/articles/2023_09_25_gardian_38.txt
2023-09-14T10:00:11Z,Retirement announcement brings Romney well wishes – but not from Trump,https://www.theguardian.com/us-news/2023/sep/14/romney-retirement-announcement-reactions,article,,../data/disaster_news/articles/2023_09_14_gardian_39.txt
2023-09-12T16:41:32Z,Minnesota lawsuit seeks to bar Trump from ballot under 14th amendment ,https://www.theguardian.com/us-news/2023/sep/12/minnesota-lawsuit-trump-14-amendment,article,,../data/disaster_news/articles/2023_09_12_gardian_40.txt
2023-09-13T15:30:24Z,Escaped convict Danelo Cavalcante caught after intense manhunt,https://www.theguardian.com/us-news/2023/sep/13/danelo-cavalcante-captured-latest-news-pennsylvania-jail-escape,article,,../data/disaster_news/articles/2023_09_13_gardian_41.txt
2023-09-20T11:10:43Z,An impeachment-and-shutdown show will fuel the crisis in US democracy,https://www.theguardian.com/us-news/2023/sep/20/biden-impeachment-inquiry-government-shutdown-republicans,article,,../data/disaster_news/articles/2023_09_20_gardian_42.txt
2023-09-02T11:00:02Z,‘I didn’t get any help’: Maui residents struggle despite Biden’s vow of aid,https://www.theguardian.com/us-news/2023/sep/02/hawaii-fires-aid-fema-biden-maui-lahaina,article,,../data/disaster_news/articles/2023_09_02_gardian_43.txt
2023-09-23T14:00:30Z,The last stop: what happens when a US city’s subway starts to die?,https://www.theguardian.com/us-news/2023/sep/23/san-francisco-bart-public-transportation-financial-trouble,article,,../data/disaster_news/articles/2023_09_23_gardian_44.txt
2023-09-15T09:40:52Z,First Thing: ‘Defining moment’ as auto workers strike after talks fail with car giants,https://www.theguardian.com/us-news/2023/sep/15/first-thing-defining-moment-as-auto-workers-strike-after-talks-fail-with-car-giants,article,,../data/disaster_news/articles/2023_09_15_gardian_45.txt
