webPublicationDate,webTitle,webUrl,type,disaster_type,path
2023-05-15T20:25:52Z,Punishing heatwave grips Pacific north-west as wildfires rage in western Canada,https://www.theguardian.com/us-news/2023/may/15/heatwave-pacific-north-west-canada-wildfires,article,heatwave,../data/disaster_news/articles/2023_05_15_gardian_0.txt
2023-05-01T12:30:46Z,Virginia Beach declares state of emergency after tornado,https://www.theguardian.com/us-news/2023/may/01/virginia-beach-tornado-state-of-emergency,article,tornado,../data/disaster_news/articles/2023_05_01_gardian_1.txt
2023-05-13T16:18:38Z,Unusual early heatwave set to sweep Pacific north-west of US,https://www.theguardian.com/us-news/2023/may/13/early-heatwave-pacific-northwest,article,heatwave,../data/disaster_news/articles/2023_05_13_gardian_2.txt
2023-05-08T10:00:03Z,‘They’re sacrificing us’: a California town feels ignored months after flood,https://www.theguardian.com/us-news/2023/may/08/flood-ravaged-residents-ignored-planada-california,article,flood,../data/disaster_news/articles/2023_05_08_gardian_3.txt
2023-05-26T19:58:08Z,US sailor’s death stemmed from ‘near perfect storm’ of Seal training failures,https://www.theguardian.com/us-news/2023/may/26/sailor-death-navy-seal-hell-week,article,storm,../data/disaster_news/articles/2023_05_26_gardian_4.txt
2023-05-27T15:18:40Z,Insurance giant halts sale of new home policies in California due to wildfires,https://www.theguardian.com/us-news/2023/may/27/state-farm-home-insurance-california-wildfires,article,wildfire,../data/disaster_news/articles/2023_05_27_gardian_5.txt
2023-05-02T12:49:01Z,At least six people killed in highway pile-up in Illinois during dust storm,https://www.theguardian.com/us-news/2023/may/01/illinois-dust-storm-crashes,article,storm,../data/disaster_news/articles/2023_05_02_gardian_6.txt
2023-05-27T10:00:04Z,No cellphone? No problem! The vintage radio enthusiasts prepping for disaster,https://www.theguardian.com/us-news/2023/may/27/ham-radio-emergency-natural-disaster-climate-crisis,article,,../data/disaster_news/articles/2023_05_27_gardian_7.txt
2023-05-12T05:00:47Z,Satellite images show California’s ‘ghost lake’ reappearing after sodden winter,https://www.theguardian.com/us-news/2023/may/12/california-ghost-lake-nasa-images,article,,../data/disaster_news/articles/2023_05_12_gardian_8.txt
2023-05-22T15:15:09Z,US states agree breakthrough deal to prevent Colorado River from drying up,https://www.theguardian.com/us-news/2023/may/22/colorado-river-states-california-arizona-nevada,article,,../data/disaster_news/articles/2023_05_22_gardian_9.txt
2023-05-17T15:16:01Z,‘You wear Walmart khakis’: US cyclist who taunted fascist group wins plaudits,https://www.theguardian.com/us-news/2023/may/17/cyclist-washington-fascist-group-patriot-front,article,,../data/disaster_news/articles/2023_05_17_gardian_10.txt
2023-05-16T09:52:50Z,FBI accused of failures but report finds no deep-state plot against Trump | First Thing,https://www.theguardian.com/us-news/2023/may/16/first-thing-fbi-accused-of-failures-but-report-finds-no-deep-state-plot-against-trump,article,,../data/disaster_news/articles/2023_05_16_gardian_11.txt
2023-05-05T10:00:21Z,"Focus organizing drives on workers without college degrees, US unions told ",https://www.theguardian.com/us-news/2023/may/05/focus-labor-drives-on-workers-without-college-degrees-us-unions-told,article,,../data/disaster_news/articles/2023_05_05_gardian_12.txt
2023-05-19T08:30:23Z,"New York City is sinking due to weight of its skyscrapers, new research finds",https://www.theguardian.com/us-news/2023/may/19/new-york-city-sinking-skyscrapers-climate-crisis,article,,../data/disaster_news/articles/2023_05_19_gardian_13.txt
2023-05-15T21:27:18Z,FBI accused of failures but key report finds no deep-state plot against Trump,https://www.theguardian.com/us-news/2023/may/15/fbi-durham-report-trump-russia-investigation,article,,../data/disaster_news/articles/2023_05_15_gardian_14.txt
2023-05-22T08:59:13Z,US debt ceiling talks ‘productive’ as Biden and McCarthy to meet | First Thing,https://www.theguardian.com/us-news/2023/may/22/first-thing-us-debt-ceiling-talks-productive-as-biden-and-mccarthy-to-meet,article,,../data/disaster_news/articles/2023_05_22_gardian_15.txt
2023-05-15T13:03:36Z,Philadelphia Inquirer severely disrupted by cyber-attack,https://www.theguardian.com/us-news/2023/may/15/philadelphia-inquirer-cyber-attack,article,,../data/disaster_news/articles/2023_05_15_gardian_16.txt
2023-05-28T10:00:29Z, DeSantis accused of ‘catastrophic’ climate approach after campaign launch,https://www.theguardian.com/us-news/2023/may/28/ron-desantis-climate-crisis-campaign,article,,../data/disaster_news/articles/2023_05_28_gardian_17.txt
2023-05-03T13:51:34Z,DeSantis accused of favoring insurance-industry donors at residents’ expense,https://www.theguardian.com/us-news/2023/may/03/ron-desantis-insurance-industry-donors-florida-governor,article,,../data/disaster_news/articles/2023_05_03_gardian_18.txt
2023-05-23T10:52:41Z,"Historic Colorado River deal not enough to stave off long-term crisis, experts say",https://www.theguardian.com/environment/2023/may/23/colorado-river-water-usage-deal-analysis,article,,../data/disaster_news/articles/2023_05_23_gardian_19.txt
2023-05-15T18:54:30Z,‘America is broken’: FBI criticized for mass-shooting survival video,https://www.theguardian.com/us-news/2023/may/15/fbi-mass-shooting-survival-video,article,,../data/disaster_news/articles/2023_05_15_gardian_20.txt
2023-05-12T11:16:20Z,Strict new rules come into force at US-Mexico border as Title 42 expires | First Thing,https://www.theguardian.com/us-news/2023/may/12/first-thing-strict-new-rules-come-into-force-at-us-mexico-border-as-title-42-expires,article,,../data/disaster_news/articles/2023_05_12_gardian_21.txt
2023-05-05T10:00:19Z,"Once a refuge, Oakland homeless camp is dismantled: ‘My world was ripped to pieces’",https://www.theguardian.com/us-news/2023/may/05/once-a-refuge-oakland-homeless-camp-is-dismantled-my-world-was-ripped-to-pieces,article,,../data/disaster_news/articles/2023_05_05_gardian_22.txt
2023-05-31T18:52:14Z,West Virginia governor Justice suggests coal empire lawsuit is political attack,https://www.theguardian.com/us-news/2023/may/31/west-virginia-governor-jim-justice-lawsuit-coal-mining,article,,../data/disaster_news/articles/2023_05_31_gardian_23.txt
2023-05-24T19:34:46Z,Ron DeSantis: 10 things to know about the Republican White House hopeful,https://www.theguardian.com/us-news/2023/may/24/ron-desantis-republican-president-candidate-facts,article,,../data/disaster_news/articles/2023_05_24_gardian_24.txt
2023-05-05T21:00:43Z,Video of Trump confusing E Jean Carroll with ex-wife in deposition is released,https://www.theguardian.com/us-news/2023/may/05/donald-trump-e-jean-carroll-trial-video-deposition,article,,../data/disaster_news/articles/2023_05_05_gardian_25.txt
2023-05-04T05:00:46Z,"The dazzling, troubling history of California superbloom tourism",https://www.theguardian.com/us-news/2023/may/03/california-wildflower-superbloom-tourism-history,article,,../data/disaster_news/articles/2023_05_04_gardian_26.txt
2023-05-01T13:54:56Z,Texas shooting suspect still at large as father says family called 911 five times,https://www.theguardian.com/us-news/2023/may/01/texas-mass-shooting-suspect-cleveland-family-fbi,article,,../data/disaster_news/articles/2023_05_01_gardian_27.txt
2023-05-26T10:00:31Z,‘Stick over carrot’: progressive Portland takes a hard turn on homelessness,https://www.theguardian.com/us-news/2023/may/26/portland-oregon-homelessness-policy-change,article,,../data/disaster_news/articles/2023_05_26_gardian_28.txt
2023-05-03T10:00:12Z,"Media freedom in dire state in record number of countries, report finds | First Thing",https://www.theguardian.com/us-news/2023/may/03/first-thing-media-freedom-dire-state-record-number-countries,article,,../data/disaster_news/articles/2023_05_03_gardian_29.txt
2023-05-02T21:08:53Z,Bob Lee: how new details turned a tech-industry murder case upside down,https://www.theguardian.com/us-news/2023/may/02/bob-lee-tech-executive-murder-case-san-francisco,article,,../data/disaster_news/articles/2023_05_02_gardian_30.txt
2023-05-02T10:13:20Z,"20,000 Russian troops killed in eastern offensive failures, says US | First Thing",https://www.theguardian.com/us-news/2023/may/02/first-thing-100000-russian-troops-killed-or-injured-in-eastern-offensive-failures-says-us,article,,../data/disaster_news/articles/2023_05_02_gardian_31.txt
2023-05-23T10:38:40Z,Biden and McCarthy hold ‘productive’ debt talks but no deal reached | First Thing,https://www.theguardian.com/us-news/2023/may/23/first-thing-biden-and-mccarthy-hold-productive-debt-talks-but-no-deal-reached,article,,../data/disaster_news/articles/2023_05_23_gardian_32.txt
2023-05-13T10:00:20Z,The food court rising above San Francisco’s ‘doom loop’: ‘We’re breaking down stereotypes’,https://www.theguardian.com/us-news/2023/may/13/san-francisco-la-cocina-food-market-homelessness-addiction,article,,../data/disaster_news/articles/2023_05_13_gardian_33.txt
2023-05-30T10:40:36Z,White House pushes for support on debt ceiling deal | First Thing,https://www.theguardian.com/us-news/2023/may/30/first-thing-white-house-pushes-for-support-on-debt-ceiling-deal,article,,../data/disaster_news/articles/2023_05_30_gardian_34.txt
2023-05-27T10:00:04Z,DeSantis’s limp start to 2024 race delights Trump but battle is not over,https://www.theguardian.com/us-news/2023/may/27/desantis-trump-2024-campaigns,article,,../data/disaster_news/articles/2023_05_27_gardian_35.txt
2023-05-29T10:28:51Z,"First Thing: Biden hails debt ceiling deal, prepares Congress sell",https://www.theguardian.com/us-news/2023/may/29/first-thing-biden-hails-debt-ceiling-deal-prepares-congress-sell,article,,../data/disaster_news/articles/2023_05_29_gardian_36.txt
2023-05-05T10:07:31Z,First Thing: Final witness testifies in Trump civil rape trial,https://www.theguardian.com/us-news/2023/may/05/first-thing-final-witness-testifies-in-trump-civil-trial,article,,../data/disaster_news/articles/2023_05_05_gardian_37.txt
2023-05-12T10:00:53Z,The US city where ‘desert palaces’ are sprouting as affordable homes dwindle,https://www.theguardian.com/us-news/2023/may/12/us-city-desert-palaces-durham-housing-crisis,article,,../data/disaster_news/articles/2023_05_12_gardian_38.txt
2023-05-10T10:00:54Z,How finding a home in America became so absurdly expensive,https://www.theguardian.com/us-news/2023/may/10/us-housing-market-prices-increasing,article,,../data/disaster_news/articles/2023_05_10_gardian_39.txt
2023-05-16T09:00:06Z,"Noise, pollution, danger: how Amazon warehouses upended a sleepy New York neighborhood ",https://www.theguardian.com/us-news/2023/may/16/amazon-warehouse-traffic-noise-brooklyn-red-hook,article,,../data/disaster_news/articles/2023_05_16_gardian_40.txt
2023-05-11T10:00:24Z,‘It’s hell’: life under the American mobile home king who calls himself a ‘grave dancer’,https://www.theguardian.com/us-news/2023/may/11/sam-zell-mobile-home-king-evictions-hell,article,,../data/disaster_news/articles/2023_05_11_gardian_41.txt
