webPublicationDate,webTitle,webUrl,type,disaster_type,path
2023-03-31T13:17:38Z,"Spring storm from western US to bring blizzards, tornadoes and showers ",https://www.theguardian.com/us-news/2023/mar/31/us-weather-storm-great-lakes-texas,article,storm,../data/disaster_news/articles/2023_03_31_gardian_0.txt
2023-03-13T23:14:50Z,More ‘atmospheric river’ storms to sweep across California after days of rain and floods,https://www.theguardian.com/us-news/2023/mar/13/california-weather-atmospheric-river-flooding,article,storm,../data/disaster_news/articles/2023_03_13_gardian_1.txt
2023-03-03T21:21:18Z,Midwest and north-east US brace for powerful storm and possible tornadoes,https://www.theguardian.com/us-news/2023/mar/03/us-weather-latest-storms-midwest-north-east,article,storm,../data/disaster_news/articles/2023_03_03_gardian_2.txt
2023-03-18T10:00:07Z,Weather-beaten California eyes relief from ‘constant firehose’ of storms,https://www.theguardian.com/us-news/2023/mar/18/california-storm-relief-spring,article,storm,../data/disaster_news/articles/2023_03_18_gardian_3.txt
2023-03-15T22:02:16Z,Atmospheric rivers are inundating California – but what are they?,https://www.theguardian.com/us-news/2023/mar/15/what-are-atmospheric-rivers-explainer,article,,../data/disaster_news/articles/2023_03_15_gardian_4.txt
2023-03-27T18:37:34Z,"Mississippi tornado recovery will likely take years, officials say",https://www.theguardian.com/us-news/2023/mar/27/mississippi-tornado-damage-rolling-fork,article,tornado,../data/disaster_news/articles/2023_03_27_gardian_5.txt
2023-03-26T18:28:16Z,Two tigers briefly missing after Georgia zoo damaged by tornado ,https://www.theguardian.com/us-news/2023/mar/26/two-tigers-briefly-missing-after-georgia-zoo-damaged-by-tornado,article,tornado,../data/disaster_news/articles/2023_03_26_gardian_6.txt
2023-03-23T20:08:29Z,Los Angeles hit by strongest tornado in three decades: ‘It got very loud’,https://www.theguardian.com/us-news/2023/mar/23/los-angeles-hit-by-tornado,article,tornado,../data/disaster_news/articles/2023_03_23_gardian_7.txt
2023-03-22T01:39:50Z,One person killed and another injured in ‘remarkable’ California storm,https://www.theguardian.com/us-news/2023/mar/21/california-storms-atmospheric-rivers-spring,article,storm,../data/disaster_news/articles/2023_03_22_gardian_8.txt
2023-03-09T22:41:23Z,California declares state of emergency as subtropical storm moves over state,https://www.theguardian.com/us-news/2023/mar/09/california-emergency-storm-weather-flooding,article,storm,../data/disaster_news/articles/2023_03_09_gardian_9.txt
2023-03-08T20:50:58Z,Atmospheric river comes for California as experts warn it ‘could get really ugly’,https://www.theguardian.com/us-news/2023/mar/08/california-weather-atmospheric-river-flash-floods-snowstorm,article,,../data/disaster_news/articles/2023_03_08_gardian_10.txt
2023-03-10T11:00:50Z,"Megafires, drought and heat killing conifer seedlings in US west – study",https://www.theguardian.com/us-news/2023/mar/10/us-west-megafire-drought-heat-killing-conifer-seedling-study,article,drought,../data/disaster_news/articles/2023_03_10_gardian_11.txt
2023-03-16T18:32:43Z,California water restrictions eased as cliff sides crumble after storms,https://www.theguardian.com/us-news/2023/mar/16/california-atmospheric-river-drought-water-restrictions,article,storm,../data/disaster_news/articles/2023_03_16_gardian_12.txt
2023-03-20T20:14:38Z,Thousands evacuated as Californians brace for another storm,https://www.theguardian.com/us-news/2023/mar/20/california-grapples-aftermath-storms,article,storm,../data/disaster_news/articles/2023_03_20_gardian_13.txt
2023-03-27T10:00:44Z,They grow America’s strawberries. A vicious flood made them climate migrants,https://www.theguardian.com/us-news/2023/mar/27/california-farm-workers-pajaro-california-flooding,article,flood,../data/disaster_news/articles/2023_03_27_gardian_14.txt
2023-03-12T19:44:56Z,Another ‘atmospheric river’ threatens to hit California as state reels from storms,https://www.theguardian.com/us-news/2023/mar/12/california-suffers-power-losses-and-two-deaths-after-latest-storms,article,storm,../data/disaster_news/articles/2023_03_12_gardian_15.txt
2023-03-02T02:07:43Z,California pounded by snowfall as storms shutter national parks,https://www.theguardian.com/us-news/2023/mar/01/california-winter-storms-snow,article,storm,../data/disaster_news/articles/2023_03_02_gardian_16.txt
2023-03-29T16:56:35Z,"Powerful storm brings more wind, rain and snow to California",https://www.theguardian.com/us-news/2023/mar/29/powerful-storm-more-wind-rain-snow-california-damage,article,storm,../data/disaster_news/articles/2023_03_29_gardian_17.txt
2023-03-02T15:00:05Z,Not a breath of fresh air: study finds sewage bacteria in ocean spray,https://www.theguardian.com/us-news/2023/mar/02/sewage-bacteria-e-coli-ocean-spray,article,,../data/disaster_news/articles/2023_03_02_gardian_18.txt
2023-03-27T09:44:38Z,Pressure increases on Netanyahu over judiciary plans | First Thing,https://www.theguardian.com/us-news/2023/mar/27/first-thing-pressure-increases-on-netanyahu-over-israeli-judiciary-plans,article,,../data/disaster_news/articles/2023_03_27_gardian_19.txt
2023-03-29T13:44:24Z,Human remains revealed by shrinking Lake Mead identified half a century on,https://www.theguardian.com/us-news/2023/mar/29/lake-mead-human-remains-identified-las-vegas,article,,../data/disaster_news/articles/2023_03_29_gardian_20.txt
2023-03-11T11:00:18Z,‘Beautiful but terrible’: historic mountain towns buckle under weight of California snow,https://www.theguardian.com/us-news/2023/mar/11/california-mountain-towns-snowstorm-weather,article,,../data/disaster_news/articles/2023_03_11_gardian_21.txt
2023-03-10T06:00:43Z,‘We ferried 500 men out’: how an organizer foiled one of America’s biggest human trafficking operations,https://www.theguardian.com/us-news/2023/mar/10/the-great-escape-saket-soni-mississippi-human-trafficking-india,article,,../data/disaster_news/articles/2023_03_10_gardian_22.txt
2023-03-16T10:56:58Z,First Thing: Autopsy of ‘Cop City’ activist shot by police still incomplete,https://www.theguardian.com/us-news/2023/mar/16/first-thing-autopsy-of-cop-city-activist-shot-by-police-still-incomplete,article,,../data/disaster_news/articles/2023_03_16_gardian_23.txt
2023-03-03T11:28:10Z,First Thing: Alex Murdaugh found guilty of murder of wife and son,https://www.theguardian.com/us-news/2023/mar/03/first-thing-alex-murdaugh-found-guilty-of-murder-of-wife-and-son,article,,../data/disaster_news/articles/2023_03_03_gardian_24.txt
2023-03-31T23:47:17Z,Trump to appear in New York court on Tuesday to answer criminal charges,https://www.theguardian.com/us-news/2023/mar/31/trump-appear-court-new-york-tuesday-criminal-charges,article,,../data/disaster_news/articles/2023_03_31_gardian_25.txt
2023-03-02T23:16:32Z,Yosemite national park shut indefinitely after breaking 54-year daily snow record,https://www.theguardian.com/us-news/2023/mar/02/yosemite-national-park-shut-snowfall-california,article,,../data/disaster_news/articles/2023_03_02_gardian_26.txt
2023-03-17T10:24:10Z,Markets on alert after US banks join forces to rescue First Republic | First Thing,https://www.theguardian.com/us-news/2023/mar/17/first-thing-markets-on-alert-after-us-banks-join-forces-to-rescue-first-republic,article,,../data/disaster_news/articles/2023_03_17_gardian_27.txt
2023-03-25T10:00:46Z,Power move: Stacey Abrams’ next act is the electrification of the US,https://www.theguardian.com/us-news/2023/mar/25/stacey-abrams-interview-electric-power-green-energy,article,,../data/disaster_news/articles/2023_03_25_gardian_28.txt
2023-03-15T05:00:00Z,Lake Tahoe’s Emerald Bay completely freezes over for the first time in 30 years,https://www.theguardian.com/us-news/2023/mar/14/lake-tahoe-emerald-bay-freeze,article,,../data/disaster_news/articles/2023_03_15_gardian_29.txt
2023-03-02T19:57:09Z,"Trump not entitled to immunity from civil suits over Capitol attack, says DoJ",https://www.theguardian.com/us-news/2023/mar/02/trump-immunity-capitol-attack-justice-department,article,,../data/disaster_news/articles/2023_03_02_gardian_30.txt
2023-03-23T10:50:32Z,"Situation at Zaporizhzhia plant ‘perilous’, UN warns | First Thing",https://www.theguardian.com/us-news/2023/mar/23/first-thing-situation-at-zaporizhzhia-plant-perilous-un-warns,article,,../data/disaster_news/articles/2023_03_23_gardian_31.txt
2023-03-09T11:05:19Z,New Utah oil railroad by Colorado River raises health and climate fears,https://www.theguardian.com/us-news/2023/mar/09/utah-oil-railroad-uinta-railway-developers-tax-breaks,article,,../data/disaster_news/articles/2023_03_09_gardian_32.txt
2023-03-15T05:09:12Z,Joe Biden unveils executive order to crack down on law-breaking gun sellers,https://www.theguardian.com/us-news/2023/mar/14/joe-biden-executive-order-gun-safety-universal-background-checks,article,,../data/disaster_news/articles/2023_03_15_gardian_33.txt
2023-03-07T09:45:32Z,Biden administration urged to block extremist Israeli minister’s visit,https://www.theguardian.com/us-news/2023/mar/07/israel-finance-minister-visit-biden-pressure-block-bezalel-smotrich,article,,../data/disaster_news/articles/2023_03_07_gardian_34.txt
2023-03-21T12:01:40Z,Missouri to limit gender-affirming care for minors | First Thing,https://www.theguardian.com/us-news/2023/mar/21/first-thing-missouri-limit-gender-affirming-care-for-minors,article,,../data/disaster_news/articles/2023_03_21_gardian_35.txt
2023-03-21T10:00:11Z,"Sneezing in March? Why allergies feel worse than ever, and what you can do",https://www.theguardian.com/us-news/2023/mar/21/seasonal-allergies-early-arrival-explainer-climate-change,article,,../data/disaster_news/articles/2023_03_21_gardian_36.txt
2023-03-19T07:00:34Z,Shroom boom: the hunt is on as California rains fuel a mushroom explosion,https://www.theguardian.com/us-news/2023/mar/19/california-mushroom-foraging-shroom-boom-fungus,article,,../data/disaster_news/articles/2023_03_19_gardian_37.txt
2023-03-30T22:46:51Z,"Who is Stormy Daniels, the adult film star who got Trump indicted?",https://www.theguardian.com/us-news/2023/mar/30/who-is-stormy-daniels-2016-hush-money,article,,../data/disaster_news/articles/2023_03_30_gardian_38.txt
2023-03-20T08:30:03Z,‘They keep coming back’: a Black community in Arizona battles power expansion plans again,https://www.theguardian.com/us-news/2023/mar/20/they-keep-coming-back-a-black-town-in-arizona-battles-power-expansion-plans-again,article,,../data/disaster_news/articles/2023_03_20_gardian_39.txt
2023-03-20T06:00:02Z,Trump’s legal woes pick up speed as Republican 2024 race heats up,https://www.theguardian.com/us-news/2023/mar/20/trump-legal-issues-criminal-investigations-new-york-georgia,article,,../data/disaster_news/articles/2023_03_20_gardian_40.txt
2023-03-31T10:00:21Z,"The $37m question: why do US states elect judges in expensive, partisan elections?",https://www.theguardian.com/us-news/2023/mar/31/wisconsin-supreme-court-election-explainer,article,,../data/disaster_news/articles/2023_03_31_gardian_41.txt
2023-03-08T11:14:21Z,First Thing: Five women denied abortion care in Texas sue state over bans,https://www.theguardian.com/us-news/2023/mar/08/first-thing-five-women-denied-abortion-care-in-texas-sue-state-over-bans,article,,../data/disaster_news/articles/2023_03_08_gardian_42.txt
2023-03-28T10:36:18Z,Nashville school shooter carefully plotted attack that killed six | First Thing,https://www.theguardian.com/us-news/2023/mar/28/first-thing-nashville-school-shooter-carefully-plotted-attack-that-killed-six,article,,../data/disaster_news/articles/2023_03_28_gardian_43.txt
2023-03-07T11:24:57Z,"China and US headed towards conflict, China’s foreign minister says | First Thing",https://www.theguardian.com/us-news/2023/mar/07/first-thing-china-and-us-headed-towards-conflict-chinas-foreign-minister-says,article,,../data/disaster_news/articles/2023_03_07_gardian_44.txt
2023-03-16T05:01:18Z,‘We’re on our own’: the rural US town where police refuse calls,https://www.theguardian.com/us-news/2023/mar/16/rancho-tehama-reserve-california-police-patrols,article,,../data/disaster_news/articles/2023_03_16_gardian_45.txt
