webPublicationDate,webTitle,webUrl,type,title_tokens,path
2019-02-27T21:07:58Z,Giant 'Glory Hole' sucks in rainwater as storms swell California lake,https://www.theguardian.com/us-news/2019/feb/27/california-glory-hole-lake-berryessa-rain-storm-flood-overspill,article,"['giant', ""'glory"", 'hole', ""'"", 'suck', 'rainwater', 'storm', 'swell', 'california', 'lake']",data/news/2019_02_27_0.txt
2019-03-23T01:25:54Z,US disaster agency exposed private data of 2.3m hurricane and wildfire survivors,https://www.theguardian.com/us-news/2019/mar/22/fema-mishandled-data-hurricane-wildfire-survivors-report,article,"['u', 'disaster', 'agency', 'expose', 'private', 'data', '2.3m', 'hurricane', 'wildfire', 'survivor']",data/news/2019_03_23_1.txt
2019-04-26T09:51:55Z,"US briefing: Joe Biden, mass escape in Mexico and Mozambique storm",https://www.theguardian.com/us-news/2019/apr/26/us-briefing-joe-biden-mass-escape-in-mexico-and-mozambique-storm,article,"['u', 'brief', ':', 'joe', 'biden', ',', 'mass', 'escape', 'mexico', 'mozambique', 'storm']",data/news/2019_04_26_2.txt
2019-05-23T06:00:33Z,'Forgotten coast': a Florida town fights to rebuild after Hurricane Michael,https://www.theguardian.com/us-news/2019/may/23/mexico-beach-hurricane-michael-florida-recovery,article,"[""'forgotten"", 'coast', ""'"", ':', 'florida', 'town', 'fight', 'rebuild', 'hurricane', 'michael']",data/news/2019_05_23_3.txt
2019-07-12T07:39:42Z,Storm Barry: New Orleans residents brace for possible hurricane,https://www.theguardian.com/us-news/2019/jul/11/new-orleans-residents-hurricane-storm-barry,article,"['storm', 'barry', ':', 'new', 'orleans', 'resident', 'brace', 'possible', 'hurricane']",data/news/2019_07_12_4.txt
2019-07-12T10:44:18Z,"US briefing: 2020 census, New Orleans storm and Gulf crisis",https://www.theguardian.com/us-news/2019/jul/12/us-briefing-2020-census-new-orleans-storm-and-gulf-crisis,article,"['u', 'brief', ':', '2020', 'census', ',', 'new', 'orleans', 'storm', 'gulf', 'crisis']",data/news/2019_07_12_5.txt
2019-07-11T09:40:03Z,"US briefing: Acosta, Louisiana storm and migrant mother testifies",https://www.theguardian.com/us-news/2019/jul/11/us-briefing-acosta-louisiana-storm-and-migrant-mother-testifies,article,"['u', 'brief', ':', 'acosta', ',', 'louisiana', 'storm', 'migrant', 'mother', 'testify']",data/news/2019_07_11_6.txt
2019-07-12T14:54:37Z,New Orleans prepares for Tropical Storm Barry as it approaches shore,https://www.theguardian.com/us-news/2019/jul/12/new-orleans-barry-storm-hurricane-latest-weather-news-updates,article,"['new', 'orleans', 'prepare', 'tropical', 'storm', 'barry', 'approach', 'shore']",data/news/2019_07_12_7.txt
2019-07-13T21:37:56Z,'Do not drop your guard': Tropical Storm Barry threatens heavy rain after landfall,https://www.theguardian.com/us-news/2019/jul/13/louisiana-in-state-of-emergency-bracing-for-tropical-storm-barry,article,"[""'do"", 'not', 'drop', 'guard', ""'"", ':', 'tropical', 'storm', 'barry', 'threaten', 'heavy', 'rain', 'landfall']",data/news/2019_07_13_8.txt
2019-08-26T11:04:36Z,Trump suggests 'nuking hurricanes' to stop them hitting America – report,https://www.theguardian.com/us-news/2019/aug/26/donald-trump-suggests-nuking-hurricanes-to-stop-them-hitting-america-report,article,"['trump', 'suggest', ""'nuking"", 'hurricane', ""'"", 'stop', 'hit', 'america', '–', 'report']",data/news/2019_08_26_9.txt
2019-08-30T10:17:22Z,"US briefing: Hurricane Dorian, Hong Kong arrests and James Comey",https://www.theguardian.com/us-news/2019/aug/30/us-briefing-hurricane-dorian-hong-kong-arrests-and-james-comey,article,"['u', 'brief', ':', 'hurricane', 'dorian', ',', 'hong', 'kong', 'arrest', 'jam', 'comey']",data/news/2019_08_30_10.txt
2019-08-30T20:11:38Z,The historic hurricanes that made landfall on Florida’s east coast,https://www.theguardian.com/us-news/2019/aug/30/hurricane-dorian-florida-east-coast-landfall-storms,article,"['historic', 'hurricane', 'make', 'landfall', 'florida', '’', 'east', 'coast']",data/news/2019_08_30_11.txt
2019-08-31T09:59:07Z,Hurricane Dorian strengthens to category 4 as Florida braces for landfall,https://www.theguardian.com/us-news/2019/aug/30/hurricane-dorian-florida-latest-strength-path,article,"['hurricane', 'dorian', 'strengthen', 'category', '4', 'florida', 'brace', 'landfall']",data/news/2019_08_31_12.txt
2019-09-05T10:03:29Z,"US briefing: Hurricane death toll rises, Johnson cornered and Democrat debate",https://www.theguardian.com/us-news/2019/sep/05/us-briefing-hurricane-death-toll-rises-johnson-cornered-and-democrat-debate,article,"['u', 'brief', ':', 'hurricane', 'death', 'toll', 'rise', ',', 'johnson', 'corner', 'democrat', 'debate']",data/news/2019_09_05_13.txt
2019-09-02T01:45:19Z,Donald Trump wrongly says Hurricane Dorian will hit Alabama,https://www.theguardian.com/us-news/2019/sep/02/donald-trump-wrongly-says-hurricane-dorian-will-hit-alabama,article,"['donald', 'trump', 'wrongly', 'say', 'hurricane', 'dorian', 'hit', 'alabama']",data/news/2019_09_02_14.txt
2019-09-04T10:16:59Z,"US briefing: Bahamas storm tragedy, Brexit drama and Hong Kong",https://www.theguardian.com/us-news/2019/sep/04/us-briefing-bahamas-storm-tragedy-brexit-drama-hong-kong,article,"['u', 'brief', ':', 'bahamas', 'storm', 'tragedy', ',', 'brexit', 'drama', 'hong', 'kong']",data/news/2019_09_04_15.txt
2019-09-03T15:25:12Z,Trump attacks London mayor for criticizing inaction on Hurricane Dorian,https://www.theguardian.com/us-news/2019/sep/03/trump-calls-london-mayor-sadiq-khan-incompetent-following-hurricane-remark,article,"['trump', 'attack', 'london', 'mayor', 'criticize', 'inaction', 'hurricane', 'dorian']",data/news/2019_09_03_16.txt
2019-09-01T15:21:41Z,Floridians not fazed as Hurricane Dorian’s path keeps state guessing,https://www.theguardian.com/us-news/2019/sep/01/florida-hurricane-dorian-preparation,article,"['floridian', 'not', 'faze', 'hurricane', 'dorian', '’', 'path', 'keep', 'state', 'guess']",data/news/2019_09_01_17.txt
2019-09-21T05:00:26Z,Crossfire Hurricane review: tale of Trump and the FBI is a gas gas gas,https://www.theguardian.com/us-news/2019/sep/21/crossfire-hurricane-review-josh-campbell-trump-fbi,article,"['crossfire', 'hurricane', 'review', ':', 'tale', 'trump', 'fbi', 'gas', 'gas', 'gas']",data/news/2019_09_21_18.txt
2019-09-28T13:30:43Z,Bill Clinton and Jeb Bush seek refuge from Trump impeachment storm,https://www.theguardian.com/us-news/2019/sep/28/bill-clinton-jeb-bush-bipartisan-trump-impeachment,article,"['bill', 'clinton', 'jeb', 'bush', 'seek', 'refuge', 'trump', 'impeachment', 'storm']",data/news/2019_09_28_19.txt
2019-10-14T15:30:44Z,Fiona Hill: British-born Russia expert drawn into impeachment storm,https://www.theguardian.com/us-news/2019/oct/14/fiona-hill-russia-trump-impeachment-inquiry-ukraine,article,"['fiona', 'hill', ':', 'british-born', 'russia', 'expert', 'draw', 'impeachment', 'storm']",data/news/2019_10_14_20.txt
2019-11-29T15:56:00Z,Parts of US brace for heavy snow as storm system to bring 'weather hazards',https://www.theguardian.com/us-news/2019/nov/29/thanksgiving-weekend-weather-snow-wind-tornaoes,article,"['part', 'u', 'brace', 'heavy', 'snow', 'storm', 'system', 'bring', ""'weather"", 'hazard', ""'""]",data/news/2019_11_29_21.txt
2019-11-27T20:26:51Z,'Bomb cyclone' storm expected to upend Thanksgiving travel,https://www.theguardian.com/us-news/2019/nov/27/bomb-cyclone-latest-weather-report-thanksgiving-travel,article,"[""'bomb"", 'cyclone', ""'"", 'storm', 'expect', 'upend', 'thanksgiving', 'travel']",data/news/2019_11_27_22.txt
2019-12-01T07:00:03Z,"Legal storm clouds gather over Rudy Giuliani, America's tarnished mayor",https://www.theguardian.com/us-news/2019/dec/01/rudy-giuliani-trump-ukraine-legal-jeopardy,article,"['legal', 'storm', 'cloud', 'gather', 'rudy', 'giuliani', ',', 'america', ""'s"", 'tarnish', 'mayor']",data/news/2019_12_01_23.txt
2020-01-22T11:00:23Z,'A perfect storm': US census imperiled by Trump rhetoric and growing distrust,https://www.theguardian.com/us-news/2020/jan/22/us-census-trump-rhetoric-distrust-undercount,article,"[""'"", 'perfect', 'storm', ""'"", ':', 'u', 'census', 'imperil', 'trump', 'rhetoric', 'grow', 'distrust']",data/news/2020_01_22_24.txt
2020-03-10T10:00:29Z,'Remember us': could Trump lose Florida because of hurricane refugees?,https://www.theguardian.com/us-news/2020/mar/10/donald-trump-lose-florida-hurricane-maria-refugees-us-elections-2020,article,"[""'remember"", 'u', ""'"", ':', 'could', 'trump', 'lose', 'florida', 'hurricane', 'refugee', '?']",data/news/2020_03_10_25.txt
2020-04-12T06:00:36Z,'A perfect storm': poverty and race add to Covid-19 toll in US deep south,https://www.theguardian.com/us-news/2020/apr/12/coronavirus-us-deep-south-poverty-race-perfect-storm,article,"[""'"", 'perfect', 'storm', ""'"", ':', 'poverty', 'race', 'add', 'covid-19', 'toll', 'u', 'deep', 'south']",data/news/2020_04_12_26.txt
2020-04-12T23:31:14Z,Tornadoes and storms hit US south as six killed in Mississippi,https://www.theguardian.com/us-news/2020/apr/12/us-weather-tornado-louisiana-texas-mississippi-storms,article,"['tornado', 'storm', 'hit', 'u', 'south', 'six', 'kill', 'mississippi']",data/news/2020_04_12_27.txt
2020-05-25T07:10:53Z,‘We will simply disconnect’: Mike Pompeo and the Australian TV appearance that caused a diplomatic storm,https://www.theguardian.com/us-news/2020/may/25/we-will-simply-disconnect-mike-pompeo-and-the-australian-tv-appearance-that-caused-a-diplomatic-storm,article,"['‘', 'simply', 'disconnect', '’', ':', 'mike', 'pompeo', 'australian', 'tv', 'appearance', 'cause', 'diplomatic', 'storm']",data/news/2020_05_25_28.txt
2020-06-10T20:30:31Z,Tropical Storm Cristobal brings heavy rain and flooding to southern US,https://www.theguardian.com/us-news/2020/jun/10/tropical-storm-cristobal-brings-heavy-rain-and-flooding-to-southern-us,article,"['tropical', 'storm', 'cristobal', 'bring', 'heavy', 'rain', 'flood', 'southern', 'u']",data/news/2020_06_10_29.txt
2020-07-31T10:00:11Z,'You need to pay attention': virus-hit Texas readies for hurricane threat,https://www.theguardian.com/us-news/2020/jul/31/texas-coronavirus-pandemic-hurricane-covid-19,article,"[""'you"", 'need', 'pay', 'attention', ""'"", ':', 'virus-hit', 'texas', 'ready', 'hurricane', 'threat']",data/news/2020_07_31_30.txt
2020-08-26T16:21:10Z,Hurricane Laura: storm to bring 'unsurvivable surge' of destruction to US Gulf coast,https://www.theguardian.com/us-news/2020/aug/25/hurricane-laura-texas-louisiana-healthcare-workers-coronavirus,article,"['hurricane', 'laura', ':', 'storm', 'bring', ""'unsurvivable"", 'surge', ""'"", 'destruction', 'u', 'gulf', 'coast']",data/news/2020_08_26_31.txt
2020-08-26T23:43:02Z,Thousands flee US Gulf coastline as Hurricane Laura prompts fears of 20ft storm surge,https://www.theguardian.com/us-news/2020/aug/26/hurricane-laura-louisiana-texas-storm-surge-evacuation,article,"['thousand', 'flee', 'u', 'gulf', 'coastline', 'hurricane', 'laura', 'prompt', 'fear', '20ft', 'storm', 'surge']",data/news/2020_08_26_32.txt
2020-08-28T16:27:52Z,Hurricane Laura levels homes and causes deaths as one of US's strongest ever storms,https://www.theguardian.com/us-news/2020/aug/28/hurricane-laura-deaths-destruction-us-strongest-ever-storm,article,"['hurricane', 'laura', 'level', 'home', 'cause', 'death', 'one', 'u', ""'s"", 'strongest', 'ever', 'storm']",data/news/2020_08_28_33.txt
2020-08-27T15:08:36Z,Laura makes landfall: images show damage and destruction of powerful hurricane,https://www.theguardian.com/us-news/2020/aug/27/hurricane-laura-images-show-damage-destruction-powerful-storm,article,"['laura', 'make', 'landfall', ':', 'image', 'show', 'damage', 'destruction', 'powerful', 'hurricane']",data/news/2020_08_27_34.txt
2020-10-14T20:30:04Z,Record number of hurricanes make landfall in US in 2020,https://www.theguardian.com/us-news/2020/oct/14/record-number-hurricanes-make-landfall-united-states-2020,article,"['record', 'number', 'hurricane', 'make', 'landfall', 'u', '2020']",data/news/2020_10_14_35.txt
2020-10-08T23:01:50Z,Hurricane Delta: Louisiana braces for disaster for sixth time this year,https://www.theguardian.com/us-news/2020/oct/08/hurricane-delta-louisiana-winds-flooding,article,"['hurricane', 'delta', ':', 'louisiana', 'brace', 'disaster', 'sixth', 'time', 'year']",data/news/2020_10_08_36.txt
2020-11-11T18:43:11Z,Florida braced for Eta as new study finds hurricanes staying stronger for longer,https://www.theguardian.com/us-news/2020/nov/11/eta-storm-florida-hurricane-category-1-landfall,article,"['florida', 'brace', 'eta', 'new', 'study', 'find', 'hurricane', 'stay', 'stronger', 'longer']",data/news/2020_11_11_37.txt
2020-12-15T13:04:25Z,Major winter storm to bring deep snow and power outages to US east coast,https://www.theguardian.com/us-news/2020/dec/15/winter-storm-snow-power-outages-us-east-coast,article,"['major', 'winter', 'storm', 'bring', 'deep', 'snow', 'power', 'outage', 'u', 'east', 'coast']",data/news/2020_12_15_38.txt
2020-12-17T11:13:25Z,"Biden to get Covid vaccine in days, but mega storm threatens rollout | First Thing",https://www.theguardian.com/us-news/2020/dec/17/first-thing-joe-biden-get-covid-vaccine-days-winter-storm-rollout,article,"['biden', 'get', 'covid', 'vaccine', 'day', ',', 'mega', 'storm', 'threaten', 'rollout', '|', 'first', 'thing']",data/news/2020_12_17_39.txt
2021-01-07T13:03:18Z,America shaken after pro-Trump mob storms US Capitol building,https://www.theguardian.com/us-news/2021/jan/06/trump-mob-capitol-clash-police-washington,article,"['america', 'shake', 'pro-trump', 'mob', 'storm', 'u', 'capitol', 'build']",data/news/2021_01_07_40.txt
2021-01-07T02:15:11Z,'Anarchy in the USA': what the papers say about the storming of the US Capitol,https://www.theguardian.com/us-news/2021/jan/07/anarchy-in-the-usa-what-the-papers-say-about-the-storming-of-the-us-capitol,article,"[""'anarchy"", 'usa', ""'"", ':', 'paper', 'say', 'storm', 'u', 'capitol']",data/news/2021_01_07_41.txt
2021-01-31T18:10:35Z,‘That hurricane is coming’: expert warns US to brace for virulent Covid strain,https://www.theguardian.com/us-news/2021/jan/31/us-covid-uk-variant-strain-spread,article,"['‘', 'hurricane', 'come', '’', ':', 'expert', 'warn', 'u', 'brace', 'virulent', 'covid', 'strain']",data/news/2021_01_31_42.txt
2021-01-07T03:05:11Z,US Capitol stormed: what we know so far,https://www.theguardian.com/us-news/2021/jan/07/us-capitol-stormed-what-we-know-so-far,article,"['u', 'capitol', 'storm', ':', 'know', 'far']",data/news/2021_01_07_43.txt
2021-01-07T19:19:11Z,World leaders react with horror to 'disgraceful' storming of US Capitol,https://www.theguardian.com/us-news/2021/jan/06/trump-blows-up-us-democracy-the-world-watches-on-in-horror,article,"['world', 'leader', 'react', 'horror', ""'disgraceful"", ""'"", 'storm', 'u', 'capitol']",data/news/2021_01_07_44.txt
2021-01-07T18:52:27Z,Woman shot and killed in storming of US Capitol named as Ashli Babbitt,https://www.theguardian.com/us-news/2021/jan/07/ashli-babbitt-woman-shot-and-killed-in-storming-of-us-capitol-named,article,"['woman', 'shoot', 'kill', 'storm', 'u', 'capitol', 'name', 'ashli', 'babbitt']",data/news/2021_01_07_45.txt
2021-01-07T22:27:19Z,Congress certifies Joe Biden as next president hours after storming of Capitol,https://www.theguardian.com/us-news/2021/jan/06/congress-certify-election-biden-republicans-object,article,"['congress', 'certify', 'joe', 'biden', 'next', 'president', 'hour', 'storm', 'capitol']",data/news/2021_01_07_46.txt
2021-01-07T17:35:13Z,"Baked Alaska, the QAnon Shaman … who led the storming of the Capitol?",https://www.theguardian.com/us-news/2021/jan/07/baked-alaska-the-qanon-shaman-who-led-the-storming-of-the-capitol,article,"['bake', 'alaska', ',', 'qanon', 'shaman', '…', 'lead', 'storm', 'capitol', '?']",data/news/2021_01_07_47.txt
2021-01-14T02:24:47Z,Revealed: walkie-talkie app Zello hosted far-right groups who stormed Capitol,https://www.theguardian.com/us-news/2021/jan/13/zello-app-us-capitol-attack-far-right,article,"['reveal', ':', 'walkie-talkie', 'app', 'zello', 'host', 'far-right', 'group', 'storm', 'capitol']",data/news/2021_01_14_48.txt
2021-01-07T14:46:01Z,How a mob of Trump supporters stormed the Capitol – visual guide,https://www.theguardian.com/us-news/2021/jan/07/how-a-mob-of-trump-supporters-stormed-the-capitol-visual-guide,article,"['mob', 'trump', 'supporter', 'storm', 'capitol', '–', 'visual', 'guide']",data/news/2021_01_07_49.txt
2021-01-07T17:11:39Z,Group of pro-Trump rioters who stormed Capitol expected in court,https://www.theguardian.com/us-news/2021/jan/07/trump-rioters-stormed-capitol-court-charges,article,"['group', 'pro-trump', 'rioter', 'storm', 'capitol', 'expect', 'court']",data/news/2021_01_07_50.txt
2021-01-18T18:00:20Z,Texas woman who stormed Capitol says she was following Trump's orders,https://www.theguardian.com/us-news/2021/jan/18/texas-woman-capitol-attack-donald-trump,article,"['texas', 'woman', 'storm', 'capitol', 'say', 'follow', 'trump', ""'s"", 'order']",data/news/2021_01_18_51.txt
2021-02-17T06:50:57Z,US conservatives falsely blame renewables for Texas storm outages ,https://www.theguardian.com/us-news/2021/feb/17/conservatives-falsely-blame-renewables-for-texas-storm-outages,article,"['u', 'conservative', 'falsely', 'blame', 'renewables', 'texas', 'storm', 'outage']",data/news/2021_02_17_52.txt
2021-02-17T09:00:15Z,Winter storm amplifies power grid inequalities for disadvantaged Texans,https://www.theguardian.com/us-news/2021/feb/17/texas-winter-storm-power-outages,article,"['winter', 'storm', 'amplify', 'power', 'grid', 'inequality', 'disadvantage', 'texan']",data/news/2021_02_17_53.txt
2021-02-17T13:53:10Z,Kamala Harris promises federal relief for Texas victims of winter storms,https://www.theguardian.com/us-news/2021/feb/17/kamala-harris-covid-vaccine-all-americans-july,article,"['kamala', 'harris', 'promise', 'federal', 'relief', 'texas', 'victim', 'winter', 'storm']",data/news/2021_02_17_54.txt
2021-02-18T06:00:26Z,Weatherwatch: deadly winter storm sweeps Texas,https://www.theguardian.com/us-news/2021/feb/18/weatherwatch-deadly-winter-storm-sweeps-texas,article,"['weatherwatch', ':', 'deadly', 'winter', 'storm', 'sweep', 'texas']",data/news/2021_02_18_55.txt
2021-02-04T06:00:27Z,California hit by flooding after storm brings heavy rain,https://www.theguardian.com/us-news/2021/feb/04/california-hit-by-flooding-after-storm-brings-heavy-rain,article,"['california', 'hit', 'flood', 'storm', 'bring', 'heavy', 'rain']",data/news/2021_02_04_56.txt
2021-02-26T11:00:14Z,Texas facilities released 3.5m pounds of extra pollutants during winter storm,https://www.theguardian.com/us-news/2021/feb/26/texas-emissions-pollutants-winter-storm,article,"['texas', 'facility', 'release', '3.5m', 'pound', 'extra', 'pollutant', 'winter', 'storm']",data/news/2021_02_26_57.txt
2021-02-06T10:00:38Z,Seditionaries: FBI net closes on Maga mob that stormed the Capitol,https://www.theguardian.com/us-news/2021/feb/06/us-capitol-insurrection-fbi-investigation,article,"['seditionaries', ':', 'fbi', 'net', 'close', 'maga', 'mob', 'storm', 'capitol']",data/news/2021_02_06_58.txt
2021-03-03T17:53:38Z,Scramble on to replace Neera Tanden after nomination met perfect storm,https://www.theguardian.com/us-news/2021/mar/03/neera-tanden-analysis-biden-cabinet-nomination,article,"['scramble', 'replace', 'neera', 'tanden', 'nomination', 'meet', 'perfect', 'storm']",data/news/2021_03_03_59.txt
2021-03-09T08:00:50Z,Undocumented Texans are reeling from last month’s storm – and they’re cut off from federal aid,https://www.theguardian.com/us-news/2021/mar/09/texas-storm-undocumented-federal-aid,article,"['undocumented', 'texan', 'reel', 'last', 'month', '’', 'storm', '–', 'cut', 'federal', 'aid']",data/news/2021_03_09_60.txt
2021-03-04T07:00:39Z,‘There’s no excuse for this’: thousands in Mississippi city still without water weeks after storms,https://www.theguardian.com/environment/2021/mar/04/mississippi-city-without-water-weeks-after-storms,article,"['‘', 'excuse', '’', ':', 'thousand', 'mississippi', 'city', 'still', 'without', 'water', 'week', 'storm']",data/news/2021_03_04_61.txt
2021-04-18T09:00:05Z,She survived Hurricane Sandy. Then climate gentrification hit,https://www.theguardian.com/us-news/2021/apr/18/hurricane-sandy-new-york-far-rockaway-climate-gentrification-hit,article,"['survive', 'hurricane', 'sandy', '.', 'climate', 'gentrification', 'hit']",data/news/2021_04_18_62.txt
2021-05-29T19:07:43Z,Tennessee hat shop in storm over ‘not vaccinated’ Star of David badges,https://www.theguardian.com/us-news/2021/may/29/tennessee-hat-shop-not-vaccinated-badges-star-of-david,article,"['tennessee', 'hat', 'shop', 'storm', '‘', 'not', 'vaccinate', '’', 'star', 'david', 'badge']",data/news/2021_05_29_63.txt
2021-06-08T14:28:07Z,Legal storm clouds gather over Donald Trump’s future,https://www.theguardian.com/us-news/2021/jun/08/trump-legal-threat-investigations-courts,article,"['legal', 'storm', 'cloud', 'gather', 'donald', 'trump', '’', 'future']",data/news/2021_06_08_64.txt
2021-06-01T20:30:29Z,‘Our society is totally nuts’: Fauci emails lift lid on life in eye of the Covid storm,https://www.theguardian.com/us-news/2021/jun/01/anthony-fauci-emails-covid-coronavirus,article,"['‘', 'society', 'totally', 'nut', '’', ':', 'fauci', 'email', 'lift', 'lid', 'life', 'eye', 'covid', 'storm']",data/news/2021_06_01_65.txt
2021-07-09T15:28:05Z,New York City warned ‘climate change is here’ as storm floods streets and subway,https://www.theguardian.com/us-news/2021/jul/09/new-york-city-storm-flooding-climate-change,article,"['new', 'york', 'city', 'warn', '‘', 'climate', 'change', '’', 'storm', 'flood', 'street', 'subway']",data/news/2021_07_09_66.txt
2021-08-28T00:46:43Z,Hurricane Ida barrels down on Louisiana amid warnings of ‘life-altering storm’,https://www.theguardian.com/us-news/2021/aug/27/tropical-storm-ida-hurricane-warnings-gulf-coast-us-weather,article,"['hurricane', 'ida', 'barrel', 'louisiana', 'amid', 'warn', '‘', 'life-altering', 'storm', '’']",data/news/2021_08_28_67.txt
2021-08-30T10:20:43Z,"Hurricane Ida batters New Orleans, killing one | First Thing",https://www.theguardian.com/us-news/2021/aug/30/first-thing-hurricane-ida-batters-new-orleans-killing-one,article,"['hurricane', 'ida', 'batter', 'new', 'orleans', ',', 'kill', 'one', '|', 'first', 'thing']",data/news/2021_08_30_68.txt
2021-08-22T01:17:46Z,Hurricane Henri scuppers New York comeback concert,https://www.theguardian.com/us-news/2021/aug/21/new-york-city-concert-covid-cases-rise,article,"['hurricane', 'henri', 'scupper', 'new', 'york', 'comeback', 'concert']",data/news/2021_08_22_69.txt
2021-08-31T07:52:55Z,Hurricane Ida: more than 1m without power as New Orleans assesses damage,https://www.theguardian.com/us-news/2021/aug/30/hurricane-ida-latest-new-orleans-louisiana-power-outages-death-toll,article,"['hurricane', 'ida', ':', '1m', 'without', 'power', 'new', 'orleans', 'ass', 'damage']",data/news/2021_08_31_70.txt
2021-08-31T20:52:36Z,Louisiana governor tells Hurricane Ida evacuees it’s too soon to return,https://www.theguardian.com/us-news/2021/aug/31/hurricane-ida-louisiana-evacuees-do-not-return,article,"['louisiana', 'governor', 'tell', 'hurricane', 'ida', 'evacuee', 'soon', 'return']",data/news/2021_08_31_71.txt
2021-08-17T12:36:10Z,Tropical Storm Fred lashes Florida and spawns tornadoes in Georgia,https://www.theguardian.com/us-news/2021/aug/16/tropical-storm-fred-florida-panhandle-landfall,article,"['tropical', 'storm', 'fred', 'lash', 'florida', 'spawn', 'tornado', 'georgia']",data/news/2021_08_17_72.txt
2021-08-10T10:00:17Z," Heat, drought and fire: how climate dangers combine for a catastrophic ‘perfect storm’",https://www.theguardian.com/us-news/2021/aug/10/heat-drought-and-fire-how-climate-dangers-combine-for-a-catastrophic-perfect-storm,article,"['heat', ',', 'drought', 'fire', ':', 'climate', 'danger', 'combine', 'catastrophic', '‘', 'perfect', 'storm', '’']",data/news/2021_08_10_73.txt
2021-08-04T10:00:22Z,‘A perfect storm’: Hawaii firefighters confront Big Island’s largest wildfire in history,https://www.theguardian.com/us-news/2021/aug/04/hawaii-wildfire-big-island-climate-change-drought,article,"['‘', 'perfect', 'storm', '’', ':', 'hawaii', 'firefighter', 'confront', 'big', 'island', '’', 'largest', 'wildfire', 'history']",data/news/2021_08_04_74.txt
2021-08-22T09:00:31Z,"Hurricanes, floods, freezes: the Louisiana city battling Covid amid chaos",https://www.theguardian.com/us-news/2021/aug/22/lake-charles-louisiana-coronavirus-hurricane-damage,article,"['hurricane', ',', 'flood', ',', 'freeze', ':', 'louisiana', 'city', 'battle', 'covid', 'amid', 'chaos']",data/news/2021_08_22_75.txt
2021-08-22T13:55:41Z,The show did not go on: storm thwarts Central Park concert celebrating city’s Covid comeback,https://www.theguardian.com/us-news/2021/aug/22/central-park-concert-new-york-city-cut-short,article,"['show', 'not', 'go', ':', 'storm', 'thwart', 'central', 'park', 'concert', 'celebrate', 'city', '’', 'covid', 'comeback']",data/news/2021_08_22_76.txt
2021-09-01T07:20:16Z,Before and after Hurricane Ida – in pictures,https://www.theguardian.com/us-news/2021/sep/01/before-and-after-hurricane-ida-louisiana-in-pictures,article,"['hurricane', 'ida', '–', 'picture']",data/news/2021_09_01_77.txt
2021-09-03T11:53:18Z,"Remnants of Hurricane Ida hits north-east, killing more than 40 | First Thing",https://www.theguardian.com/us-news/2021/sep/03/first-thing-remnants-of-hurricane-ida-hits-north-eastern-us-killing-over-40,article,"['remnant', 'hurricane', 'ida', 'hit', 'north-east', ',', 'kill', '40', '|', 'first', 'thing']",data/news/2021_09_03_78.txt
2021-09-03T17:28:22Z,"‘Climate crisis is here’ says Biden in week of storms, floods and wildfires",https://www.theguardian.com/us-news/2021/sep/03/climate-crisis-joe-biden-floods-wildfires-storms,article,"['‘', 'climate', 'crisis', '’', 'say', 'biden', 'week', 'storm', ',', 'flood', 'wildfire']",data/news/2021_09_03_79.txt
2021-09-06T17:16:24Z,Biden to visit New York and New Jersey reeling from deadly storms,https://www.theguardian.com/us-news/2021/sep/06/biden-visit-new-york-new-jersey-hurricane-ida,article,"['biden', 'visit', 'new', 'york', 'new', 'jersey', 'reel', 'deadly', 'storm']",data/news/2021_09_06_80.txt
2021-09-06T10:00:17Z,‘I don’t have a choice’: Hurricane Ida leaves devastated Louisiana communities struggling with new reality,https://www.theguardian.com/us-news/2021/sep/06/i-dont-have-a-choice-hurricane-ida-leaves-devastated-louisiana-communities-struggling-with-new-reality,article,"['‘', 'not', 'choice', '’', ':', 'hurricane', 'ida', 'leave', 'devastate', 'louisiana', 'community', 'struggle', 'new', 'reality']",data/news/2021_09_06_81.txt
2021-09-09T06:00:51Z,He ‘put everything’ into his Louisiana home. Hurricane Ida destroyed it in one day,https://www.theguardian.com/us-news/2021/sep/09/hurricane-ida-louisiana-robert-taylor-home,article,"['‘', 'put', 'everything', '’', 'louisiana', 'home', '.', 'hurricane', 'ida', 'destroy', 'one', 'day']",data/news/2021_09_09_82.txt
2021-10-23T21:45:56Z,US west coast braces for ‘atmospheric river’ as huge storm brews,https://www.theguardian.com/us-news/2021/oct/23/california-storm-atmospheric-river-flooding,article,"['u', 'west', 'coast', 'brace', '‘', 'atmospheric', 'river', '’', 'huge', 'storm', 'brew']",data/news/2021_10_23_83.txt
2021-10-24T21:28:32Z,Powerful storm hits California amid warnings of ‘potentially historic rain’,https://www.theguardian.com/us-news/2021/oct/24/california-storm-atmospheric-river,article,"['powerful', 'storm', 'hit', 'california', 'amid', 'warn', '‘', 'potentially', 'historic', 'rain', '’']",data/news/2021_10_24_84.txt
2021-11-17T11:02:19Z,Fears death toll will rise as Pacific north-west storm wreaks havoc | First Thing,https://www.theguardian.com/us-news/2021/nov/17/first-thing-fears-death-toll-will-rise-after-pacific-north-west-storm,article,"['fear', 'death', 'toll', 'rise', 'pacific', 'north-west', 'storm', 'wreak', 'havoc', '|', 'first', 'thing']",data/news/2021_11_17_85.txt
2021-12-20T23:22:06Z,"Tornadoes and storms that hit US were a derecho, says National Weather Service",https://www.theguardian.com/us-news/2021/dec/20/us-tornadoes-storms-derecho-national-weather-service,article,"['tornado', 'storm', 'hit', 'u', 'derecho', ',', 'say', 'national', 'weather', 'service']",data/news/2021_12_20_86.txt
2021-12-16T18:48:46Z,‘Really abnormal’ storms and tornadoes tear through Great Plains and midwest,https://www.theguardian.com/us-news/2021/dec/16/great-plains-storms-tornadoes-tear-through-midwest,article,"['‘', 'really', 'abnormal', '’', 'storm', 'tornado', 'tear', 'great', 'plain', 'midwest']",data/news/2021_12_16_87.txt
2021-12-18T07:00:50Z,Mark Meadows was at the center of the storm on 6 January. But only Trump could call it off,https://www.theguardian.com/us-news/2021/dec/18/mark-meadows-center-6-january-donald-trump,article,"['mark', 'meadow', 'center', 'storm', '6', 'january', '.', 'trump', 'could', 'call']",data/news/2021_12_18_88.txt
2022-01-17T14:18:25Z," Winter storm brings snow, strong winds and thunderstorms to US north-east",https://www.theguardian.com/us-news/2022/jan/17/us-weather-storm-snow-thunderstorm-wind-north-east,article,"['winter', 'storm', 'bring', 'snow', ',', 'strong', 'wind', 'thunderstorm', 'u', 'north-east']",data/news/2022_01_17_89.txt
2022-01-07T17:01:32Z,Storm blankets US north-east in snow as millions face ‘disruptive’ winter weather,https://www.theguardian.com/us-news/2022/jan/07/us-weather-snow-north-east-new-york-new-jersey,article,"['storm', 'blanket', 'u', 'north-east', 'snow', 'million', 'face', '‘', 'disruptive', '’', 'winter', 'weather']",data/news/2022_01_07_90.txt
2022-02-05T19:56:43Z,"More than 150,000 US homes without power after big freeze follows storm",https://www.theguardian.com/us-news/2022/feb/05/us-homes-storm-power-freeze,article,"['150,000', 'u', 'home', 'without', 'power', 'big', 'freeze', 'follow', 'storm']",data/news/2022_02_05_91.txt
2022-02-04T07:00:22Z,"As Texas faces another winter storm, can it prevent a ‘failure on all fronts’?",https://www.theguardian.com/us-news/2022/feb/03/texas-snow-storm-climate-crisis-greg-abbott,article,"['texas', 'face', 'another', 'winter', 'storm', ',', 'prevent', '‘', 'failure', 'front', '’', '?']",data/news/2022_02_04_92.txt
2022-03-12T22:44:58Z,‘Bomb cyclone’ storm dumps snow across eastern US,https://www.theguardian.com/us-news/2022/mar/12/forecasters-warn-of-bomb-cyclone-expected-to-dump-snow-across-eastern-us,article,"['‘', 'bomb', 'cyclone', '’', 'storm', 'dump', 'snow', 'across', 'eastern', 'u']",data/news/2022_03_12_93.txt
2022-03-15T18:42:04Z,Proud Boys leader had plans to ‘storm’ government buildings on 6 January,https://www.theguardian.com/us-news/2022/mar/15/proud-boys-leader-enrique-tarrio-document-january-6,article,"['proud', 'boy', 'leader', 'plan', '‘', 'storm', '’', 'government', 'build', '6', 'january']",data/news/2022_03_15_94.txt
2022-04-20T22:23:46Z,Donald Trump appears to storm out of Piers Morgan TV interview in advert,https://www.theguardian.com/us-news/2022/apr/20/donald-trump-appears-to-storm-out-of-piers-morgan-tv-interview-in-advert,article,"['donald', 'trump', 'appear', 'storm', 'pier', 'morgan', 'tv', 'interview', 'advert']",data/news/2022_04_20_95.txt
2022-04-21T11:19:29Z,Donald Trump denies storming out of Piers Morgan interview,https://www.theguardian.com/us-news/2022/apr/21/donald-trump-denies-storming-out-piers-morgan-interview,article,"['donald', 'trump', 'deny', 'storm', 'pier', 'morgan', 'interview']",data/news/2022_04_21_96.txt
2022-05-10T21:40:38Z,"Trump inquired if China could make hurricanes to harm US, ex-officials say",https://www.theguardian.com/us-news/2022/may/10/donald-trump-china-hurricanes,article,"['trump', 'inquire', 'china', 'could', 'make', 'hurricane', 'harm', 'u', ',', 'ex-officials', 'say']",data/news/2022_05_10_97.txt
2022-06-16T20:07:33Z,Key US baby formula plant closes again as ‘torrential storms’ cause flooding,https://www.theguardian.com/us-news/2022/jun/16/us-baby-formula-plant-closes-again-flooding-abbott,article,"['key', 'u', 'baby', 'formula', 'plant', 'close', '‘', 'torrential', 'storm', '’', 'flood']",data/news/2022_06_16_98.txt
2022-06-13T19:47:12Z,Group of men storm Drag Queen Story Hour in California in possible hate crime,https://www.theguardian.com/us-news/2022/jun/13/drag-queen-event-stormed-men-believed-proud-boys-group-california,article,"['group', 'men', 'storm', 'drag', 'queen', 'story', 'hour', 'california', 'possible', 'hate', 'crime']",data/news/2022_06_13_99.txt
2022-09-25T20:38:50Z,Florida prepares for hurricane as tropical storm Ian grows over Caribbean,https://www.theguardian.com/us-news/2022/sep/24/florida-tropical-storm-ian-hurricane-possible,article,"['florida', 'prepare', 'hurricane', 'tropical', 'storm', 'ian', 'grow', 'caribbean']",data/news/2022_09_25_100.txt
2022-09-30T06:23:08Z,Hurricane Ian: ‘catastrophic’ damage in Florida as storm heads to South Carolina,https://www.theguardian.com/us-news/2022/sep/29/florida-rescue-crews-search-residents-trapped-hurricane-ian-floods,article,"['hurricane', 'ian', ':', '‘', 'catastrophic', '’', 'damage', 'florida', 'storm', 'head', 'south', 'carolina']",data/news/2022_09_30_101.txt
2022-09-28T12:17:59Z,Hurricane Ian upgraded to category 4 storm as it bears down on Florida,https://www.theguardian.com/us-news/2022/sep/27/hurricane-ian-florida-tampa-cuba,article,"['hurricane', 'ian', 'upgrade', 'category', '4', 'storm', 'bear', 'florida']",data/news/2022_09_28_102.txt
2022-09-29T07:44:29Z,Hurricane Ian: more than 2m without power as Florida hit with ‘catastrophic’ wind and rain,https://www.theguardian.com/us-news/2022/sep/28/hurricane-ian-millions-florida-path-deadly-cyclone,article,"['hurricane', 'ian', ':', '2m', 'without', 'power', 'florida', 'hit', '‘', 'catastrophic', '’', 'wind', 'rain']",data/news/2022_09_29_103.txt
2022-09-28T09:39:04Z,Cuba left without power as Hurricane Ian heads to Florida | First Thing,https://www.theguardian.com/us-news/2022/sep/28/hurricane-ian-cuba-power-florida-electricity-grid,article,"['cuba', 'leave', 'without', 'power', 'hurricane', 'ian', 'head', 'florida', '|', 'first', 'thing']",data/news/2022_09_28_104.txt
2022-09-27T20:59:37Z,"House January 6 committee postpones public hearing, citing Hurricane Ian",https://www.theguardian.com/us-news/2022/sep/27/jan-6-hearing-postponed-hurricane-ian,article,"['house', 'january', '6', 'committee', 'postpone', 'public', 'hear', ',', 'cite', 'hurricane', 'ian']",data/news/2022_09_27_105.txt
2022-09-30T16:01:00Z,Ron DeSantis changes with the wind as Hurricane Ian prompts flip-flop on aid,https://www.theguardian.com/us-news/2022/sep/30/ron-desantis-hurricane-ian-florida-sandy,article,"['ron', 'desantis', 'change', 'wind', 'hurricane', 'ian', 'prompt', 'flip-flop', 'aid']",data/news/2022_09_30_106.txt
2022-09-29T10:13:38Z,More than 2m without power as Florida hit by hurricane Ian | First Thing,https://www.theguardian.com/us-news/2022/sep/29/first-thing-more-than-2m-without-power-as-florida-hit-by-hurricane-ian,article,"['2m', 'without', 'power', 'florida', 'hit', 'hurricane', 'ian', '|', 'first', 'thing']",data/news/2022_09_29_107.txt
2022-09-29T12:00:35Z,How the climate crisis is driving stronger storms further inland,https://www.theguardian.com/us-news/2022/sep/29/climate-crisis-global-heating-storms-hurricane-ian-florida,article,"['climate', 'crisis', 'drive', 'stronger', 'storm', 'inland']",data/news/2022_09_29_108.txt
2022-09-28T17:58:20Z,‘We’re natural fighters’: Cubans brave sweeping power cuts in Hurricane Ian aftermath,https://www.theguardian.com/us-news/2022/sep/28/cuba-hurricane-ian-blackout-electricity,article,"['‘', 'natural', 'fighter', '’', ':', 'cuban', 'brave', 'sweep', 'power', 'cut', 'hurricane', 'ian', 'aftermath']",data/news/2022_09_28_109.txt
2022-09-30T09:49:32Z,'Catastrophic’ damage in Florida as storm heads to South Carolina | First Thing,https://www.theguardian.com/us-news/2022/sep/30/first-thing-catastrophic-damage-in-florida-as-hurricane-ian-heads-to-south-carolina,article,"[""'catastrophic"", '’', 'damage', 'florida', 'storm', 'head', 'south', 'carolina', '|', 'first', 'thing']",data/news/2022_09_30_110.txt
2022-09-29T00:46:05Z,Teams search for 20 people whose boat sank off Florida as Hurricane Ian loomed,https://www.theguardian.com/us-news/2022/sep/28/florida-boat-sinks-rescue-hurricane-ian,article,"['team', 'search', '20', 'people', 'whose', 'boat', 'sink', 'florida', 'hurricane', 'ian', 'loom']",data/news/2022_09_29_111.txt
2022-09-17T05:00:36Z,Severe storm headed for Alaska could bring devastating levels of flooding,https://www.theguardian.com/us-news/2022/sep/16/storm-alaska-typhoon-merbok-flooding,article,"['severe', 'storm', 'head', 'alaska', 'could', 'bring', 'devastate', 'level', 'flood']",data/news/2022_09_17_112.txt
2022-09-10T00:36:16Z,Tropical Storm Kay bears down on California with rain and 100mph winds ,https://www.theguardian.com/us-news/2022/sep/09/california-wildfires-fairview-fire-storm-flash-floods,article,"['tropical', 'storm', 'kay', 'bear', 'california', 'rain', '100mph', 'wind']",data/news/2022_09_10_113.txt
2022-10-02T16:25:18Z,Hurricane Ian: Americans urged to weigh risks of rebuilding in vulnerable areas,https://www.theguardian.com/us-news/2022/oct/02/hurricane-ian-risks-rebuilding-vulnerable-areas,article,"['hurricane', 'ian', ':', 'american', 'urge', 'weigh', 'risk', 'rebuild', 'vulnerable', 'area']",data/news/2022_10_02_114.txt
2022-10-05T20:43:04Z,"Hurricane Ian ‘ends discussion’ on climate crisis, Biden says on Florida visit",https://www.theguardian.com/us-news/2022/oct/05/biden-hurricane-ian-florida-ron-desantis,article,"['hurricane', 'ian', '‘', 'end', 'discussion', '’', 'climate', 'crisis', ',', 'biden', 'say', 'florida', 'visit']",data/news/2022_10_05_115.txt
2022-10-18T23:13:20Z,US will give $2m to Cuba in emergency relief funding for Hurricane Ian victims,https://www.theguardian.com/us-news/2022/oct/18/us-cuba-emergency-relief-funding-hurricane-ian-victims,article,"['u', 'give', '$', '2m', 'cuba', 'emergency', 'relief', 'fund', 'hurricane', 'ian', 'victim']",data/news/2022_10_18_116.txt
2022-10-01T20:06:33Z,Hurricane Ian: Florida and Carolinas comb wreckage to assess deadly toll,https://www.theguardian.com/us-news/2022/oct/01/hurricane-ian-south-carolina-florida-storm,article,"['hurricane', 'ian', ':', 'florida', 'carolina', 'comb', 'wreckage', 'ass', 'deadly', 'toll']",data/news/2022_10_01_117.txt
2022-10-06T18:24:54Z,Hurricane Ian: residents return to battered homes as death toll rises,https://www.theguardian.com/us-news/2022/oct/06/hurricane-ian-florida-ron-desantis-residents-return-sanibel-captiva-pine-island,article,"['hurricane', 'ian', ':', 'resident', 'return', 'batter', 'home', 'death', 'toll', 'rise']",data/news/2022_10_06_118.txt
2022-10-03T09:59:17Z,Hurricane Ian death tolls climbs amid criticism over response | First Thing ,https://www.theguardian.com/us-news/2022/oct/03/hurricane-ian-florida-death-toll-update,article,"['hurricane', 'ian', 'death', 'toll', 'climb', 'amid', 'criticism', 'response', '|', 'first', 'thing']",data/news/2022_10_03_119.txt
2022-10-05T16:55:44Z,Hurricane Ian: woman celebrating 40th birthday in Florida among victims,https://www.theguardian.com/us-news/2022/oct/05/hurricane-ian-woman-birthday-victim,article,"['hurricane', 'ian', ':', 'woman', 'celebrate', '40th', 'birthday', 'florida', 'among', 'victim']",data/news/2022_10_05_120.txt
2022-10-29T17:53:12Z,"New York still vulnerable 10 years after Hurricane Sandy, protesters warn",https://www.theguardian.com/us-news/2022/oct/29/new-york-hurricane-sandy-climate-protest,article,"['new', 'york', 'still', 'vulnerable', '10', 'year', 'hurricane', 'sandy', ',', 'protester', 'warn']",data/news/2022_10_29_121.txt
2022-10-07T06:00:50Z,Will Hurricane Ian force Ron DeSantis to confront climate reality?,https://www.theguardian.com/us-news/2022/oct/07/ron-desantis-hurricane-ian-florida,article,"['hurricane', 'ian', 'force', 'ron', 'desantis', 'confront', 'climate', 'reality', '?']",data/news/2022_10_07_122.txt
2022-10-01T01:20:17Z,Hurricane Ian moves into South Carolina after rampage in Florida,https://www.theguardian.com/us-news/2022/sep/30/hurricane-ian-south-carolina-charleston-florida-death-toll,article,"['hurricane', 'ian', 'move', 'south', 'carolina', 'rampage', 'florida']",data/news/2022_10_01_123.txt
2022-10-03T20:10:50Z,"Flooding, outages, confusion: Florida reels as Hurricane Ian death toll rises",https://www.theguardian.com/us-news/2022/oct/03/hurricane-ian-death-toll-florida,article,"['flood', ',', 'outage', ',', 'confusion', ':', 'florida', 'reel', 'hurricane', 'ian', 'death', 'toll', 'rise']",data/news/2022_10_03_124.txt
2022-10-05T07:00:03Z,Elderly bear brunt of Hurricane Ian as Sunshine state retirement turns sour,https://www.theguardian.com/us-news/2022/oct/05/hurricane-ian-elderly-seniors-florida,article,"['elderly', 'bear', 'brunt', 'hurricane', 'ian', 'sunshine', 'state', 'retirement', 'turn', 'sour']",data/news/2022_10_05_125.txt
2022-10-04T20:31:51Z,Hurricane Ian death toll rises as Biden prepares to tour worst-hit areas,https://www.theguardian.com/us-news/2022/oct/04/hurricane-ian-death-toll-florida-biden,article,"['hurricane', 'ian', 'death', 'toll', 'rise', 'biden', 'prepare', 'tour', 'worst-hit', 'area']",data/news/2022_10_04_126.txt
2022-10-31T20:04:54Z,AOC vows to champion LGBTQ+ rights after hecklers storm New York event,https://www.theguardian.com/us-news/2022/oct/24/aoc-lgbtq-rights-dancing-champion-aoc-has-got-to-go,article,"['aoc', 'vow', 'champion', 'lgbtq+', 'right', 'heckler', 'storm', 'new', 'york', 'event']",data/news/2022_10_31_127.txt
2022-11-09T22:57:56Z,Florida buckles down for direct hit from rare November hurricane,https://www.theguardian.com/us-news/2022/nov/09/storm-nicole-florida-rare-november-hurricane-warning,article,"['florida', 'buckle', 'direct', 'hit', 'rare', 'november', 'hurricane']",data/news/2022_11_09_128.txt
2022-11-09T13:22:29Z,Late-season hurricane expected to make landfall in eastern Florida ,https://www.theguardian.com/us-news/2022/nov/09/florida-hurricane-tropical-storm-nicole-landfall-latest,article,"['late-season', 'hurricane', 'expect', 'make', 'landfall', 'eastern', 'florida']",data/news/2022_11_09_129.txt
2022-12-28T17:00:38Z,Western US battles rain and flooding as ‘atmospheric river’ storm hits,https://www.theguardian.com/us-news/2022/dec/28/flooding-oregon-washington-california-pacific-northwest-storm-rain,article,"['western', 'u', 'battle', 'rain', 'flood', '‘', 'atmospheric', 'river', '’', 'storm', 'hit']",data/news/2022_12_28_130.txt
2022-12-15T11:01:01Z,"Blizzard warnings, tornadoes and two deaths as storm marches across US | First Thing",https://www.theguardian.com/us-news/2022/dec/15/first-thing-blizzard-warnings-tornadoes-and-two-deaths-as-storm-marches-across-us,article,"['blizzard', 'warn', ',', 'tornado', 'two', 'death', 'storm', 'march', 'across', 'u', '|', 'first', 'thing']",data/news/2022_12_15_131.txt
2022-12-23T11:00:03Z,‘A storm is coming’: migrants stuck on US-Mexico border as temperatures plummet,https://www.theguardian.com/us-news/2022/dec/23/us-mexico-border-el-paso-title-42,article,"['‘', 'storm', 'come', '’', ':', 'migrant', 'stick', 'us-mexico', 'border', 'temperature', 'plummet']",data/news/2022_12_23_132.txt
2022-12-26T22:12:43Z,At least 48 people dead in US winter storm as freezing conditions to continue,https://www.theguardian.com/us-news/2022/dec/26/us-storm-dozens-of-lives-lost-as-arctic-freeze-grips-nation,article,"['least', '48', 'people', 'dead', 'u', 'winter', 'storm', 'freeze', 'condition', 'continue']",data/news/2022_12_26_133.txt
2022-12-25T16:21:18Z,‘Life-threatening hazard’: 28 dead in Arctic storm battering US,https://www.theguardian.com/us-news/2022/dec/25/christmas-arctic-storm-buffalo-new-york,article,"['‘', 'life-threatening', 'hazard', '’', ':', '28', 'dead', 'arctic', 'storm', 'batter', 'u']",data/news/2022_12_25_134.txt
2022-12-21T01:10:39Z,‘Bomb cyclone’ storm could bring deadly winter weather to US,https://www.theguardian.com/us-news/2022/dec/20/us-weather-christmas-travel-severe-winter-storms,article,"['‘', 'bomb', 'cyclone', '’', 'storm', 'could', 'bring', 'deadly', 'winter', 'weather', 'u']",data/news/2022_12_21_135.txt
2022-12-18T16:30:42Z,Major winter storm expected to hit much of US before Christmas ,https://www.theguardian.com/us-news/2022/dec/18/us-major-winter-storm-expected-christmas,article,"['major', 'winter', 'storm', 'expect', 'hit', 'much', 'u', 'christmas']",data/news/2022_12_18_136.txt
2022-12-29T21:25:25Z,Human toll of deadly US storm grows in ‘blizzard of the century’,https://www.theguardian.com/us-news/2022/dec/29/blizzard-century-deadly-us-storm-buffalo,article,"['human', 'toll', 'deadly', 'u', 'storm', 'grow', '‘', 'blizzard', 'century', '’']",data/news/2022_12_29_137.txt
2022-12-24T20:27:06Z,Huge ‘bomb cyclone’ storm hits US with life-threatening cold as holidays begin,https://www.theguardian.com/us-news/2022/dec/24/huge-winter-storm-bomb-cyclone-us-life-threatening-cold-holidays,article,"['huge', '‘', 'bomb', 'cyclone', '’', 'storm', 'hit', 'u', 'life-threatening', 'cold', 'holiday', 'begin']",data/news/2022_12_24_138.txt
2022-12-21T17:56:31Z,Texans brace for freezing weather in hopes storm won’t be repeat of 2021,https://www.theguardian.com/us-news/2022/dec/21/texas-weather-winter-storm-freeze,article,"['texan', 'brace', 'freeze', 'weather', 'hop', 'storm', 'not', 'repeat', '2021']",data/news/2022_12_21_139.txt
2022-12-28T18:57:46Z,National guard check door-to-door in Buffalo after storm that killed 34,https://www.theguardian.com/us-news/2022/dec/28/buffalo-storm-national-guard-new-york,article,"['national', 'guard', 'check', 'door-to-door', 'buffalo', 'storm', 'kill', '34']",data/news/2022_12_28_140.txt
2022-12-28T01:21:02Z,New York winter storm death toll at 34 with more snow on the way,https://www.theguardian.com/us-news/2022/dec/27/new-york-snowstorm-death-toll-us-winter-storm-buffalo,article,"['new', 'york', 'winter', 'storm', 'death', 'toll', '34', 'snow', 'way']",data/news/2022_12_28_141.txt
2023-01-06T20:03:21Z,Back-to-back storms in California drop deluge of rain and snow with more ahead,https://www.theguardian.com/us-news/2023/jan/06/back-to-back-storms-drop-deluge-of-rain-and-snow-in-california-with-more-ahead,article,"['back-to-back', 'storm', 'california', 'drop', 'deluge', 'rain', 'snow', 'ahead']",data/news/2023_01_06_142.txt
2023-01-11T19:02:02Z,Q&A: will the California storms ease the state’s drought?,https://www.theguardian.com/us-news/2023/jan/11/california-storms-drought-explainer-will-it-help,article,"['q', '&', ':', 'california', 'storm', 'ease', 'state', '’', 'drought', '?']",data/news/2023_01_11_143.txt
2023-01-11T01:25:53Z,"Death toll in California storms hits 17 and ‘likely to grow’, says state’s governor",https://www.theguardian.com/us-news/2023/jan/10/california-storms-flooding-evacuations-latest,article,"['death', 'toll', 'california', 'storm', 'hit', '17', '‘', 'likely', 'grow', '’', ',', 'say', 'state', '’', 'governor']",data/news/2023_01_11_144.txt
2023-01-19T11:00:07Z,Saved by a rainy day? Californians ‘harvest’ water during historic storms,https://www.theguardian.com/us-news/2023/jan/19/california-water-harvesting-historic-storms-drought,article,"['save', 'rainy', 'day', '?', 'californian', '‘', 'harvest', '’', 'water', 'historic', 'storm']",data/news/2023_01_19_145.txt
2023-01-09T10:50:06Z,Lula vows to punish Bolsonaro supporters who stormed congress | First Thing,https://www.theguardian.com/us-news/2023/jan/09/first-thing-lula-vows-to-punish-bolsonaro-supporters-who-stormed-congress,article,"['lula', 'vow', 'punish', 'bolsonaro', 'supporter', 'storm', 'congress', '|', 'first', 'thing']",data/news/2023_01_09_146.txt
2023-02-27T17:31:23Z,"US battered by tornadoes, wind and snow as more storms expected",https://www.theguardian.com/us-news/2023/feb/27/us-winter-storms,article,"['u', 'batter', 'tornado', ',', 'wind', 'snow', 'storm', 'expect']",data/news/2023_02_27_147.txt
2023-02-23T11:00:04Z,‘Help us fight’: California farmers ask for more aid after deadly storms,https://www.theguardian.com/us-news/2023/feb/23/california-farm-workers-disaster-relief,article,"['‘', 'help', 'u', 'fight', '’', ':', 'california', 'farmer', 'ask', 'aid', 'deadly', 'storm']",data/news/2023_02_23_148.txt
2023-03-31T13:17:38Z,"Spring storm from western US to bring blizzards, tornadoes and showers ",https://www.theguardian.com/us-news/2023/mar/31/us-weather-storm-great-lakes-texas,article,"['spring', 'storm', 'western', 'u', 'bring', 'blizzard', ',', 'tornado', 'shower']",data/news/2023_03_31_149.txt
2023-03-03T21:21:18Z,Midwest and north-east US brace for powerful storm and possible tornadoes,https://www.theguardian.com/us-news/2023/mar/03/us-weather-latest-storms-midwest-north-east,article,"['midwest', 'north-east', 'u', 'brace', 'powerful', 'storm', 'possible', 'tornado']",data/news/2023_03_03_150.txt
2023-03-29T16:56:35Z,"Powerful storm brings more wind, rain and snow to California",https://www.theguardian.com/us-news/2023/mar/29/powerful-storm-more-wind-rain-snow-california-damage,article,"['powerful', 'storm', 'bring', 'wind', ',', 'rain', 'snow', 'california']",data/news/2023_03_29_151.txt
2023-03-22T01:39:50Z,One person killed and another injured in ‘remarkable’ California storm,https://www.theguardian.com/us-news/2023/mar/21/california-storms-atmospheric-rivers-spring,article,"['one', 'person', 'kill', 'another', 'injure', '‘', 'remarkable', '’', 'california', 'storm']",data/news/2023_03_22_152.txt
2023-03-02T02:07:43Z,California pounded by snowfall as storms shutter national parks,https://www.theguardian.com/us-news/2023/mar/01/california-winter-storms-snow,article,"['california', 'pound', 'snowfall', 'storm', 'shutter', 'national', 'park']",data/news/2023_03_02_153.txt
2023-03-09T22:41:23Z,California declares state of emergency as subtropical storm moves over state,https://www.theguardian.com/us-news/2023/mar/09/california-emergency-storm-weather-flooding,article,"['california', 'declare', 'state', 'emergency', 'subtropical', 'storm', 'move', 'state']",data/news/2023_03_09_154.txt
2023-03-16T18:32:43Z,California water restrictions eased as cliff sides crumble after storms,https://www.theguardian.com/us-news/2023/mar/16/california-atmospheric-river-drought-water-restrictions,article,"['california', 'water', 'restriction', 'ease', 'cliff', 'side', 'crumble', 'storm']",data/news/2023_03_16_155.txt
2023-03-12T19:44:56Z,Another ‘atmospheric river’ threatens to hit California as state reels from storms,https://www.theguardian.com/us-news/2023/mar/12/california-suffers-power-losses-and-two-deaths-after-latest-storms,article,"['another', '‘', 'atmospheric', 'river', '’', 'threaten', 'hit', 'california', 'state', 'reel', 'storm']",data/news/2023_03_12_156.txt
2023-04-02T04:24:43Z,Monster storm system leaves at least 26 dead through US south and midwest,https://www.theguardian.com/us-news/2023/mar/31/arkansas-tornado-little-rock,article,"['monster', 'storm', 'system', 'leave', 'least', '26', 'dead', 'u', 'south', 'midwest']",data/news/2023_04_02_157.txt
2023-05-26T19:58:08Z,US sailor’s death stemmed from ‘near perfect storm’ of Seal training failures,https://www.theguardian.com/us-news/2023/may/26/sailor-death-navy-seal-hell-week,article,"['u', 'sailor', '’', 'death', 'stem', '‘', 'near', 'perfect', 'storm', '’', 'seal', 'train', 'failure']",data/news/2023_05_26_158.txt
2023-05-02T12:49:01Z,At least six people killed in highway pile-up in Illinois during dust storm,https://www.theguardian.com/us-news/2023/may/01/illinois-dust-storm-crashes,article,"['least', 'six', 'people', 'kill', 'highway', 'pile-up', 'illinois', 'dust', 'storm']",data/news/2023_05_02_159.txt
2023-07-21T20:00:58Z,‘A bad perfect storm’: the US cities where temperatures have sizzled for 70 days,https://www.theguardian.com/us-news/2023/jul/21/us-heatwaves-longer-south-west,article,"['‘', 'bad', 'perfect', 'storm', '’', ':', 'u', 'city', 'temperature', 'sizzle', '70', 'day']",data/news/2023_07_21_160.txt
2023-08-31T01:52:42Z,Hurricane Idalia batters south-eastern US causing storm surges and power outages,https://www.theguardian.com/us-news/2023/aug/30/hurricane-idalia-florida-landfall,article,"['hurricane', 'idalia', 'batter', 'south-eastern', 'u', 'cause', 'storm', 'surge', 'power', 'outage']",data/news/2023_08_31_161.txt
2023-08-30T23:28:07Z,What is a storm surge and what is the threat from Hurricane Idalia?,https://www.theguardian.com/world/2023/aug/30/idalia-storm-surge-threat-explainer,article,"['storm', 'surge', 'threat', 'hurricane', 'idalia', '?']",data/news/2023_08_30_162.txt
2023-08-31T23:02:28Z,Hurricane Idalia leaves trail of floods and wreckage in south-eastern US,https://www.theguardian.com/us-news/2023/aug/31/hurricane-idalia-florida-north-south-carolina-georgia,article,"['hurricane', 'idalia', 'leave', 'trail', 'flood', 'wreckage', 'south-eastern', 'u']",data/news/2023_08_31_163.txt
2023-08-31T12:37:06Z,Hurricane Idalia could become 2023’s costliest climate disaster for the US,https://www.theguardian.com/us-news/2023/aug/31/hurricane-idalia-cost-update-category-3-florida-georgia,article,"['hurricane', 'idalia', 'could', 'become', '2023', '’', 'costliest', 'climate', 'disaster', 'u']",data/news/2023_08_31_164.txt
2023-08-29T16:48:45Z,Hurricane Idalia closes in on Florida with warnings of 125mph winds,https://www.theguardian.com/us-news/2023/aug/29/hurricane-idalia-florida-gulf-coast,article,"['hurricane', 'idalia', 'close', 'florida', 'warn', '125mph', 'wind']",data/news/2023_08_29_165.txt
2023-08-21T20:42:05Z,What role did the climate crisis play in Storm Hilary – and could there be more like it? ,https://www.theguardian.com/us-news/2023/aug/21/california-hilary-storm-climate-crisis-explainer,article,"['role', 'climate', 'crisis', 'play', 'storm', 'hilary', '–', 'could', 'like', '?']",data/news/2023_08_21_166.txt
2023-08-08T16:12:21Z,Two dead and hundreds of thousands without power as storm hits eastern US,https://www.theguardian.com/us-news/2023/aug/08/two-dead-storm-alabama-south-carolina,article,"['two', 'dead', 'hundred', 'thousand', 'without', 'power', 'storm', 'hit', 'eastern', 'u']",data/news/2023_08_08_167.txt
2023-08-30T09:52:56Z,Idalia to hit Florida as ‘extremely dangerous’ category 4 hurricane | First Thing,https://www.theguardian.com/us-news/2023/aug/30/first-thing-idalia-hit-florida-extremely-dangerous-category-4-hurricane,article,"['idalia', 'hit', 'florida', '‘', 'extremely', 'dangerous', '’', 'category', '4', 'hurricane', '|', 'first', 'thing']",data/news/2023_08_30_168.txt
2023-08-21T11:53:31Z,Tropical Storm Hilary reaches southern California | First Thing,https://www.theguardian.com/us-news/2023/aug/21/first-thing-tropical-storm-hilary-reaches-southern-california,article,"['tropical', 'storm', 'hilary', 'reach', 'southern', 'california', '|', 'first', 'thing']",data/news/2023_08_21_169.txt
2023-08-08T09:54:02Z,First Thing: Storms in US north-east wreak havoc and leave two dead ,https://www.theguardian.com/us-news/2023/aug/08/first-thing-storms-in-us-north-east-wreak-havoc-and-leave-two-dead,article,"['first', 'thing', ':', 'storm', 'u', 'north-east', 'wreak', 'havoc', 'leave', 'two', 'dead']",data/news/2023_08_08_170.txt
2023-08-16T18:00:54Z,"Tropical storms killing more Americans as climate crisis deepens, study finds",https://www.theguardian.com/us-news/2023/aug/16/atlantic-storms-deadlier-people-of-color-excess-deaths,article,"['tropical', 'storm', 'kill', 'american', 'climate', 'crisis', 'deepen', ',', 'study', 'find']",data/news/2023_08_16_171.txt
2023-08-22T00:54:39Z,Weakening Storm Hilary leaves floods and mud behind in California,https://www.theguardian.com/us-news/2023/aug/21/california-flooding-rain-storm-hilary,article,"['weaken', 'storm', 'hilary', 'leave', 'flood', 'mud', 'behind', 'california']",data/news/2023_08_22_172.txt
2023-08-22T20:26:30Z,Thousands lose power as Texas braces for deluge from Tropical Storm Harold,https://www.theguardian.com/us-news/2023/aug/22/texas-tropical-storm-harold-rain-flood-warning,article,"['thousand', 'lose', 'power', 'texas', 'brace', 'deluge', 'tropical', 'storm', 'harold']",data/news/2023_08_22_173.txt
2023-09-02T19:57:19Z,Biden tours Florida hurricane damage: ‘nobody can deny impacts of climate crisis’,https://www.theguardian.com/us-news/2023/sep/02/joe-biden-visits-hurricane-florida-desantis,article,"['biden', 'tour', 'florida', 'hurricane', 'damage', ':', '‘', 'nobody', 'deny', 'impact', 'climate', 'crisis', '’']",data/news/2023_09_02_174.txt
2023-09-02T15:09:55Z,DeSantis snubs Biden as president tours Hurricane Idalia damage in Florida,https://www.theguardian.com/us-news/2023/sep/02/ron-desantis-snubs-joe-biden-hurricane-idalia,article,"['desantis', 'snub', 'biden', 'president', 'tour', 'hurricane', 'idalia', 'damage', 'florida']",data/news/2023_09_02_175.txt
2023-09-08T11:00:38Z,DeSantis struggles to shake Hurricane Idalia’s dark clouds after snub to Biden,https://www.theguardian.com/us-news/2023/sep/08/ron-desantis-campaign-struggles-hurricane-idalia-biden-snub,article,"['desantis', 'struggle', 'shake', 'hurricane', 'idalia', '’', 'dark', 'cloud', 'snub', 'biden']",data/news/2023_09_08_176.txt
2023-09-01T13:56:35Z,States count cost of Hurricane Idalia as experts say it could have been far worse,https://www.theguardian.com/us-news/2023/sep/01/hurricane-idalia-damage-florida-biden,article,"['state', 'count', 'cost', 'hurricane', 'idalia', 'expert', 'say', 'could', 'far', 'worse']",data/news/2023_09_01_177.txt
2023-11-20T23:16:44Z,"Rain, snow and severe storms may disrupt Thanksgiving travel plans in US",https://www.theguardian.com/us-news/2023/nov/20/thanksgiving-traffic-weather-rain-storm-travel-delay,article,"['rain', ',', 'snow', 'severe', 'storm', 'may', 'disrupt', 'thanksgiving', 'travel', 'plan', 'u']",data/news/2023_11_20_178.txt
2023-11-13T16:02:37Z,Man who stormed US Capitol in face paint files paperwork for congressional run,https://www.theguardian.com/us-news/2023/nov/13/jacob-chansley-run-congress-arizona-january-6-riot,article,"['man', 'storm', 'u', 'capitol', 'face', 'paint', 'file', 'paperwork', 'congressional', 'run']",data/news/2023_11_13_179.txt
2023-11-10T14:36:13Z,Digested week: Ivanka Trump provides the calm after the storm,https://www.theguardian.com/us-news/2023/nov/10/digested-week-ivanka-trump-provides-the-calm-after-the-storm,article,"['digest', 'week', ':', 'ivanka', 'trump', 'provide', 'calm', 'storm']",data/news/2023_11_10_180.txt
2023-11-08T11:20:43Z,First Thing: Families flee past tanks as Israel begins to storm Gaza City,https://www.theguardian.com/us-news/2023/nov/08/first-thing-families-flee-past-tanks-as-israel-begins-to-storm-gaza-city,article,"['first', 'thing', ':', 'family', 'flee', 'past', 'tank', 'israel', 'begin', 'storm', 'gaza', 'city']",data/news/2023_11_08_181.txt
2023-12-19T17:31:30Z,‘Gut punch’ US north-eastern storm leaves at least six people dead ,https://www.theguardian.com/us-news/2023/dec/19/northeast-monday-storm-death-flooding,article,"['‘', 'gut', 'punch', '’', 'u', 'north-eastern', 'storm', 'leave', 'least', 'six', 'people', 'dead']",data/news/2023_12_19_182.txt
