webPublicationDate,webTitle,webUrl,type,disaster_type,path
2019-01-13T08:00:03Z,The Great Boston Molasses Flood: why the strange disaster matters today,https://www.theguardian.com/us-news/2019/jan/13/the-great-boston-molasses-flood-why-it-matters-modern-regulation,article,flood,data/news/2019_01_13_0.txt
2019-01-10T01:41:36Z,Trump's threat to cut California wildfire relief leaves state officials baffled,https://www.theguardian.com/us-news/2019/jan/09/trump-california-fire-relief-fema-funding,article,wildfire,data/news/2019_01_10_1.txt
2019-03-23T01:25:54Z,US disaster agency exposed private data of 2.3m hurricane and wildfire survivors,https://www.theguardian.com/us-news/2019/mar/22/fema-mishandled-data-hurricane-wildfire-survivors-report,article,wildfire,data/news/2019_03_23_2.txt
2019-03-04T11:15:48Z,"US briefing: Alabama tornado, Trump tweets and China's 'two sessions'",https://www.theguardian.com/us-news/2019/mar/04/us-briefing-alabama-tornado-trump-tweets-and-chinas-two-sessions,article,tornado,data/news/2019_03_04_3.txt
2019-03-20T11:22:17Z,"US briefing: Bolsonaro, Cyclone Idai and a secret border database",https://www.theguardian.com/us-news/2019/mar/20/us-briefing-bolsonaro-cyclone-idai-and-a-secret-border-database,article,cyclone,data/news/2019_03_20_4.txt
2019-03-05T20:26:51Z,Alabama tornado: rescuers continue search after twister kills 23,https://www.theguardian.com/us-news/2019/mar/05/alabama-tornado-beauregard-twister-news,article,tornado,data/news/2019_03_05_5.txt
2019-05-23T06:00:33Z,'Forgotten coast': a Florida town fights to rebuild after Hurricane Michael,https://www.theguardian.com/us-news/2019/may/23/mexico-beach-hurricane-michael-florida-recovery,article,hurricane,data/news/2019_05_23_6.txt
2019-05-12T05:00:22Z,After the floods: the struggle for survival in a tiny Mississippi town,https://www.theguardian.com/us-news/2019/may/11/mississippi-floods-tchula-william-barber-poverty,article,flood,data/news/2019_05_12_7.txt
2019-06-15T08:00:13Z,California’s wildfire season is starting and officials are bracing for the worst,https://www.theguardian.com/us-news/2019/jun/15/californias-wildfire-season-is-starting-and-officials-are-bracing-for-the-worst,article,wildfire,data/news/2019_06_15_8.txt
2019-07-12T07:39:42Z,Storm Barry: New Orleans residents brace for possible hurricane,https://www.theguardian.com/us-news/2019/jul/11/new-orleans-residents-hurricane-storm-barry,article,hurricane,data/news/2019_07_12_9.txt
2019-07-04T20:22:51Z,Southern California rattled by 6.4-magnitude earthquake,https://www.theguardian.com/us-news/2019/jul/04/earthquake-southern-california-largest-in-decades,article,earthquake,data/news/2019_07_04_10.txt
2019-07-07T04:54:34Z,California governor declares state of emergency after second earthquake,https://www.theguardian.com/us-news/2019/jul/06/california-earthquake-latest-tremors-state-of-emergency,article,earthquake,data/news/2019_07_07_11.txt
2019-07-16T09:43:16Z,"US briefing: the Squad, Prime Day protests and floods in south Asia",https://www.theguardian.com/us-news/2019/jul/16/us-briefing-squad-prime-day-protests-floods-south-asia,article,flood,data/news/2019_07_16_12.txt
2019-07-06T16:03:43Z,California braced for more aftershocks after 7.1 magnitude earthquake,https://www.theguardian.com/us-news/2019/jul/05/southern-california-ridgecrest-earthquake-aftershocks-damage,article,earthquake,data/news/2019_07_06_13.txt
2019-07-29T05:00:35Z,How some of the world's rarest fish dodged a California earthquake,https://www.theguardian.com/us-news/2019/jul/28/california-devils-hole-pupfish-earthquake,article,earthquake,data/news/2019_07_29_14.txt
2019-08-26T11:04:36Z,Trump suggests 'nuking hurricanes' to stop them hitting America – report,https://www.theguardian.com/us-news/2019/aug/26/donald-trump-suggests-nuking-hurricanes-to-stop-them-hitting-america-report,article,hurricane,data/news/2019_08_26_15.txt
2019-08-30T10:17:22Z,"US briefing: Hurricane Dorian, Hong Kong arrests and James Comey",https://www.theguardian.com/us-news/2019/aug/30/us-briefing-hurricane-dorian-hong-kong-arrests-and-james-comey,article,hurricane,data/news/2019_08_30_16.txt
2019-08-26T11:04:09Z,"US briefing: G7 summit, Amazon wildfires and Weinstein back in court",https://www.theguardian.com/us-news/2019/aug/26/us-briefing-g7-summit-amazon-wildfires-weinstein-back-in-court,article,wildfire,data/news/2019_08_26_17.txt
2019-08-30T20:11:38Z,The historic hurricanes that made landfall on Florida’s east coast,https://www.theguardian.com/us-news/2019/aug/30/hurricane-dorian-florida-east-coast-landfall-storms,article,hurricane,data/news/2019_08_30_18.txt
2019-08-31T09:59:07Z,Hurricane Dorian strengthens to category 4 as Florida braces for landfall,https://www.theguardian.com/us-news/2019/aug/30/hurricane-dorian-florida-latest-strength-path,article,hurricane,data/news/2019_08_31_19.txt
2019-09-05T10:03:29Z,"US briefing: Hurricane death toll rises, Johnson cornered and Democrat debate",https://www.theguardian.com/us-news/2019/sep/05/us-briefing-hurricane-death-toll-rises-johnson-cornered-and-democrat-debate,article,hurricane,data/news/2019_09_05_20.txt
2019-09-02T01:45:19Z,Donald Trump wrongly says Hurricane Dorian will hit Alabama,https://www.theguardian.com/us-news/2019/sep/02/donald-trump-wrongly-says-hurricane-dorian-will-hit-alabama,article,hurricane,data/news/2019_09_02_21.txt
2019-09-03T15:25:12Z,Trump attacks London mayor for criticizing inaction on Hurricane Dorian,https://www.theguardian.com/us-news/2019/sep/03/trump-calls-london-mayor-sadiq-khan-incompetent-following-hurricane-remark,article,hurricane,data/news/2019_09_03_22.txt
2019-09-01T15:21:41Z,Floridians not fazed as Hurricane Dorian’s path keeps state guessing,https://www.theguardian.com/us-news/2019/sep/01/florida-hurricane-dorian-preparation,article,hurricane,data/news/2019_09_01_23.txt
2019-09-21T05:00:26Z,Crossfire Hurricane review: tale of Trump and the FBI is a gas gas gas,https://www.theguardian.com/us-news/2019/sep/21/crossfire-hurricane-review-josh-campbell-trump-fbi,article,hurricane,data/news/2019_09_21_24.txt
2019-09-04T20:05:16Z,'Dragon' drones: the flame throwers fighting wildfires with fire,https://www.theguardian.com/us-news/2019/sep/03/wildfires-drones-controlled-prescribed-burns,article,wildfire,data/news/2019_09_04_25.txt
2019-10-25T10:10:09Z,"US briefing: Russia inquiry, California wildfires and Harvey Weinstein",https://www.theguardian.com/us-news/2019/oct/25/us-briefing-russia-inquiry-california-wildfires-and-harvey-weinstein,article,wildfire,data/news/2019_10_25_26.txt
2019-10-26T00:09:26Z,'It's like I'm in hell': how it feels to flee a wildfire outside Los Angeles,https://www.theguardian.com/us-news/2019/oct/25/california-wildfires-survivors-evacuees,article,wildfire,data/news/2019_10_26_27.txt
2019-10-05T04:00:36Z,'A problem in every national forest': tree thieves were behind Washington wildfire,https://www.theguardian.com/us-news/2019/oct/05/washington-wildfire-tree-thieves,article,wildfire,data/news/2019_10_05_28.txt
2019-10-29T18:52:53Z,Wildfire wedding: couple wear protective masks in viral California photo,https://www.theguardian.com/us-news/2019/oct/29/wildfire-wedding-photo-couple-masks,article,wildfire,data/news/2019_10_29_29.txt
2019-10-28T23:58:29Z,California wildfires: how bad are they and is the climate crisis linked?,https://www.theguardian.com/us-news/2019/oct/28/california-wildfires-explained-climate-change,article,wildfire,data/news/2019_10_28_30.txt
2019-10-29T22:49:25Z,California wildfires: fierce winds may spread blazes as millions lose power,https://www.theguardian.com/us-news/2019/oct/29/california-fierce-winds-may-spread-more-fires-as-millions-lose-power,article,wildfire,data/news/2019_10_29_31.txt
2019-10-30T17:20:54Z,California wildfires: new blaze threatens Reagan library amid extreme winds,https://www.theguardian.com/us-news/2019/oct/30/california-fires-latest-power-outages-san-francisco-la-simi-valley,article,wildfire,data/news/2019_10_30_32.txt
2019-10-31T19:14:22Z,Five hundred goats save the Ronald Reagan library from wildfires,https://www.theguardian.com/us-news/2019/oct/31/goats-save-ronald-reagan-library-wildfire,article,wildfire,data/news/2019_10_31_33.txt
2019-10-26T02:30:18Z,California wildfires: blazes ravage state as 2 million face looming blackouts,https://www.theguardian.com/us-news/2019/oct/25/california-fires-tick-kincade-la-sonoma,article,wildfire,data/news/2019_10_26_34.txt
2019-11-27T20:26:51Z,'Bomb cyclone' storm expected to upend Thanksgiving travel,https://www.theguardian.com/us-news/2019/nov/27/bomb-cyclone-latest-weather-report-thanksgiving-travel,article,cyclone,data/news/2019_11_27_35.txt
2019-11-23T07:00:47Z,‘Culture will be eroded’: climate crisis threatens to flood Harriet Tubman park,https://www.theguardian.com/us-news/2019/nov/23/harriet-tubman-national-park-climate-crisis,article,flood,data/news/2019_11_23_36.txt
2020-01-24T11:31:32Z,"US briefing: China's lockdown grows, wildfires and American neo-Nazis",https://www.theguardian.com/us-news/2020/jan/24/us-briefing-china-lockdown-grows-wildfires-and-american-neo-nazis,article,wildfire,data/news/2020_01_24_37.txt
2020-02-08T11:00:35Z,After the wildfires: tourist firms in California's wine country say no one is coming,https://www.theguardian.com/us-news/2020/feb/08/guerneville-wine-country-climate-crisis-business,article,wildfire,data/news/2020_02_08_38.txt
2020-03-10T10:00:29Z,'Remember us': could Trump lose Florida because of hurricane refugees?,https://www.theguardian.com/us-news/2020/mar/10/donald-trump-lose-florida-hurricane-maria-refugees-us-elections-2020,article,hurricane,data/news/2020_03_10_39.txt
2020-03-04T10:40:58Z,"US briefing: Biden's super Tuesday, Nashville tornadoes and abortion",https://www.theguardian.com/us-news/2020/mar/04/us-briefing-bidens-super-tuesday-nashville-tornadoes-and-abortion,article,tornado,data/news/2020_03_04_40.txt
2020-04-12T23:31:14Z,Tornadoes and storms hit US south as six killed in Mississippi,https://www.theguardian.com/us-news/2020/apr/12/us-weather-tornado-louisiana-texas-mississippi-storms,article,tornado,data/news/2020_04_12_41.txt
2020-05-05T08:30:04Z,'It sounded evil': inside the eerie moment California’s deadliest wildfire began,https://www.theguardian.com/us-news/2020/may/05/paradise-california-wildfire-book-extract,article,wildfire,data/news/2020_05_05_42.txt
2020-05-22T12:42:22Z,"When the '500-year flood' hit Michigan, residents had to weigh risk of escape in a pandemic",https://www.theguardian.com/us-news/2020/may/22/michigan-dam-break-500-year-flood-escape-coronavirus,article,flood,data/news/2020_05_22_43.txt
2020-07-31T10:00:11Z,'You need to pay attention': virus-hit Texas readies for hurricane threat,https://www.theguardian.com/us-news/2020/jul/31/texas-coronavirus-pandemic-hurricane-covid-19,article,hurricane,data/news/2020_07_31_44.txt
2020-07-13T15:57:20Z,"‘Tsunami of untruths’: Trump has made 20,000 false or misleading claims – report",https://www.theguardian.com/us-news/2020/jul/13/donald-trump-20000-false-or-misleading-claims,article,tsunami,data/news/2020_07_13_45.txt
2020-07-10T20:35:32Z,"Pandemic sidelines more than 1,000 incarcerated wildfire fighters in California",https://www.theguardian.com/us-news/2020/jul/10/california-wildfire-coronavirus-prison-incarcerated-firefighters,article,wildfire,data/news/2020_07_10_46.txt
2020-08-28T16:27:52Z,Hurricane Laura levels homes and causes deaths as one of US's strongest ever storms,https://www.theguardian.com/us-news/2020/aug/28/hurricane-laura-deaths-destruction-us-strongest-ever-storm,article,hurricane,data/news/2020_08_28_47.txt
2020-08-26T10:00:20Z,‘Wake-up call’: wildfires tear through drought-plagued US south-west,https://www.theguardian.com/us-news/2020/aug/26/wildfires-us-south-west-colorado-arizona-new-mexico-utah,article,wildfire,data/news/2020_08_26_48.txt
2020-08-27T15:08:36Z,Laura makes landfall: images show damage and destruction of powerful hurricane,https://www.theguardian.com/us-news/2020/aug/27/hurricane-laura-images-show-damage-destruction-powerful-storm,article,hurricane,data/news/2020_08_27_49.txt
2020-08-26T23:43:02Z,Thousands flee US Gulf coastline as Hurricane Laura prompts fears of 20ft storm surge,https://www.theguardian.com/us-news/2020/aug/26/hurricane-laura-louisiana-texas-storm-surge-evacuation,article,hurricane,data/news/2020_08_26_50.txt
2020-08-31T10:00:05Z,'Everything around us is destroyed': four friends started a farm. They didn't plan for a raging wildfire,https://www.theguardian.com/us-news/2020/aug/31/california-wildfires-farm-fire-crews,article,wildfire,data/news/2020_08_31_51.txt
2020-08-22T00:07:09Z,California's wildfires explained: how did they start – and is this normal?,https://www.theguardian.com/us-news/2020/aug/21/california-wildfires-explained-q-and-a-weather-smoke,article,wildfire,data/news/2020_08_22_52.txt
2020-08-26T16:21:10Z,Hurricane Laura: storm to bring 'unsurvivable surge' of destruction to US Gulf coast,https://www.theguardian.com/us-news/2020/aug/25/hurricane-laura-texas-louisiana-healthcare-workers-coronavirus,article,hurricane,data/news/2020_08_26_53.txt
2020-08-21T01:58:41Z,California wildfires: firefighters stretched thin as blazes grow rapidly,https://www.theguardian.com/us-news/2020/aug/20/california-wildfires-latest-lightning-fire-bay-area,article,wildfire,data/news/2020_08_21_54.txt
2020-08-30T10:00:34Z,'Our house is ash and rubble:' fleeing a wildfire while eight months pregnant,https://www.theguardian.com/us-news/2020/aug/30/california-wildfires-lake-fire-pregnant-evacuees-displaced,article,wildfire,data/news/2020_08_30_55.txt
2020-08-21T22:15:39Z,California wildfires torch area bigger than Rhode Island as resources stretched thin,https://www.theguardian.com/us-news/2020/aug/21/california-wildfires-latest-bay-area-lightning,article,wildfire,data/news/2020_08_21_56.txt
2020-08-20T04:13:04Z,California wildfires: thousands evacuate as 'siege' of flames overwhelms state,https://www.theguardian.com/us-news/2020/aug/19/california-fires-lake-dome-evacuations,article,wildfire,data/news/2020_08_20_57.txt
2020-09-12T10:00:27Z,'Unprecedented': the US west's wildfire catastrophe explained,https://www.theguardian.com/us-news/2020/sep/12/california-oregon-washington-fires-explained-climate-change,article,wildfire,data/news/2020_09_12_58.txt
2020-09-16T20:30:37Z,Weatherwatch: how strong winds made US wildfires worse,https://www.theguardian.com/us-news/2020/sep/16/weatherwatch-how-strong-winds-made-us-wildfires-worse,article,wildfire,data/news/2020_09_16_59.txt
2020-09-15T10:06:48Z,First Thing: Trump says 'science doesn't know' what's causing wildfires,https://www.theguardian.com/us-news/2020/sep/15/first-thing-trump-says-science-doesnt-know-whats-causing-wildfires,article,wildfire,data/news/2020_09_15_60.txt
2020-09-06T16:20:17Z,California's record-breaking heatwave sparks wildfires and raises health concerns,https://www.theguardian.com/us-news/2020/sep/06/california-dangerous-record-breaking-heatwave,article,wildfire,data/news/2020_09_06_61.txt
2020-09-25T23:43:32Z,California braces for dangerous heat as wildfire battle continues,https://www.theguardian.com/us-news/2020/sep/25/california-heatwave-temperatures-wildfires,article,wildfire,data/news/2020_09_25_62.txt
2020-09-15T01:38:29Z,US fires: Oregon wildfires kill at least 10 while 22 people are still missing,https://www.theguardian.com/us-news/2020/sep/14/us-west-fires-nearly-all-missing-people-accounted-for-deaths-smoke-air-quality,article,wildfire,data/news/2020_09_15_63.txt
2020-09-08T10:00:19Z,What a big Covid-era earthquake would mean for the Bay Area,https://www.theguardian.com/us-news/2020/sep/08/san-francisco-bay-area-earthquake-coronavirus-housing,article,earthquake,data/news/2020_09_08_64.txt
2020-09-06T16:25:06Z,More than 200 campers rescued from California lake as wildfires spread,https://www.theguardian.com/us-news/2020/sep/05/us-west-coast-heatwave-california,article,wildfire,data/news/2020_09_06_65.txt
2020-09-03T10:00:07Z,My family built our dream home in the woods. It was no match for wildfire,https://www.theguardian.com/us-news/2020/sep/03/california-hennessy-fire-dream-home-wildfire,article,wildfire,data/news/2020_09_03_66.txt
2020-09-22T12:05:13Z,He fought wildfires while imprisoned. California reported him to Ice for deportation,https://www.theguardian.com/us-news/2020/sep/22/california-inmate-firefighter-ice-deportation,article,wildfire,data/news/2020_09_22_67.txt
2020-09-09T12:00:56Z,California wildfires torch record 2m acres as new blazes force evacuations,https://www.theguardian.com/world/2020/sep/08/california-wildfires-torch-2m-acres-blazes-force-evacuations,article,wildfire,data/news/2020_09_09_68.txt
2020-09-19T09:00:12Z,"Officials baselessly linked 'antifa' to arson before wildfires, documents show",https://www.theguardian.com/us-news/2020/sep/19/police-antifa-arson-wildfire-conspiracy-theories,article,wildfire,data/news/2020_09_19_69.txt
2020-09-02T10:00:06Z,A California family faced 14 wildfires in six years. Nothing prepared them for this year's inferno,https://www.theguardian.com/us-news/2020/sep/02/california-lnu-lightning-complex-fire-survivors,article,wildfire,data/news/2020_09_02_70.txt
2020-10-08T23:01:50Z,Hurricane Delta: Louisiana braces for disaster for sixth time this year,https://www.theguardian.com/us-news/2020/oct/08/hurricane-delta-louisiana-winds-flooding,article,hurricane,data/news/2020_10_08_71.txt
2020-10-14T20:30:04Z,Record number of hurricanes make landfall in US in 2020,https://www.theguardian.com/us-news/2020/oct/14/record-number-hurricanes-make-landfall-united-states-2020,article,hurricane,data/news/2020_10_14_72.txt
2020-10-23T19:21:02Z,Northern California on alert as high winds increase wildfire threat,https://www.theguardian.com/us-news/2020/oct/23/california-high-wildfire-risk,article,wildfire,data/news/2020_10_23_73.txt
2020-10-15T23:42:43Z,"California: 100,000 people without power amid extreme wildfire risk",https://www.theguardian.com/us-news/2020/oct/15/california-power-cuts-heatwave-pg-and-e,article,wildfire,data/news/2020_10_15_74.txt
2020-10-06T16:11:07Z,California wildfires spawn first ‘gigafire’ in modern history,https://www.theguardian.com/us-news/2020/oct/06/california-wildfires-gigafire-first,article,wildfire,data/news/2020_10_06_75.txt
2020-10-30T10:00:09Z,‘This season is off the charts’: Colorado fights the worst wildfires in its recent history,https://www.theguardian.com/us-news/2020/oct/30/colorado-fires-cameron-peak-east-troublesome,article,wildfire,data/news/2020_10_30_76.txt
2020-10-13T21:27:28Z,California: autumn heatwave sparks fears of new wildfires,https://www.theguardian.com/us-news/2020/oct/13/california-fires-heat-weather,article,wildfire,data/news/2020_10_13_77.txt
2020-11-11T18:43:11Z,Florida braced for Eta as new study finds hurricanes staying stronger for longer,https://www.theguardian.com/us-news/2020/nov/11/eta-storm-florida-hurricane-category-1-landfall,article,hurricane,data/news/2020_11_11_78.txt
2020-12-30T09:00:07Z,California's wildfire hell: how 2020 became the state's worst ever fire season,https://www.theguardian.com/us-news/2020/dec/30/california-wildfires-north-complex-record,article,wildfire,data/news/2020_12_30_79.txt
2021-01-31T18:10:35Z,‘That hurricane is coming’: expert warns US to brace for virulent Covid strain,https://www.theguardian.com/us-news/2021/jan/31/us-covid-uk-variant-strain-spread,article,hurricane,data/news/2021_01_31_80.txt
2021-02-11T11:00:12Z,California's rainfall is at historic lows. That spells trouble for wildfires and farms,https://www.theguardian.com/us-news/2021/feb/11/california-dry-weather-drought-wildfire-agriculture,article,wildfire,data/news/2021_02_11_81.txt
2021-03-26T15:03:11Z,Multiple tornadoes tear across US south-east causing deaths and wreckage,https://www.theguardian.com/us-news/2021/mar/26/tornadoes-us-south-east-alabama-deaths,article,tornado,data/news/2021_03_26_82.txt
2021-03-06T10:00:30Z,"California’s wildfire smoke could be more harmful than vehicle emissions, study says",https://www.theguardian.com/us-news/2021/mar/06/california-wildfire-smoke-harmful-pollution-study,article,wildfire,data/news/2021_03_06_83.txt
2021-03-10T16:07:06Z,Hawaii governor declares emergency after floods and landslides,https://www.theguardian.com/us-news/2021/mar/10/hawaii-landslides-emergency-declaration-weather-rain-floods,article,flood,data/news/2021_03_10_84.txt
2021-04-23T02:34:05Z,Gender reveal party using 80 pounds of explosives sets off earthquake reports,https://www.theguardian.com/us-news/2021/apr/23/gender-reveal-party-using-80-pounds-of-explosives-sets-off-earthquake-reports,article,earthquake,data/news/2021_04_23_85.txt
2021-04-06T10:00:03Z,California is on the brink of drought – again. Is it ready?,https://www.theguardian.com/us-news/2021/apr/06/california-is-on-the-brink-of-drought-again-is-it-ready,article,drought,data/news/2021_04_06_86.txt
2021-04-18T09:00:05Z,She survived Hurricane Sandy. Then climate gentrification hit,https://www.theguardian.com/us-news/2021/apr/18/hurricane-sandy-new-york-far-rockaway-climate-gentrification-hit,article,hurricane,data/news/2021_04_18_87.txt
2021-04-20T10:00:37Z,He survived California’s deadliest wildfire. But not his encounter with police,https://www.theguardian.com/us-news/2021/apr/20/california-wildfire-homeless-paradise-camp-fire-stephen-vest,article,wildfire,data/news/2021_04_20_88.txt
2021-04-13T10:00:07Z,Wisconsin poised for devastating wildfire season as hundreds of blazes rage,https://www.theguardian.com/us-news/2021/apr/13/wisconsin-wildfires-season,article,wildfire,data/news/2021_04_13_89.txt
2021-04-29T10:00:04Z,From dust bowl to California drought: a climate scientist on the lessons we still haven’t learned,https://www.theguardian.com/us-news/2021/apr/29/california-drought-climate-dust-bowl,article,drought,data/news/2021_04_29_90.txt
2021-05-04T16:32:05Z,US south braced for more severe weather after tornadoes and hailstorms,https://www.theguardian.com/us-news/2021/may/04/us-south-severe-weather-tornadoes-hailstorms,article,tornado,data/news/2021_05_04_91.txt
2021-06-04T20:34:08Z,Utah governor urges residents to pray for rain as drought bites,https://www.theguardian.com/us-news/2021/jun/04/utah-governor-pray-for-rain-drought,article,drought,data/news/2021_06_04_92.txt
2021-06-08T19:31:24Z,"‘Incredibly scary’: Arizona wildfires scorch more than 138,000 acres",https://www.theguardian.com/us-news/2021/jun/08/arizona-wildfires-latest-telegraph-mescal,article,wildfire,data/news/2021_06_08_93.txt
2021-06-22T17:59:39Z,Wildfires burn across US west as lightning sets off blaze near Arizona city,https://www.theguardian.com/us-news/2021/jun/22/wildfires-us-west-arizona-california,article,wildfire,data/news/2021_06_22_94.txt
2021-06-15T10:00:41Z,California’s drought may have helped solve the mystery of a 1965 plane crash,https://www.theguardian.com/us-news/2021/jun/15/folsom-lake-plane-crash-california-drought,article,drought,data/news/2021_06_15_95.txt
2021-06-11T10:00:13Z,California to transport 17m salmon to the sea by truck as drought bites,https://www.theguardian.com/us-news/2021/jun/11/california-to-transport-17m-salmon-to-the-sea-by-truck-as-drought-bites,article,drought,data/news/2021_06_11_96.txt
2021-07-09T12:03:15Z,"Hail, tornadoes and flooded New York subways as stormy weather hits east coast",https://www.theguardian.com/us-news/2021/jul/08/tropical-storm-elsa-new-york-flooding-rain,article,tornado,data/news/2021_07_09_97.txt
2021-07-16T16:28:13Z,Flagstaff declares state of emergency as Arizona hit by devastating floods,https://www.theguardian.com/us-news/2021/jul/16/arizona-floods-flagstaff-state-of-emergency,article,flood,data/news/2021_07_16_98.txt
2021-07-18T16:36:13Z,US surgeon general: Covid misinformation ‘spreading like wildfire’ on social media,https://www.theguardian.com/us-news/2021/jul/18/us-surgeon-general-covid-misinformation-spreading-like-wildfire-social-media,article,wildfire,data/news/2021_07_18_99.txt
2021-07-12T10:21:30Z,Wildfires burn as heatwave grips US west coast  | First Thing,https://www.theguardian.com/us-news/2021/jul/12/first-thing-wildfires-burn-as-heatwave-grips-us-west-coast,article,wildfire,data/news/2021_07_12_100.txt
2021-07-09T15:28:05Z,New York City warned ‘climate change is here’ as storm floods streets and subway,https://www.theguardian.com/us-news/2021/jul/09/new-york-city-storm-flooding-climate-change,article,flood,data/news/2021_07_09_101.txt
2021-07-21T18:46:09Z,California couple whose gender-reveal party sparked a wildfire charged with 30 crimes,https://www.theguardian.com/us-news/2021/jul/21/couple-gender-reveal-party-wildfire-charged,article,wildfire,data/news/2021_07_21_102.txt
2021-07-21T13:03:12Z,New York air quality among worst in world as haze from western wildfires shrouds city,https://www.theguardian.com/us-news/2021/jul/21/new-york-air-quality-plunges-smoke-west-coast-wildfires,article,wildfire,data/news/2021_07_21_103.txt
2021-08-17T12:36:10Z,Tropical Storm Fred lashes Florida and spawns tornadoes in Georgia,https://www.theguardian.com/us-news/2021/aug/16/tropical-storm-fred-florida-panhandle-landfall,article,tornado,data/news/2021_08_17_104.txt
2021-08-28T00:46:43Z,Hurricane Ida barrels down on Louisiana amid warnings of ‘life-altering storm’,https://www.theguardian.com/us-news/2021/aug/27/tropical-storm-ida-hurricane-warnings-gulf-coast-us-weather,article,hurricane,data/news/2021_08_28_105.txt
2021-08-30T10:20:43Z,"Hurricane Ida batters New Orleans, killing one | First Thing",https://www.theguardian.com/us-news/2021/aug/30/first-thing-hurricane-ida-batters-new-orleans-killing-one,article,hurricane,data/news/2021_08_30_106.txt
2021-08-18T02:27:02Z,Surging wildfire tears through northern California town and threatens others,https://www.theguardian.com/us-news/2021/aug/17/california-wildfires-caldor-fire-dixie,article,wildfire,data/news/2021_08_18_107.txt
2021-08-04T10:00:22Z,‘A perfect storm’: Hawaii firefighters confront Big Island’s largest wildfire in history,https://www.theguardian.com/us-news/2021/aug/04/hawaii-wildfire-big-island-climate-change-drought,article,wildfire,data/news/2021_08_04_108.txt
2021-08-21T10:00:01Z,‘I don’t believe anyone is safe’: drought rules spark accusations of racism in California outpost,https://www.theguardian.com/us-news/2021/aug/21/california-drought-hmong-americans-race-water,article,drought,data/news/2021_08_21_109.txt
2021-08-06T10:00:20Z,West Nile virus: another alarming side effect of US drought,https://www.theguardian.com/us-news/2021/aug/06/drought-west-nile-virus-human-health,article,drought,data/news/2021_08_06_110.txt
2021-08-31T07:52:55Z,Hurricane Ida: more than 1m without power as New Orleans assesses damage,https://www.theguardian.com/us-news/2021/aug/30/hurricane-ida-latest-new-orleans-louisiana-power-outages-death-toll,article,hurricane,data/news/2021_08_31_111.txt
2021-08-22T09:00:31Z,"Hurricanes, floods, freezes: the Louisiana city battling Covid amid chaos",https://www.theguardian.com/us-news/2021/aug/22/lake-charles-louisiana-coronavirus-hurricane-damage,article,flood,data/news/2021_08_22_112.txt
2021-08-22T01:17:46Z,Hurricane Henri scuppers New York comeback concert,https://www.theguardian.com/us-news/2021/aug/21/new-york-city-concert-covid-cases-rise,article,hurricane,data/news/2021_08_22_113.txt
2021-08-31T20:52:36Z,Louisiana governor tells Hurricane Ida evacuees it’s too soon to return,https://www.theguardian.com/us-news/2021/aug/31/hurricane-ida-louisiana-evacuees-do-not-return,article,hurricane,data/news/2021_08_31_114.txt
2021-08-28T05:00:28Z,‘Our future might not look the same’: wildfires threaten way of life in California’s mountain towns,https://www.theguardian.com/us-news/2021/aug/27/wildfires-california-mountain-towns-climate-crisis,article,wildfire,data/news/2021_08_28_115.txt
2021-08-10T10:00:17Z," Heat, drought and fire: how climate dangers combine for a catastrophic ‘perfect storm’",https://www.theguardian.com/us-news/2021/aug/10/heat-drought-and-fire-how-climate-dangers-combine-for-a-catastrophic-perfect-storm,article,drought,data/news/2021_08_10_116.txt
2021-08-10T21:14:53Z,‘I still feel it isn’t real’: Gold Rush town residents reckon with wildfire devastation,https://www.theguardian.com/us-news/2021/aug/10/greenville-california-wildfire,article,wildfire,data/news/2021_08_10_117.txt
2021-08-23T23:34:32Z,‘It’s just unbelievable’: Tennessee surveys wreckage after floods kill 22,https://www.theguardian.com/us-news/2021/aug/23/tennessee-floods-flash-flooding-death-toll-damage,article,flood,data/news/2021_08_23_118.txt
2021-09-03T17:28:22Z,"‘Climate crisis is here’ says Biden in week of storms, floods and wildfires",https://www.theguardian.com/us-news/2021/sep/03/climate-crisis-joe-biden-floods-wildfires-storms,article,wildfire,data/news/2021_09_03_119.txt
2021-09-03T11:53:18Z,"Remnants of Hurricane Ida hits north-east, killing more than 40 | First Thing",https://www.theguardian.com/us-news/2021/sep/03/first-thing-remnants-of-hurricane-ida-hits-north-eastern-us-killing-over-40,article,hurricane,data/news/2021_09_03_120.txt
2021-09-14T19:51:48Z,Ancient sequoia trees threatened by growing wildfire in California’s Sierra Nevada,https://www.theguardian.com/us-news/2021/sep/14/california-wildfire-sequoia-kings-canyon-latest,article,wildfire,data/news/2021_09_14_121.txt
2021-09-24T19:47:24Z,Fresh California wildfire prompts evacuations as forest blazes grow,https://www.theguardian.com/us-news/2021/sep/24/california-wildfires-fawn-fire-shasta-county-evacuations,article,wildfire,data/news/2021_09_24_122.txt
2021-09-14T01:50:36Z,‘It’s a reality’: Biden calls for urgency in California as climate crisis fuels wildfires,https://www.theguardian.com/us-news/2021/sep/13/california-wildfires-biden-trip-climate-crisis-links-extreme-weather,article,wildfire,data/news/2021_09_14_123.txt
2021-09-14T10:01:42Z,Biden says wildfires highlight climate emergency | First Thing,https://www.theguardian.com/us-news/2021/sep/14/first-thing-biden-says-wildfires-highlight-climate-emergency,article,wildfire,data/news/2021_09_14_124.txt
2021-09-01T07:20:16Z,Before and after Hurricane Ida – in pictures,https://www.theguardian.com/us-news/2021/sep/01/before-and-after-hurricane-ida-louisiana-in-pictures,article,hurricane,data/news/2021_09_01_125.txt
2021-09-15T20:13:43Z,California wildfires close Sequoia national park and prompt evacuations,https://www.theguardian.com/us-news/2021/sep/15/california-wildfire-knp-complex-latest,article,wildfire,data/news/2021_09_15_126.txt
2021-09-01T05:00:21Z,Lake Tahoe ski resort uses snow-making machines to fight wildfire ,https://www.theguardian.com/us-news/2021/aug/31/lake-tahoe-ski-resort-uses-snow-making-machines-to-fight-wildfire,article,wildfire,data/news/2021_09_01_127.txt
2021-09-05T10:00:23Z,"How a Tahoe refuge saved owls, coyotes and raccoons from wildfire",https://www.theguardian.com/us-news/2021/sep/05/caldor-fire-animal-refuge-rescue-evacuation,article,wildfire,data/news/2021_09_05_128.txt
2021-09-06T10:00:17Z,‘I don’t have a choice’: Hurricane Ida leaves devastated Louisiana communities struggling with new reality,https://www.theguardian.com/us-news/2021/sep/06/i-dont-have-a-choice-hurricane-ida-leaves-devastated-louisiana-communities-struggling-with-new-reality,article,hurricane,data/news/2021_09_06_129.txt
2021-09-09T06:00:51Z,He ‘put everything’ into his Louisiana home. Hurricane Ida destroyed it in one day,https://www.theguardian.com/us-news/2021/sep/09/hurricane-ida-louisiana-robert-taylor-home,article,hurricane,data/news/2021_09_09_130.txt
2021-09-03T00:44:05Z,"TikTokers flood Texas abortion whistleblower site with Shrek memes, fake reports and porn",https://www.theguardian.com/us-news/2021/sep/02/texas-abortion-law-tiktok-reddit-whistleblower,article,flood,data/news/2021_09_03_131.txt
2021-10-27T15:57:25Z,"‘Bomb cyclone’ slams US north-east and leaves over 600,000 without power",https://www.theguardian.com/us-news/2021/oct/27/bomb-cyclone-storm-nor-easter-us-north-east-power-outages-flooding,article,cyclone,data/news/2021_10_27_132.txt
2021-10-26T13:29:50Z,Weather whiplash: California’s historic downpour interrupts historic drought ,https://www.theguardian.com/us-news/2021/oct/26/weather-whiplash-historic-downpour-interrupts-historic-drought,article,drought,data/news/2021_10_26_133.txt
2021-10-19T22:45:42Z,Activision Blizzard reportedly fires 20 employees following harassment claims,https://www.theguardian.com/us-news/2021/oct/19/activision-blizzard-reportedly-fires-employees-harassment-claims,article,blizzard,data/news/2021_10_19_134.txt
2021-10-11T15:11:40Z,Explosion? Earthquake? Meteor? New England mystified by loud boom,https://www.theguardian.com/us-news/2021/oct/11/explosion-earthquake-meteor-new-england-mystified-boom,article,earthquake,data/news/2021_10_11_135.txt
2021-10-13T13:00:21Z,Lake Tahoe water level hits four-year low as drought pummels tourist spot,https://www.theguardian.com/us-news/2021/oct/13/lake-tahoe-water-level-drought-climate-change,article,drought,data/news/2021_10_13_136.txt
2021-11-18T10:59:23Z,Troops deployed as flood devastates Pacific north-west | First Thing,https://www.theguardian.com/us-news/2021/nov/18/first-thing-troops-deployed-as-flooding-devastates-british-columbia,article,flood,data/news/2021_11_18_137.txt
2021-12-20T23:22:06Z,"Tornadoes and storms that hit US were a derecho, says National Weather Service",https://www.theguardian.com/us-news/2021/dec/20/us-tornadoes-storms-derecho-national-weather-service,article,derecho,data/news/2021_12_20_138.txt
2021-12-31T10:00:16Z,"Floods, fires, freezes: how 2021 made Joe Biden a climate crisis president",https://www.theguardian.com/us-news/2021/dec/31/joe-biden-climate-crisis-president,article,flood,data/news/2021_12_31_139.txt
2021-12-30T13:12:18Z,Record snowfall offers reprieve to dry California – but drought remains,https://www.theguardian.com/us-news/2021/dec/30/california-record-snowfall-drought,article,drought,data/news/2021_12_30_140.txt
2021-12-15T20:47:14Z,Biden pledges aid on Kentucky trip: ‘I’ve not seen this much damage from a tornado’,https://www.theguardian.com/us-news/2021/dec/15/biden-kentucky-pledges-federal-aid-tornadoes,article,tornado,data/news/2021_12_15_141.txt
2021-12-25T11:00:51Z,What the numbers tells us about a catastrophic year of wildfires,https://www.theguardian.com/us-news/2021/dec/25/what-the-numbers-tells-us-about-a-catastrophic-year-of-wildfires,article,wildfire,data/news/2021_12_25_142.txt
2021-12-14T19:42:58Z,Heavy rain and snow pummel California after a season of historic wildfires,https://www.theguardian.com/us-news/2021/dec/14/california-weather-latest-snow-rain,article,wildfire,data/news/2021_12_14_143.txt
2021-12-02T23:58:03Z,Late-season wildfire rips through Montana farming town,https://www.theguardian.com/us-news/2021/dec/02/montana-wildfire-denton-damage-evacuation,article,wildfire,data/news/2021_12_02_144.txt
2021-12-16T18:48:46Z,‘Really abnormal’ storms and tornadoes tear through Great Plains and midwest,https://www.theguardian.com/us-news/2021/dec/16/great-plains-storms-tornadoes-tear-through-midwest,article,tornado,data/news/2021_12_16_145.txt
2021-12-21T22:38:46Z,"Seconds before a 6.2 earthquake rattled California, phones got a vital warning",https://www.theguardian.com/us-news/2021/dec/21/california-earthquake-early-warning-system,article,earthquake,data/news/2021_12_21_146.txt
2021-12-31T10:21:32Z,Tell us: how have you been affected by Colorado wildfires?,https://www.theguardian.com/us-news/2021/dec/31/tell-us-how-have-you-been-affected-by-colorado-wildfires,article,wildfire,data/news/2021_12_31_147.txt
2021-12-13T10:56:25Z,Biden declares federal disaster after Kentucky tornadoes | First Thing,https://www.theguardian.com/us-news/2021/dec/13/first-thing-biden-declares-federal-disaster-after-kentucky-tornadoes,article,tornado,data/news/2021_12_13_148.txt
2021-12-14T22:41:31Z,"Kentucky candle factory bosses threatened to fire those who fled tornado, say workers ",https://www.theguardian.com/us-news/2021/dec/14/kentucky-tornado-candle-factory-workers-managers-refused-leave,article,tornado,data/news/2021_12_14_149.txt
2021-12-12T21:29:38Z,‘Not knowing is worse’: tornado survivor at candle factory awaits news of missing boyfriend,https://www.theguardian.com/us-news/2021/dec/12/kentucky-tornado-survivor-candle-factory,article,tornado,data/news/2021_12_12_150.txt
2021-12-14T11:04:51Z,More than 100 still unaccounted for after Kentucky tornadoes | First Thing,https://www.theguardian.com/us-news/2021/dec/14/first-thing-more-than-100-still-unaccounted-for-after-kentucky-tornadoes,article,tornado,data/news/2021_12_14_151.txt
2021-12-12T19:54:17Z,Biden calls on EPA to investigate role of climate crisis in deadly tornadoes,https://www.theguardian.com/us-news/2021/dec/12/kentucky-tornadoes-biden-epa-climate-crisis-role,article,tornado,data/news/2021_12_12_152.txt
2021-12-13T12:31:07Z,Kentucky tornadoes: Hopes rise that death toll could be lower than feared,https://www.theguardian.com/us-news/2021/dec/13/kentucky-tornadoes-hopes-rise-that-candle-factory-death-toll-could-be-lower-than-feared,article,tornado,data/news/2021_12_13_153.txt
2021-12-31T11:53:54Z,Colorado winter wildfires destroy hundreds of homes as thousands flee,https://www.theguardian.com/us-news/2021/dec/30/colorado-wildfires-evacuations-latest,article,wildfire,data/news/2021_12_31_154.txt
2021-12-13T13:57:06Z,Kentucky candle factory: questions arise over why staff worked during tornadoes,https://www.theguardian.com/us-news/2021/dec/13/kentucky-tornadoes-candle-factory-search-survivors,article,tornado,data/news/2021_12_13_155.txt
2021-12-12T22:37:57Z,Kentucky tornadoes: fears death toll from record twisters could exceed 100,https://www.theguardian.com/us-news/2021/dec/12/kentucky-tornadoes-death-toll,article,tornado,data/news/2021_12_12_156.txt
2021-12-14T03:24:53Z,Kentucky tornadoes: governor says death toll expected to grow as crews sift through ruins,https://www.theguardian.com/us-news/2021/dec/13/kentucky-tornadoes-death-toll,article,tornado,data/news/2021_12_14_157.txt
2021-12-16T11:00:02Z,‘Like a nightmare’: major rainstorm floods Santa Cruz homeless community,https://www.theguardian.com/us-news/2021/dec/16/california-santa-cruz-homeless-extreme-weather,article,flood,data/news/2021_12_16_158.txt
2022-01-01T08:00:43Z,‘We lost everything’: Colorado wildfire destroys hundreds of homes,https://www.theguardian.com/us-news/2022/jan/01/colorado-wildfires-destroy-hundreds-homes,article,wildfire,data/news/2022_01_01_159.txt
2022-02-02T11:00:21Z,The Silicon Valley veterans who want to bring you wildfire info in real time,https://www.theguardian.com/us-news/2022/feb/02/watch-duty-app-warning-wildfires-california-silicon-valley,article,wildfire,data/news/2022_02_02_160.txt
2022-03-12T22:44:58Z,‘Bomb cyclone’ storm dumps snow across eastern US,https://www.theguardian.com/us-news/2022/mar/12/forecasters-warn-of-bomb-cyclone-expected-to-dump-snow-across-eastern-us,article,cyclone,data/news/2022_03_12_161.txt
2022-03-05T06:00:16Z,"Record growth, record heat, record drought: how will Las Vegas weather the climate crisis?",https://www.theguardian.com/us-news/2022/mar/04/las-vegas-population-growth-climate-crisis,article,drought,data/news/2022_03_05_162.txt
2022-04-19T05:00:18Z,Wildfire smoke in Pacific north-west erasing reductions in emissions – study,https://www.theguardian.com/us-news/2022/apr/18/wildfire-smoke-emissions-study-pacific-north-west,article,wildfire,data/news/2022_04_19_163.txt
2022-05-02T21:13:34Z,Thousands flee New Mexico wildfire as blaze breaches containment lines,https://www.theguardian.com/us-news/2022/may/02/new-mexico-wildfire-calf-canyon-thousands-flee,article,wildfire,data/news/2022_05_02_164.txt
2022-05-12T22:46:35Z,New Mexico wildfire rampages on as fresh blaze engulfs California mansions,https://www.theguardian.com/us-news/2022/may/12/new-mexico-wildfire-california,article,wildfire,data/news/2022_05_12_165.txt
2022-05-10T21:40:38Z,"Trump inquired if China could make hurricanes to harm US, ex-officials say",https://www.theguardian.com/us-news/2022/may/10/donald-trump-china-hurricanes,article,hurricane,data/news/2022_05_10_166.txt
2022-05-03T20:59:33Z,California’s new drought rules: will they be enough to halt the ‘alarming challenges’ ahead?,https://www.theguardian.com/us-news/2022/may/03/californias-new-drought-rules-will-they-be-enough-to-halt-the-alarming-challenges-ahead,article,drought,data/news/2022_05_03_167.txt
2022-06-16T15:34:05Z,Water supply in Montana’s biggest city imperiled by Yellowstone floods,https://www.theguardian.com/us-news/2022/jun/16/yellowstone-floods-water-supply-billings-montana,article,flood,data/news/2022_06_16_168.txt
2022-07-05T19:01:25Z,California: explosive wildfire more than doubles in size overnight,https://www.theguardian.com/us-news/2022/jul/05/california-wildfire-electra-fire,article,wildfire,data/news/2022_07_05_169.txt
2022-07-05T21:57:46Z,Utah’s Great Salt Lake hits new historic low amid drought in western US,https://www.theguardian.com/us-news/2022/jul/05/utah-great-salt-lake-new-low-drought,article,drought,data/news/2022_07_05_170.txt
2022-07-14T19:21:53Z,Yosemite wildfire continues to grow as it pushes east into Sierra national forest,https://www.theguardian.com/us-news/2022/jul/14/yosemite-wildfire-sierra-national-forest-california,article,wildfire,data/news/2022_07_14_171.txt
2022-07-08T14:07:25Z,California wildfire forces partial closure of Yosemite national park,https://www.theguardian.com/us-news/2022/jul/08/california-wildfire-yosemite-national-park-partial-closure,article,wildfire,data/news/2022_07_08_172.txt
2022-07-13T08:00:18Z,"As drought shrivels Lake Powell, millions face power crisis",https://www.theguardian.com/us-news/2022/jul/13/lake-powell-drought-electricity,article,drought,data/news/2022_07_13_173.txt
2022-07-19T17:12:56Z,Over 100m Americans under heat warnings as wildfires rage in 12 states,https://www.theguardian.com/us-news/2022/jul/19/us-heat-warnings-wildfires-weather,article,wildfire,data/news/2022_07_19_174.txt
2022-07-30T19:47:09Z, ‘We had to swim out’: Kentucky grapples with floods as search for survivors continues,https://www.theguardian.com/us-news/2022/jul/30/kentucky-rescue-victims-flooding,article,flood,data/news/2022_07_30_175.txt
2022-08-22T23:59:24Z,Torrential rains lash southern US as millions under flood warnings ,https://www.theguardian.com/us-news/2022/aug/22/south-west-us-flood-warnings-torrential-rains,article,flood,data/news/2022_08_22_176.txt
2022-08-24T00:40:12Z,Flash floods wreak havoc in US south-west – but are no salve for drought,https://www.theguardian.com/us-news/2022/aug/22/us-south-west-storm-drought-climate-crisis,article,drought,data/news/2022_08_24_177.txt
2022-08-11T08:00:37Z,"America’s summer of floods: climate crisis fueling barrage, scientists say",https://www.theguardian.com/us-news/2022/aug/11/america-summer-floods-rainfall-climate-crisis,article,flood,data/news/2022_08_11_178.txt
2022-08-01T22:26:51Z,Two bodies found in burned vehicle in path of raging California wildfire,https://www.theguardian.com/us-news/2022/aug/01/california-wildfire-mckinney-fire-bodies-found,article,wildfire,data/news/2022_08_01_179.txt
2022-08-17T00:59:38Z,US issues western water cuts as drought leaves Colorado River near ‘tipping point’,https://www.theguardian.com/us-news/2022/aug/16/drastic-water-cuts-expected-as-megadrought-grips-western-us-states,article,drought,data/news/2022_08_17_180.txt
2022-08-02T18:07:13Z,Death toll rises to four in California’s biggest wildfire this year,https://www.theguardian.com/us-news/2022/aug/02/northern-california-wildfires,article,wildfire,data/news/2022_08_02_181.txt
2022-08-07T16:05:08Z,Yet more human remains found as drought shrinks Lake Mead reservoir,https://www.theguardian.com/us-news/2022/aug/07/lake-mead-human-remains-found-drought,article,drought,data/news/2022_08_07_182.txt
2022-08-13T10:00:39Z,She spent 50 years protecting people from wildfires. Then one took her life,https://www.theguardian.com/us-news/2022/aug/13/california-fire-lookout-died-mckinney-fire,article,wildfire,data/news/2022_08_13_183.txt
2022-09-25T20:38:50Z,Florida prepares for hurricane as tropical storm Ian grows over Caribbean,https://www.theguardian.com/us-news/2022/sep/24/florida-tropical-storm-ian-hurricane-possible,article,hurricane,data/news/2022_09_25_184.txt
2022-09-03T17:41:20Z,Fast-moving California wildfire poses threat to rural communities,https://www.theguardian.com/us-news/2022/sep/03/california-wildfire-mill-fire,article,wildfire,data/news/2022_09_03_185.txt
2022-09-29T00:46:05Z,Teams search for 20 people whose boat sank off Florida as Hurricane Ian loomed,https://www.theguardian.com/us-news/2022/sep/28/florida-boat-sinks-rescue-hurricane-ian,article,hurricane,data/news/2022_09_29_186.txt
2022-09-30T06:23:08Z,Hurricane Ian: ‘catastrophic’ damage in Florida as storm heads to South Carolina,https://www.theguardian.com/us-news/2022/sep/29/florida-rescue-crews-search-residents-trapped-hurricane-ian-floods,article,hurricane,data/news/2022_09_30_187.txt
2022-09-30T16:01:00Z,Ron DeSantis changes with the wind as Hurricane Ian prompts flip-flop on aid,https://www.theguardian.com/us-news/2022/sep/30/ron-desantis-hurricane-ian-florida-sandy,article,hurricane,data/news/2022_09_30_188.txt
2022-09-29T07:44:29Z,Hurricane Ian: more than 2m without power as Florida hit with ‘catastrophic’ wind and rain,https://www.theguardian.com/us-news/2022/sep/28/hurricane-ian-millions-florida-path-deadly-cyclone,article,hurricane,data/news/2022_09_29_189.txt
2022-09-20T10:26:09Z,Major earthquake shakes Mexico on anniversary of two previous tremors | First Thing,https://www.theguardian.com/us-news/2022/sep/20/first-thing-earthquake-shakes-mexico-on-anniversary-of-two-past-tremors,article,earthquake,data/news/2022_09_20_190.txt
2022-09-28T09:39:04Z,Cuba left without power as Hurricane Ian heads to Florida | First Thing,https://www.theguardian.com/us-news/2022/sep/28/hurricane-ian-cuba-power-florida-electricity-grid,article,hurricane,data/news/2022_09_28_191.txt
2022-09-07T15:43:35Z,‘The death is too much’: New York’s Little Pakistan gathers aid for flood victims,https://www.theguardian.com/us-news/2022/sep/07/pakistan-flood-victims-new-york-donation,article,flood,data/news/2022_09_07_192.txt
2022-09-27T20:59:37Z,"House January 6 committee postpones public hearing, citing Hurricane Ian",https://www.theguardian.com/us-news/2022/sep/27/jan-6-hearing-postponed-hurricane-ian,article,hurricane,data/news/2022_09_27_193.txt
2022-09-07T10:00:03Z,California’s week of heat and wildfires foretell a punishing autumn,https://www.theguardian.com/us-news/2022/sep/07/california-wildfires-heatwave-whats-ahead,article,wildfire,data/news/2022_09_07_194.txt
2022-09-29T10:13:38Z,More than 2m without power as Florida hit by hurricane Ian | First Thing,https://www.theguardian.com/us-news/2022/sep/29/first-thing-more-than-2m-without-power-as-florida-hit-by-hurricane-ian,article,hurricane,data/news/2022_09_29_195.txt
2022-09-28T17:58:20Z,‘We’re natural fighters’: Cubans brave sweeping power cuts in Hurricane Ian aftermath,https://www.theguardian.com/us-news/2022/sep/28/cuba-hurricane-ian-blackout-electricity,article,hurricane,data/news/2022_09_28_196.txt
2022-09-28T12:17:59Z,Hurricane Ian upgraded to category 4 storm as it bears down on Florida,https://www.theguardian.com/us-news/2022/sep/27/hurricane-ian-florida-tampa-cuba,article,hurricane,data/news/2022_09_28_197.txt
2022-10-01T01:20:17Z,Hurricane Ian moves into South Carolina after rampage in Florida,https://www.theguardian.com/us-news/2022/sep/30/hurricane-ian-south-carolina-charleston-florida-death-toll,article,hurricane,data/news/2022_10_01_198.txt
2022-10-02T16:25:18Z,Hurricane Ian: Americans urged to weigh risks of rebuilding in vulnerable areas,https://www.theguardian.com/us-news/2022/oct/02/hurricane-ian-risks-rebuilding-vulnerable-areas,article,hurricane,data/news/2022_10_02_199.txt
2022-10-01T20:06:33Z,Hurricane Ian: Florida and Carolinas comb wreckage to assess deadly toll,https://www.theguardian.com/us-news/2022/oct/01/hurricane-ian-south-carolina-florida-storm,article,hurricane,data/news/2022_10_01_200.txt
2022-10-03T20:10:50Z,"Flooding, outages, confusion: Florida reels as Hurricane Ian death toll rises",https://www.theguardian.com/us-news/2022/oct/03/hurricane-ian-death-toll-florida,article,hurricane,data/news/2022_10_03_201.txt
2022-10-29T17:53:12Z,"New York still vulnerable 10 years after Hurricane Sandy, protesters warn",https://www.theguardian.com/us-news/2022/oct/29/new-york-hurricane-sandy-climate-protest,article,hurricane,data/news/2022_10_29_202.txt
2022-10-17T23:12:39Z,"Wildfires in US west fueling extreme weather in other states, study finds",https://www.theguardian.com/us-news/2022/oct/17/wildfires-us-west-extreme-weather-central-states,article,wildfire,data/news/2022_10_17_203.txt
2022-10-03T09:59:17Z,Hurricane Ian death tolls climbs amid criticism over response | First Thing ,https://www.theguardian.com/us-news/2022/oct/03/hurricane-ian-florida-death-toll-update,article,hurricane,data/news/2022_10_03_204.txt
2022-10-05T20:43:04Z,"Hurricane Ian ‘ends discussion’ on climate crisis, Biden says on Florida visit",https://www.theguardian.com/us-news/2022/oct/05/biden-hurricane-ian-florida-ron-desantis,article,hurricane,data/news/2022_10_05_205.txt
2022-10-18T23:13:20Z,US will give $2m to Cuba in emergency relief funding for Hurricane Ian victims,https://www.theguardian.com/us-news/2022/oct/18/us-cuba-emergency-relief-funding-hurricane-ian-victims,article,hurricane,data/news/2022_10_18_206.txt
2022-10-06T18:24:54Z,Hurricane Ian: residents return to battered homes as death toll rises,https://www.theguardian.com/us-news/2022/oct/06/hurricane-ian-florida-ron-desantis-residents-return-sanibel-captiva-pine-island,article,hurricane,data/news/2022_10_06_207.txt
2022-10-05T07:00:03Z,Elderly bear brunt of Hurricane Ian as Sunshine state retirement turns sour,https://www.theguardian.com/us-news/2022/oct/05/hurricane-ian-elderly-seniors-florida,article,hurricane,data/news/2022_10_05_208.txt
2022-10-05T16:55:44Z,Hurricane Ian: woman celebrating 40th birthday in Florida among victims,https://www.theguardian.com/us-news/2022/oct/05/hurricane-ian-woman-birthday-victim,article,hurricane,data/news/2022_10_05_209.txt
2022-10-07T06:00:50Z,Will Hurricane Ian force Ron DeSantis to confront climate reality?,https://www.theguardian.com/us-news/2022/oct/07/ron-desantis-hurricane-ian-florida,article,hurricane,data/news/2022_10_07_210.txt
2022-10-04T21:56:52Z,California’s three-year drought continues with no relief in sight,https://www.theguardian.com/us-news/2022/oct/04/california-record-drought-climate-crisis-la-nina,article,drought,data/news/2022_10_04_211.txt
2022-10-04T20:31:51Z,Hurricane Ian death toll rises as Biden prepares to tour worst-hit areas,https://www.theguardian.com/us-news/2022/oct/04/hurricane-ian-death-toll-florida-biden,article,hurricane,data/news/2022_10_04_212.txt
2022-10-21T01:36:53Z,Seattle and Portland mired in poor air quality as wildfires smoke up sky,https://www.theguardian.com/us-news/2022/oct/20/seattle-portland-air-quality-wildfire-smoke,article,wildfire,data/news/2022_10_21_213.txt
2022-11-09T22:57:56Z,Florida buckles down for direct hit from rare November hurricane,https://www.theguardian.com/us-news/2022/nov/09/storm-nicole-florida-rare-november-hurricane-warning,article,hurricane,data/news/2022_11_09_214.txt
2022-11-09T13:22:29Z,Late-season hurricane expected to make landfall in eastern Florida ,https://www.theguardian.com/us-news/2022/nov/09/florida-hurricane-tropical-storm-nicole-landfall-latest,article,hurricane,data/news/2022_11_09_215.txt
2022-11-14T09:00:34Z,‘I never doubted it’: why film-maker Michael Moore forecast ‘blue tsunami’ in midterms,https://www.theguardian.com/us-news/2022/nov/14/us-midterms-film-maker-michael-moore-blue-tsunami,article,tsunami,data/news/2022_11_14_216.txt
2022-12-23T22:03:01Z,‘Once in a generation’ freeze for Christmas as bomb cyclone hits US,https://www.theguardian.com/us-news/2022/dec/23/us-weather-bomb-cyclone-us-christmas-latest,article,cyclone,data/news/2022_12_23_217.txt
2022-12-24T20:27:06Z,Huge ‘bomb cyclone’ storm hits US with life-threatening cold as holidays begin,https://www.theguardian.com/us-news/2022/dec/24/huge-winter-storm-bomb-cyclone-us-life-threatening-cold-holidays,article,cyclone,data/news/2022_12_24_218.txt
2022-12-23T11:00:03Z,Weather whiplash: US west set to cook as east coast braces for bomb cyclone,https://www.theguardian.com/us-news/2022/dec/23/weather-whiplash-us-west-sunny-east-coast-bomb-cyclone,article,cyclone,data/news/2022_12_23_219.txt
2022-12-21T01:10:39Z,‘Bomb cyclone’ storm could bring deadly winter weather to US,https://www.theguardian.com/us-news/2022/dec/20/us-weather-christmas-travel-severe-winter-storms,article,cyclone,data/news/2022_12_21_220.txt
2022-12-22T23:23:10Z,"Potential bomb cyclone is ‘serious stuff’, Biden warns as Arctic blast looms",https://www.theguardian.com/us-news/2022/dec/22/arctic-blast-us-weather-holiday-travel,article,cyclone,data/news/2022_12_22_221.txt
2022-12-15T11:01:01Z,"Blizzard warnings, tornadoes and two deaths as storm marches across US | First Thing",https://www.theguardian.com/us-news/2022/dec/15/first-thing-blizzard-warnings-tornadoes-and-two-deaths-as-storm-marches-across-us,article,blizzard,data/news/2022_12_15_222.txt
2022-12-23T07:00:02Z,‘We got lucky’: inside California’s strangely quiet wildfire year,https://www.theguardian.com/us-news/2022/dec/23/california-2022-fire-season-anomaly-climate-crisis,article,wildfire,data/news/2022_12_23_223.txt
2022-12-29T21:25:25Z,Human toll of deadly US storm grows in ‘blizzard of the century’,https://www.theguardian.com/us-news/2022/dec/29/blizzard-century-deadly-us-storm-buffalo,article,blizzard,data/news/2022_12_29_224.txt
2023-01-06T00:14:04Z, Two dead as ‘bomb cyclone’ brings heavy winds and rain to California,https://www.theguardian.com/us-news/2023/jan/05/california-storm-weather-atmospheric-river,article,cyclone,data/news/2023_01_06_225.txt
2023-01-07T11:00:17Z,Bomb cyclones to atmospheric rivers: what’s causing the California deluge?,https://www.theguardian.com/us-news/2023/jan/07/california-storm-deluge-cause-bomb-cyclone-atmospheric-river,article,cyclone,data/news/2023_01_07_226.txt
2023-01-16T22:05:11Z,Town where Martin Luther King Jr made historic march reels from tornado,https://www.theguardian.com/us-news/2023/jan/16/selma-alabama-martin-luther-king-march-tornado,article,tornado,data/news/2023_01_16_227.txt
2023-01-13T19:57:24Z,Deaths from US tornadoes rise to nine as crews search for trapped survivors,https://www.theguardian.com/us-news/2023/jan/13/tornadoes-georgia-alabama-south-death-toll,article,tornado,data/news/2023_01_13_228.txt
2023-01-11T19:02:02Z,Q&A: will the California storms ease the state’s drought?,https://www.theguardian.com/us-news/2023/jan/11/california-storms-drought-explainer-will-it-help,article,drought,data/news/2023_01_11_229.txt
2023-01-12T19:23:51Z,"Dramatic spike in rain has helped counter California’s extreme drought, data reveals",https://www.theguardian.com/us-news/2023/jan/12/dramatic-spike-rain-california-extreme-drought,article,drought,data/news/2023_01_12_230.txt
2023-01-27T11:00:49Z,Larger than usual snowpack in California gives hope of reprieve in drought,https://www.theguardian.com/us-news/2023/jan/27/california-storms-snowpack-drought-sierra-nevada-climate-crisis,article,drought,data/news/2023_01_27_231.txt
2023-01-02T11:00:14Z,Biden declares Arizona floods a federal disaster for Havasupai tribe,https://www.theguardian.com/us-news/2023/jan/02/biden-disaster-havasupai-tribe-arizona-flooding,article,flood,data/news/2023_01_02_232.txt
2023-02-27T17:31:23Z,"US battered by tornadoes, wind and snow as more storms expected",https://www.theguardian.com/us-news/2023/feb/27/us-winter-storms,article,tornado,data/news/2023_02_27_233.txt
2023-02-07T11:24:32Z,"First Thing: Turkey and Syria earthquake death toll ‘could pass 20,000’",https://www.theguardian.com/us-news/2023/feb/07/first-thing-turkey-syria-earthquake-death-toll,article,earthquake,data/news/2023_02_07_234.txt
2023-02-06T13:20:02Z,First Thing: 7.8-magnitude earthquake in Turkey and Syria kills hundreds,https://www.theguardian.com/us-news/2023/feb/06/first-thing-78-magnitude-earthquake-in-turkey-and-syria-kills-at-least-1500,article,earthquake,data/news/2023_02_06_235.txt
2023-03-31T13:17:38Z,"Spring storm from western US to bring blizzards, tornadoes and showers ",https://www.theguardian.com/us-news/2023/mar/31/us-weather-storm-great-lakes-texas,article,blizzard,data/news/2023_03_31_236.txt
2023-03-03T21:21:18Z,Midwest and north-east US brace for powerful storm and possible tornadoes,https://www.theguardian.com/us-news/2023/mar/03/us-weather-latest-storms-midwest-north-east,article,tornado,data/news/2023_03_03_237.txt
2023-03-10T11:00:50Z,"Megafires, drought and heat killing conifer seedlings in US west – study",https://www.theguardian.com/us-news/2023/mar/10/us-west-megafire-drought-heat-killing-conifer-seedling-study,article,drought,data/news/2023_03_10_238.txt
2023-03-27T10:00:44Z,They grow America’s strawberries. A vicious flood made them climate migrants,https://www.theguardian.com/us-news/2023/mar/27/california-farm-workers-pajaro-california-flooding,article,flood,data/news/2023_03_27_239.txt
2023-03-27T18:37:34Z,"Mississippi tornado recovery will likely take years, officials say",https://www.theguardian.com/us-news/2023/mar/27/mississippi-tornado-damage-rolling-fork,article,tornado,data/news/2023_03_27_240.txt
2023-04-20T16:00:36Z,"‘Tsunami of pilot retirements’ coming to US aviation industry, experts warn",https://www.theguardian.com/us-news/2023/apr/20/pilot-retirements-us-airline-industry,article,tsunami,data/news/2023_04_20_241.txt
2023-04-01T07:01:44Z,Drought or no drought? California left pondering after record winter deluge,https://www.theguardian.com/us-news/2023/apr/01/california-drought-status-winter-storms-weather,article,drought,data/news/2023_04_01_242.txt
2023-04-05T20:41:37Z,Missouri tornado kills five people and causes widespread destruction,https://www.theguardian.com/us-news/2023/apr/05/deadly-tornado-missouri-michigan-illiinois,article,tornado,data/news/2023_04_05_243.txt
2023-04-10T10:00:17Z, ‘We all want to be home’: California town faces slow recovery after historic flood,https://www.theguardian.com/us-news/2023/apr/10/pajaro-california-historic-flood-rebuild,article,flood,data/news/2023_04_10_244.txt
2023-04-18T10:00:37Z,An immigrant farmer grew produce for restaurants. California floods ruined her crops,https://www.theguardian.com/us-news/2023/apr/18/california-immigrant-farmers-flooding,article,flood,data/news/2023_04_18_245.txt
2023-05-01T12:30:46Z,Virginia Beach declares state of emergency after tornado,https://www.theguardian.com/us-news/2023/may/01/virginia-beach-tornado-state-of-emergency,article,tornado,data/news/2023_05_01_246.txt
2023-05-08T10:00:03Z,‘They’re sacrificing us’: a California town feels ignored months after flood,https://www.theguardian.com/us-news/2023/may/08/flood-ravaged-residents-ignored-planada-california,article,flood,data/news/2023_05_08_247.txt
2023-05-27T15:18:40Z,Insurance giant halts sale of new home policies in California due to wildfires,https://www.theguardian.com/us-news/2023/may/27/state-farm-home-insurance-california-wildfires,article,wildfire,data/news/2023_05_27_248.txt
2023-06-28T13:50:25Z,Heatwave in south and wildfire smoke in north buffet US from both sides,https://www.theguardian.com/us-news/2023/jun/28/us-heatwave-wildfire-smoke-air-quality-extreme-weather,article,wildfire,data/news/2023_06_28_249.txt
2023-06-11T11:00:50Z,‘A portion of paradise’: how the drought is bringing a lost US canyon back to life,https://www.theguardian.com/us-news/2023/jun/11/lake-powell-glen-canyon-drought-reservoir,article,drought,data/news/2023_06_11_250.txt
2023-06-15T16:23:47Z,US midwest braces for smoky skies as Canadian wildfires rage on,https://www.theguardian.com/us-news/2023/jun/15/wildfire-smoke-midwest-air-quality-minnesota-wisconsin-canada,article,wildfire,data/news/2023_06_15_251.txt
2023-06-03T17:00:36Z,The reckoning that wasn’t: how the largest US power firm avoided a trial for a deadly wildfire,https://www.theguardian.com/us-news/2023/jun/03/us-zogg-wildfire-power-company-avoided-trial,article,wildfire,data/news/2023_06_03_252.txt
2023-06-02T21:18:24Z,US air quality as far south as Virginia affected by Nova Scotia wildfires,https://www.theguardian.com/us-news/2023/jun/02/us-air-quality-virginia-maryland-nova-scotia-wildfires,article,wildfire,data/news/2023_06_02_253.txt
2023-06-16T12:14:04Z,Three people killed and one missing after tornadoes strike Texas town,https://www.theguardian.com/us-news/2023/jun/15/tornadoes-perryton-north-texas-one-dead-75-injured,article,tornado,data/news/2023_06_16_254.txt
2023-06-08T18:00:37Z,New York’s essential workers bear the brunt of poor air quality from wildfires,https://www.theguardian.com/us-news/2023/jun/08/essential-workers-air-quality-smoke-hazard-delivery-drivers-wildfires-new-york,article,wildfire,data/news/2023_06_08_255.txt
2023-07-12T14:15:06Z, ‘Everything got wrecked’: Vermont city begins cleanup after devastating flood,https://www.theguardian.com/us-news/2023/jul/12/montpelier-vermont-flood-rain-damage,article,flood,data/news/2023_07_12_256.txt
2023-07-12T13:07:23Z,Americans warned not to swim or drive in hazardous flood waters,https://www.theguardian.com/us-news/2023/jul/12/vermont-flood-warning-water-swim-drive-massachusetts,article,flood,data/news/2023_07_12_257.txt
2023-07-31T19:09:29Z,Huge wildfire explodes in southern California and spreads into Nevada,https://www.theguardian.com/us-news/2023/jul/31/california-wildfire-mojave-york-fire,article,wildfire,data/news/2023_07_31_258.txt
2023-07-17T15:31:30Z,Millions on alert as wildfire smoke from Canada to spread to US,https://www.theguardian.com/us-news/2023/jul/17/wildfire-smoke-canada-us-air-quality,article,wildfire,data/news/2023_07_17_259.txt
2023-07-18T10:36:47Z,Greece battles to contain wildfires as temperature in Italy forecast to hit 46C | First Thing,https://www.theguardian.com/us-news/2023/jul/18/first-thing-greece-battles-wildfires-as-temperature-in-italy-forecast-to-hit-46c,article,wildfire,data/news/2023_07_18_260.txt
2023-07-11T18:47:10Z,Vermont capital cut off by flood waters as dam threatens to overflow,https://www.theguardian.com/us-news/2023/jul/11/vermont-flooding-dam-montpelier,article,flood,data/news/2023_07_11_261.txt
2023-07-17T13:57:32Z,Pennsylvania flash flood: five people killed and two children missing,https://www.theguardian.com/us-news/2023/jul/17/pennsylvania-flash-flood-buck-county-missing-people,article,flood,data/news/2023_07_17_262.txt
2023-07-13T02:01:02Z,Tornadoes halt Chicago air traffic as residents urged to seek shelter,https://www.theguardian.com/us-news/2023/jul/12/chicago-tornadoes-storms-airport-traffic-ohare-midway,article,tornado,data/news/2023_07_13_263.txt
2023-08-31T23:02:28Z,Hurricane Idalia leaves trail of floods and wreckage in south-eastern US,https://www.theguardian.com/us-news/2023/aug/31/hurricane-idalia-florida-north-south-carolina-georgia,article,flood,data/news/2023_08_31_264.txt
2023-08-22T00:54:39Z,Weakening Storm Hilary leaves floods and mud behind in California,https://www.theguardian.com/us-news/2023/aug/21/california-flooding-rain-storm-hilary,article,flood,data/news/2023_08_22_265.txt
2023-08-29T16:48:45Z,Hurricane Idalia closes in on Florida with warnings of 125mph winds,https://www.theguardian.com/us-news/2023/aug/29/hurricane-idalia-florida-gulf-coast,article,hurricane,data/news/2023_08_29_266.txt
2023-08-31T01:52:42Z,Hurricane Idalia batters south-eastern US causing storm surges and power outages,https://www.theguardian.com/us-news/2023/aug/30/hurricane-idalia-florida-landfall,article,hurricane,data/news/2023_08_31_267.txt
2023-08-10T23:43:18Z,‘It looks like a war zone’: Lahaina residents tell of wildfire ‘nightmare’,https://www.theguardian.com/us-news/2023/aug/10/hawaii-lahaina-maui-wildfire-survivors,article,wildfire,data/news/2023_08_10_268.txt
2023-08-12T17:23:59Z,Hawaii congresswoman says state underestimated lethality of wildfires,https://www.theguardian.com/us-news/2023/aug/12/hawaii-congresswomanstate-underestimated-lethality-wildfires,article,wildfire,data/news/2023_08_12_269.txt
2023-08-10T11:03:38Z,First Thing: dozens die in unprecedented Hawaii wildfires,https://www.theguardian.com/us-news/2023/aug/10/first-thing-dozens-die-in-unprecedented-hawaii-wildfires,article,wildfire,data/news/2023_08_10_270.txt
2023-08-25T23:51:24Z,Louisiana residents told to ‘get out now’ in face of sweeping wildfire,https://www.theguardian.com/us-news/2023/aug/25/louisiana-wildfire-tiger-island-fire-evacuation,article,wildfire,data/news/2023_08_25_271.txt
2023-08-10T23:48:22Z,Hawaii wildfires: how did the deadly Maui fire start and what caused it?,https://www.theguardian.com/us-news/2023/aug/09/hawaii-wildfires-maui-explainer,article,wildfire,data/news/2023_08_10_272.txt
2023-08-25T16:08:23Z,Hawaii officials release list of 388 people missing after Maui wildfires,https://www.theguardian.com/us-news/2023/aug/25/hawaii-fires-missing-people-maui,article,wildfire,data/news/2023_08_25_273.txt
2023-08-30T23:28:07Z,What is a storm surge and what is the threat from Hurricane Idalia?,https://www.theguardian.com/world/2023/aug/30/idalia-storm-surge-threat-explainer,article,hurricane,data/news/2023_08_30_274.txt
2023-08-13T20:55:40Z,Hawaii wildfires: deadliest US blaze in a century kills at least 93 people,https://www.theguardian.com/us-news/2023/aug/13/hawaii-wildfires-at-least-89-confirmed-killed-after-deadliest-us-blaze-in-100-years,article,wildfire,data/news/2023_08_13_275.txt
2023-08-11T00:24:06Z,‘Like a bomb went off’: Maui wildfires decimate historic town of Lahaina,https://www.theguardian.com/us-news/2023/aug/10/lahaina-maui-wildfire-damage,article,wildfire,data/news/2023_08_11_276.txt
2023-08-31T12:37:06Z,Hurricane Idalia could become 2023’s costliest climate disaster for the US,https://www.theguardian.com/us-news/2023/aug/31/hurricane-idalia-cost-update-category-3-florida-georgia,article,hurricane,data/news/2023_08_31_277.txt
2023-08-11T09:26:51Z,Death toll from Hawaii wildfires increases to 55 as search for survivors continues,https://www.theguardian.com/us-news/2023/aug/10/hawaii-fire-kills-people-lahaina-town-maui,article,wildfire,data/news/2023_08_11_278.txt
2023-08-15T02:13:57Z,Maui wildfires: Hawaii governor says at least 99 dead amid ‘incredible’ destruction,https://www.theguardian.com/us-news/2023/aug/14/hawaii-fires-lahaina-maui-death-toll-missing,article,wildfire,data/news/2023_08_15_279.txt
2023-08-10T21:41:52Z,‘Heartbeat of Lahaina Town’: wildfire chars beloved 150-year-old banyan tree,https://www.theguardian.com/us-news/2023/aug/10/lahaina-banyan-tree-burned-hawaii-wildfire,article,wildfire,data/news/2023_08_10_280.txt
2023-08-02T19:21:13Z,California’s largest wildfire of the year threatens fragile desert ecosystem,https://www.theguardian.com/us-news/2023/aug/02/california-york-fire-joshua-tree,article,wildfire,data/news/2023_08_02_281.txt
2023-08-30T09:52:56Z,Idalia to hit Florida as ‘extremely dangerous’ category 4 hurricane | First Thing,https://www.theguardian.com/us-news/2023/aug/30/first-thing-idalia-hit-florida-extremely-dangerous-category-4-hurricane,article,hurricane,data/news/2023_08_30_282.txt
2023-08-18T11:00:48Z,‘Coral are going to die’: Maui wildfires take toxic toll on marine ecology,https://www.theguardian.com/us-news/2023/aug/18/hawaii-fires-environmental-harm-coral-reefs-grasses,article,wildfire,data/news/2023_08_18_283.txt
2023-08-14T11:00:56Z,Hawaii wildfires kill at least 93 people | First Thing,https://www.theguardian.com/us-news/2023/aug/14/first-thing-hawaii-wildfires-lahaina-kansas,article,wildfire,data/news/2023_08_14_284.txt
2023-09-02T19:57:19Z,Biden tours Florida hurricane damage: ‘nobody can deny impacts of climate crisis’,https://www.theguardian.com/us-news/2023/sep/02/joe-biden-visits-hurricane-florida-desantis,article,hurricane,data/news/2023_09_02_285.txt
2023-09-01T13:56:35Z,States count cost of Hurricane Idalia as experts say it could have been far worse,https://www.theguardian.com/us-news/2023/sep/01/hurricane-idalia-damage-florida-biden,article,hurricane,data/news/2023_09_01_286.txt
2023-09-07T10:00:24Z,‘Occupied by the US’: wildfires renew Native Hawaiian call for sovereignty,https://www.theguardian.com/us-news/2023/sep/07/native-hawaiian-sovereignty-maui-wildfires,article,wildfire,data/news/2023_09_07_287.txt
2023-09-02T15:09:55Z,DeSantis snubs Biden as president tours Hurricane Idalia damage in Florida,https://www.theguardian.com/us-news/2023/sep/02/ron-desantis-snubs-joe-biden-hurricane-idalia,article,hurricane,data/news/2023_09_02_288.txt
2023-09-08T11:00:38Z,DeSantis struggles to shake Hurricane Idalia’s dark clouds after snub to Biden,https://www.theguardian.com/us-news/2023/sep/08/ron-desantis-campaign-struggles-hurricane-idalia-biden-snub,article,hurricane,data/news/2023_09_08_289.txt
2023-09-14T09:32:25Z,First Thing: Appeals for body bags amid fears of epidemic after Libya floods,https://www.theguardian.com/us-news/2023/sep/14/first-thing-appeals-for-body-bags-amid-fears-of-epidemic-after-libya-floods,article,flood,data/news/2023_09_14_290.txt
2023-10-16T16:44:44Z,What you need to know about the loophole hiding the extent of US wildfire pollution,https://www.theguardian.com/us-news/2023/oct/16/epa-rule-responsible-for-wildfire-smoke-not-reported-americans-health,article,wildfire,data/news/2023_10_16_291.txt
2023-10-06T11:00:40Z,"Dead lawns, dry wells: Texas drought persists after summer heat dome",https://www.theguardian.com/us-news/2023/oct/06/texas-drought-heat-dome,article,drought,data/news/2023_10_06_292.txt
2023-10-02T16:18:55Z,New York City faces lower air quality from Canada wildfires,https://www.theguardian.com/us-news/2023/oct/02/new-york-city-air-quality-smoke-canada-wildfires,article,wildfire,data/news/2023_10_02_293.txt
2023-11-08T15:35:40Z,Vibrations of Texas’s fourth-strongest earthquake felt hundreds of miles away,https://www.theguardian.com/us-news/2023/nov/08/texas-earthquake-new-mexico,article,earthquake,data/news/2023_11_08_294.txt
2023-11-05T16:00:12Z,"A town re-emerges from the ashes of a devastating wildfire. But five years on, is Paradise for all?",https://www.theguardian.com/us-news/2023/nov/05/california-camp-fire-rebuilding-paradise-housing,article,wildfire,data/news/2023_11_05_295.txt
2023-12-26T19:26:36Z,Blizzard conditions hit US northern plains and upper midwest,https://www.theguardian.com/us-news/2023/dec/26/blizzard-midwest-snow-travel-weather-warning,article,blizzard,data/news/2023_12_26_296.txt
2023-12-20T14:00:15Z,The Maui wildfire exacerbated a housing crisis. Can tiny homes and ADUs offer a solution?,https://www.theguardian.com/us-news/2023/dec/20/maui-wildfire-housing-crisis-solutions-tiny-homes-adu,article,wildfire,data/news/2023_12_20_297.txt
