webPublicationDate,webTitle,webUrl,type,disaster_type,path
2019-01-13T08:00:03Z,The Great Boston Molasses Flood: why the strange disaster matters today,https://www.theguardian.com/us-news/2019/jan/13/the-great-boston-molasses-flood-why-it-matters-modern-regulation,article,flood,data/news/2019_01_13_0.txt
2019-01-10T01:41:36Z,Trump's threat to cut California wildfire relief leaves state officials baffled,https://www.theguardian.com/us-news/2019/jan/09/trump-california-fire-relief-fema-funding,article,wildfire,data/news/2019_01_10_1.txt
2019-02-27T21:07:58Z,Giant 'Glory Hole' sucks in rainwater as storms swell California lake,https://www.theguardian.com/us-news/2019/feb/27/california-glory-hole-lake-berryessa-rain-storm-flood-overspill,article,storm,data/news/2019_02_27_2.txt
2019-02-28T19:18:49Z,The flooded California wine country towns accessible only by boat – in pictures,https://www.theguardian.com/us-news/2019/feb/28/flooded-california-towns-accessible-by-boat-in-pictures,article,flood,data/news/2019_02_28_3.txt
2019-03-23T01:25:54Z,US disaster agency exposed private data of 2.3m hurricane and wildfire survivors,https://www.theguardian.com/us-news/2019/mar/22/fema-mishandled-data-hurricane-wildfire-survivors-report,article,wildfire,data/news/2019_03_23_4.txt
2019-03-05T20:26:51Z,Alabama tornado: rescuers continue search after twister kills 23,https://www.theguardian.com/us-news/2019/mar/05/alabama-tornado-beauregard-twister-news,article,tornado,data/news/2019_03_05_5.txt
2019-05-23T06:00:33Z,'Forgotten coast': a Florida town fights to rebuild after Hurricane Michael,https://www.theguardian.com/us-news/2019/may/23/mexico-beach-hurricane-michael-florida-recovery,article,hurricane,data/news/2019_05_23_6.txt
2019-05-12T05:00:22Z,After the floods: the struggle for survival in a tiny Mississippi town,https://www.theguardian.com/us-news/2019/may/11/mississippi-floods-tchula-william-barber-poverty,article,flood,data/news/2019_05_12_7.txt
2019-06-15T08:00:13Z,California’s wildfire season is starting and officials are bracing for the worst,https://www.theguardian.com/us-news/2019/jun/15/californias-wildfire-season-is-starting-and-officials-are-bracing-for-the-worst,article,wildfire,data/news/2019_06_15_8.txt
2019-06-03T06:00:57Z,'So much land under so much water': extreme flooding is drowning parts of the midwest,https://www.theguardian.com/us-news/2019/jun/03/so-much-land-under-so-much-water-extreme-flooding-is-drowning-parts-of-the-midwest,article,flood,data/news/2019_06_03_9.txt
2019-06-16T05:00:41Z,The Best People review: how Trump flooded the swamp,https://www.theguardian.com/us-news/2019/jun/16/the-best-people-review-trump-swamp-cabinet,article,flood,data/news/2019_06_16_10.txt
2019-07-12T14:54:37Z,New Orleans prepares for Tropical Storm Barry as it approaches shore,https://www.theguardian.com/us-news/2019/jul/12/new-orleans-barry-storm-hurricane-latest-weather-news-updates,article,storm,data/news/2019_07_12_11.txt
2019-07-12T07:39:42Z,Storm Barry: New Orleans residents brace for possible hurricane,https://www.theguardian.com/us-news/2019/jul/11/new-orleans-residents-hurricane-storm-barry,article,storm,data/news/2019_07_12_12.txt
2019-07-13T21:37:56Z,'Do not drop your guard': Tropical Storm Barry threatens heavy rain after landfall,https://www.theguardian.com/us-news/2019/jul/13/louisiana-in-state-of-emergency-bracing-for-tropical-storm-barry,article,storm,data/news/2019_07_13_13.txt
2019-07-04T20:22:51Z,Southern California rattled by 6.4-magnitude earthquake,https://www.theguardian.com/us-news/2019/jul/04/earthquake-southern-california-largest-in-decades,article,earthquake,data/news/2019_07_04_14.txt
2019-07-07T04:54:34Z,California governor declares state of emergency after second earthquake,https://www.theguardian.com/us-news/2019/jul/06/california-earthquake-latest-tremors-state-of-emergency,article,earthquake,data/news/2019_07_07_15.txt
2019-07-06T16:03:43Z,California braced for more aftershocks after 7.1 magnitude earthquake,https://www.theguardian.com/us-news/2019/jul/05/southern-california-ridgecrest-earthquake-aftershocks-damage,article,earthquake,data/news/2019_07_06_16.txt
2019-07-29T05:00:35Z,How some of the world's rarest fish dodged a California earthquake,https://www.theguardian.com/us-news/2019/jul/28/california-devils-hole-pupfish-earthquake,article,earthquake,data/news/2019_07_29_17.txt
2019-07-17T19:27:22Z,"Drug makers flooded US with billions of opioid pills as epidemic surged, data shows",https://www.theguardian.com/us-news/2019/jul/17/opioid-crisis-drug-makers-pills-federal-data-epidemic,article,flood,data/news/2019_07_17_18.txt
2019-07-19T16:43:39Z,Ex-pharma chief charged with flooding Appalachian towns with opioids,https://www.theguardian.com/us-news/2019/jul/19/opioids-crisis-appalachia-painkillers-drugs,article,flood,data/news/2019_07_19_19.txt
2019-08-26T11:04:36Z,Trump suggests 'nuking hurricanes' to stop them hitting America – report,https://www.theguardian.com/us-news/2019/aug/26/donald-trump-suggests-nuking-hurricanes-to-stop-them-hitting-america-report,article,hurricane,data/news/2019_08_26_20.txt
2019-08-31T09:59:07Z,Hurricane Dorian strengthens to category 4 as Florida braces for landfall,https://www.theguardian.com/us-news/2019/aug/30/hurricane-dorian-florida-latest-strength-path,article,hurricane,data/news/2019_08_31_21.txt
2019-08-30T20:11:38Z,The historic hurricanes that made landfall on Florida’s east coast,https://www.theguardian.com/us-news/2019/aug/30/hurricane-dorian-florida-east-coast-landfall-storms,article,hurricane,data/news/2019_08_30_22.txt
2019-09-02T01:45:19Z,Donald Trump wrongly says Hurricane Dorian will hit Alabama,https://www.theguardian.com/us-news/2019/sep/02/donald-trump-wrongly-says-hurricane-dorian-will-hit-alabama,article,hurricane,data/news/2019_09_02_23.txt
2019-09-03T15:25:12Z,Trump attacks London mayor for criticizing inaction on Hurricane Dorian,https://www.theguardian.com/us-news/2019/sep/03/trump-calls-london-mayor-sadiq-khan-incompetent-following-hurricane-remark,article,hurricane,data/news/2019_09_03_24.txt
2019-09-01T15:21:41Z,Floridians not fazed as Hurricane Dorian’s path keeps state guessing,https://www.theguardian.com/us-news/2019/sep/01/florida-hurricane-dorian-preparation,article,hurricane,data/news/2019_09_01_25.txt
2019-09-21T05:00:26Z,Crossfire Hurricane review: tale of Trump and the FBI is a gas gas gas,https://www.theguardian.com/us-news/2019/sep/21/crossfire-hurricane-review-josh-campbell-trump-fbi,article,hurricane,data/news/2019_09_21_26.txt
2019-09-28T13:30:43Z,Bill Clinton and Jeb Bush seek refuge from Trump impeachment storm,https://www.theguardian.com/us-news/2019/sep/28/bill-clinton-jeb-bush-bipartisan-trump-impeachment,article,storm,data/news/2019_09_28_27.txt
2019-09-04T20:05:16Z,'Dragon' drones: the flame throwers fighting wildfires with fire,https://www.theguardian.com/us-news/2019/sep/03/wildfires-drones-controlled-prescribed-burns,article,wildfire,data/news/2019_09_04_28.txt
2019-10-26T00:09:26Z,'It's like I'm in hell': how it feels to flee a wildfire outside Los Angeles,https://www.theguardian.com/us-news/2019/oct/25/california-wildfires-survivors-evacuees,article,wildfire,data/news/2019_10_26_29.txt
2019-10-05T04:00:36Z,'A problem in every national forest': tree thieves were behind Washington wildfire,https://www.theguardian.com/us-news/2019/oct/05/washington-wildfire-tree-thieves,article,wildfire,data/news/2019_10_05_30.txt
2019-10-29T18:52:53Z,Wildfire wedding: couple wear protective masks in viral California photo,https://www.theguardian.com/us-news/2019/oct/29/wildfire-wedding-photo-couple-masks,article,wildfire,data/news/2019_10_29_31.txt
2019-10-28T23:58:29Z,California wildfires: how bad are they and is the climate crisis linked?,https://www.theguardian.com/us-news/2019/oct/28/california-wildfires-explained-climate-change,article,wildfire,data/news/2019_10_28_32.txt
2019-10-14T15:30:44Z,Fiona Hill: British-born Russia expert drawn into impeachment storm,https://www.theguardian.com/us-news/2019/oct/14/fiona-hill-russia-trump-impeachment-inquiry-ukraine,article,storm,data/news/2019_10_14_33.txt
2019-10-29T22:49:25Z,California wildfires: fierce winds may spread blazes as millions lose power,https://www.theguardian.com/us-news/2019/oct/29/california-fierce-winds-may-spread-more-fires-as-millions-lose-power,article,wildfire,data/news/2019_10_29_34.txt
2019-10-30T17:20:54Z,California wildfires: new blaze threatens Reagan library amid extreme winds,https://www.theguardian.com/us-news/2019/oct/30/california-fires-latest-power-outages-san-francisco-la-simi-valley,article,wildfire,data/news/2019_10_30_35.txt
2019-10-31T19:14:22Z,Five hundred goats save the Ronald Reagan library from wildfires,https://www.theguardian.com/us-news/2019/oct/31/goats-save-ronald-reagan-library-wildfire,article,wildfire,data/news/2019_10_31_36.txt
2019-10-26T02:30:18Z,California wildfires: blazes ravage state as 2 million face looming blackouts,https://www.theguardian.com/us-news/2019/oct/25/california-fires-tick-kincade-la-sonoma,article,wildfire,data/news/2019_10_26_37.txt
2019-11-27T20:26:51Z,'Bomb cyclone' storm expected to upend Thanksgiving travel,https://www.theguardian.com/us-news/2019/nov/27/bomb-cyclone-latest-weather-report-thanksgiving-travel,article,storm,data/news/2019_11_27_38.txt
2019-11-29T15:56:00Z,Parts of US brace for heavy snow as storm system to bring 'weather hazards',https://www.theguardian.com/us-news/2019/nov/29/thanksgiving-weekend-weather-snow-wind-tornaoes,article,storm,data/news/2019_11_29_39.txt
2019-11-23T07:00:47Z,‘Culture will be eroded’: climate crisis threatens to flood Harriet Tubman park,https://www.theguardian.com/us-news/2019/nov/23/harriet-tubman-national-park-climate-crisis,article,flood,data/news/2019_11_23_40.txt
2019-12-01T07:00:03Z,"Legal storm clouds gather over Rudy Giuliani, America's tarnished mayor",https://www.theguardian.com/us-news/2019/dec/01/rudy-giuliani-trump-ukraine-legal-jeopardy,article,storm,data/news/2019_12_01_41.txt
2020-01-22T11:00:23Z,'A perfect storm': US census imperiled by Trump rhetoric and growing distrust,https://www.theguardian.com/us-news/2020/jan/22/us-census-trump-rhetoric-distrust-undercount,article,storm,data/news/2020_01_22_42.txt
2020-02-08T11:00:35Z,After the wildfires: tourist firms in California's wine country say no one is coming,https://www.theguardian.com/us-news/2020/feb/08/guerneville-wine-country-climate-crisis-business,article,wildfire,data/news/2020_02_08_43.txt
2020-03-10T10:00:29Z,'Remember us': could Trump lose Florida because of hurricane refugees?,https://www.theguardian.com/us-news/2020/mar/10/donald-trump-lose-florida-hurricane-maria-refugees-us-elections-2020,article,hurricane,data/news/2020_03_10_44.txt
2020-04-12T23:31:14Z,Tornadoes and storms hit US south as six killed in Mississippi,https://www.theguardian.com/us-news/2020/apr/12/us-weather-tornado-louisiana-texas-mississippi-storms,article,storm,data/news/2020_04_12_45.txt
2020-04-12T06:00:36Z,'A perfect storm': poverty and race add to Covid-19 toll in US deep south,https://www.theguardian.com/us-news/2020/apr/12/coronavirus-us-deep-south-poverty-race-perfect-storm,article,storm,data/news/2020_04_12_46.txt
2020-05-05T08:30:04Z,'It sounded evil': inside the eerie moment California’s deadliest wildfire began,https://www.theguardian.com/us-news/2020/may/05/paradise-california-wildfire-book-extract,article,wildfire,data/news/2020_05_05_47.txt
2020-05-22T12:42:22Z,"When the '500-year flood' hit Michigan, residents had to weigh risk of escape in a pandemic",https://www.theguardian.com/us-news/2020/may/22/michigan-dam-break-500-year-flood-escape-coronavirus,article,flood,data/news/2020_05_22_48.txt
2020-05-25T07:10:53Z,‘We will simply disconnect’: Mike Pompeo and the Australian TV appearance that caused a diplomatic storm,https://www.theguardian.com/us-news/2020/may/25/we-will-simply-disconnect-mike-pompeo-and-the-australian-tv-appearance-that-caused-a-diplomatic-storm,article,storm,data/news/2020_05_25_49.txt
2020-05-20T19:42:50Z,Michigan: threat of toxic contamination looms after dam failures trigger flooding,https://www.theguardian.com/us-news/2020/may/20/michigan-flooding-dam-toxic-contamination-threat,article,flood,data/news/2020_05_20_50.txt
2020-06-10T20:30:31Z,Tropical Storm Cristobal brings heavy rain and flooding to southern US,https://www.theguardian.com/us-news/2020/jun/10/tropical-storm-cristobal-brings-heavy-rain-and-flooding-to-southern-us,article,storm,data/news/2020_06_10_51.txt
2020-07-31T10:00:11Z,'You need to pay attention': virus-hit Texas readies for hurricane threat,https://www.theguardian.com/us-news/2020/jul/31/texas-coronavirus-pandemic-hurricane-covid-19,article,hurricane,data/news/2020_07_31_52.txt
2020-07-13T15:57:20Z,"‘Tsunami of untruths’: Trump has made 20,000 false or misleading claims – report",https://www.theguardian.com/us-news/2020/jul/13/donald-trump-20000-false-or-misleading-claims,article,tsunami,data/news/2020_07_13_53.txt
2020-07-10T20:35:32Z,"Pandemic sidelines more than 1,000 incarcerated wildfire fighters in California",https://www.theguardian.com/us-news/2020/jul/10/california-wildfire-coronavirus-prison-incarcerated-firefighters,article,wildfire,data/news/2020_07_10_54.txt
2020-08-28T16:27:52Z,Hurricane Laura levels homes and causes deaths as one of US's strongest ever storms,https://www.theguardian.com/us-news/2020/aug/28/hurricane-laura-deaths-destruction-us-strongest-ever-storm,article,storm,data/news/2020_08_28_55.txt
2020-08-26T23:43:02Z,Thousands flee US Gulf coastline as Hurricane Laura prompts fears of 20ft storm surge,https://www.theguardian.com/us-news/2020/aug/26/hurricane-laura-louisiana-texas-storm-surge-evacuation,article,storm,data/news/2020_08_26_56.txt
2020-08-26T10:00:20Z,‘Wake-up call’: wildfires tear through drought-plagued US south-west,https://www.theguardian.com/us-news/2020/aug/26/wildfires-us-south-west-colorado-arizona-new-mexico-utah,article,wildfire,data/news/2020_08_26_57.txt
2020-08-26T16:21:10Z,Hurricane Laura: storm to bring 'unsurvivable surge' of destruction to US Gulf coast,https://www.theguardian.com/us-news/2020/aug/25/hurricane-laura-texas-louisiana-healthcare-workers-coronavirus,article,storm,data/news/2020_08_26_58.txt
2020-08-27T15:08:36Z,Laura makes landfall: images show damage and destruction of powerful hurricane,https://www.theguardian.com/us-news/2020/aug/27/hurricane-laura-images-show-damage-destruction-powerful-storm,article,hurricane,data/news/2020_08_27_59.txt
2020-08-31T10:00:05Z,'Everything around us is destroyed': four friends started a farm. They didn't plan for a raging wildfire,https://www.theguardian.com/us-news/2020/aug/31/california-wildfires-farm-fire-crews,article,wildfire,data/news/2020_08_31_60.txt
2020-08-22T00:07:09Z,California's wildfires explained: how did they start – and is this normal?,https://www.theguardian.com/us-news/2020/aug/21/california-wildfires-explained-q-and-a-weather-smoke,article,wildfire,data/news/2020_08_22_61.txt
2020-08-21T01:58:41Z,California wildfires: firefighters stretched thin as blazes grow rapidly,https://www.theguardian.com/us-news/2020/aug/20/california-wildfires-latest-lightning-fire-bay-area,article,wildfire,data/news/2020_08_21_62.txt
2020-08-20T04:13:04Z,California wildfires: thousands evacuate as 'siege' of flames overwhelms state,https://www.theguardian.com/us-news/2020/aug/19/california-fires-lake-dome-evacuations,article,wildfire,data/news/2020_08_20_63.txt
2020-08-30T10:00:34Z,'Our house is ash and rubble:' fleeing a wildfire while eight months pregnant,https://www.theguardian.com/us-news/2020/aug/30/california-wildfires-lake-fire-pregnant-evacuees-displaced,article,wildfire,data/news/2020_08_30_64.txt
2020-08-21T22:15:39Z,California wildfires torch area bigger than Rhode Island as resources stretched thin,https://www.theguardian.com/us-news/2020/aug/21/california-wildfires-latest-bay-area-lightning,article,wildfire,data/news/2020_08_21_65.txt
2020-09-16T20:30:37Z,Weatherwatch: how strong winds made US wildfires worse,https://www.theguardian.com/us-news/2020/sep/16/weatherwatch-how-strong-winds-made-us-wildfires-worse,article,wildfire,data/news/2020_09_16_66.txt
2020-09-12T10:00:27Z,'Unprecedented': the US west's wildfire catastrophe explained,https://www.theguardian.com/us-news/2020/sep/12/california-oregon-washington-fires-explained-climate-change,article,wildfire,data/news/2020_09_12_67.txt
2020-09-15T10:06:48Z,First Thing: Trump says 'science doesn't know' what's causing wildfires,https://www.theguardian.com/us-news/2020/sep/15/first-thing-trump-says-science-doesnt-know-whats-causing-wildfires,article,wildfire,data/news/2020_09_15_68.txt
2020-09-25T23:43:32Z,California braces for dangerous heat as wildfire battle continues,https://www.theguardian.com/us-news/2020/sep/25/california-heatwave-temperatures-wildfires,article,wildfire,data/news/2020_09_25_69.txt
2020-09-15T01:38:29Z,US fires: Oregon wildfires kill at least 10 while 22 people are still missing,https://www.theguardian.com/us-news/2020/sep/14/us-west-fires-nearly-all-missing-people-accounted-for-deaths-smoke-air-quality,article,wildfire,data/news/2020_09_15_70.txt
2020-09-03T10:00:07Z,My family built our dream home in the woods. It was no match for wildfire,https://www.theguardian.com/us-news/2020/sep/03/california-hennessy-fire-dream-home-wildfire,article,wildfire,data/news/2020_09_03_71.txt
2020-09-08T10:00:19Z,What a big Covid-era earthquake would mean for the Bay Area,https://www.theguardian.com/us-news/2020/sep/08/san-francisco-bay-area-earthquake-coronavirus-housing,article,earthquake,data/news/2020_09_08_72.txt
2020-09-22T12:05:13Z,He fought wildfires while imprisoned. California reported him to Ice for deportation,https://www.theguardian.com/us-news/2020/sep/22/california-inmate-firefighter-ice-deportation,article,wildfire,data/news/2020_09_22_73.txt
2020-09-09T12:00:56Z,California wildfires torch record 2m acres as new blazes force evacuations,https://www.theguardian.com/world/2020/sep/08/california-wildfires-torch-2m-acres-blazes-force-evacuations,article,wildfire,data/news/2020_09_09_74.txt
2020-09-19T09:00:12Z,"Officials baselessly linked 'antifa' to arson before wildfires, documents show",https://www.theguardian.com/us-news/2020/sep/19/police-antifa-arson-wildfire-conspiracy-theories,article,wildfire,data/news/2020_09_19_75.txt
2020-09-06T16:20:17Z,California's record-breaking heatwave sparks wildfires and raises health concerns,https://www.theguardian.com/us-news/2020/sep/06/california-dangerous-record-breaking-heatwave,article,wildfire,data/news/2020_09_06_76.txt
2020-09-06T16:25:06Z,More than 200 campers rescued from California lake as wildfires spread,https://www.theguardian.com/us-news/2020/sep/05/us-west-coast-heatwave-california,article,wildfire,data/news/2020_09_06_77.txt
2020-09-02T10:00:06Z,A California family faced 14 wildfires in six years. Nothing prepared them for this year's inferno,https://www.theguardian.com/us-news/2020/sep/02/california-lnu-lightning-complex-fire-survivors,article,wildfire,data/news/2020_09_02_78.txt
2020-10-14T20:30:04Z,Record number of hurricanes make landfall in US in 2020,https://www.theguardian.com/us-news/2020/oct/14/record-number-hurricanes-make-landfall-united-states-2020,article,hurricane,data/news/2020_10_14_79.txt
2020-10-08T23:01:50Z,Hurricane Delta: Louisiana braces for disaster for sixth time this year,https://www.theguardian.com/us-news/2020/oct/08/hurricane-delta-louisiana-winds-flooding,article,hurricane,data/news/2020_10_08_80.txt
2020-10-23T19:21:02Z,Northern California on alert as high winds increase wildfire threat,https://www.theguardian.com/us-news/2020/oct/23/california-high-wildfire-risk,article,wildfire,data/news/2020_10_23_81.txt
2020-10-06T16:11:07Z,California wildfires spawn first ‘gigafire’ in modern history,https://www.theguardian.com/us-news/2020/oct/06/california-wildfires-gigafire-first,article,wildfire,data/news/2020_10_06_82.txt
2020-10-30T10:00:09Z,‘This season is off the charts’: Colorado fights the worst wildfires in its recent history,https://www.theguardian.com/us-news/2020/oct/30/colorado-fires-cameron-peak-east-troublesome,article,wildfire,data/news/2020_10_30_83.txt
2020-10-15T23:42:43Z,"California: 100,000 people without power amid extreme wildfire risk",https://www.theguardian.com/us-news/2020/oct/15/california-power-cuts-heatwave-pg-and-e,article,wildfire,data/news/2020_10_15_84.txt
2020-10-13T21:27:28Z,California: autumn heatwave sparks fears of new wildfires,https://www.theguardian.com/us-news/2020/oct/13/california-fires-heat-weather,article,wildfire,data/news/2020_10_13_85.txt
2020-11-11T18:43:11Z,Florida braced for Eta as new study finds hurricanes staying stronger for longer,https://www.theguardian.com/us-news/2020/nov/11/eta-storm-florida-hurricane-category-1-landfall,article,hurricane,data/news/2020_11_11_86.txt
2020-12-15T13:04:25Z,Major winter storm to bring deep snow and power outages to US east coast,https://www.theguardian.com/us-news/2020/dec/15/winter-storm-snow-power-outages-us-east-coast,article,storm,data/news/2020_12_15_87.txt
2020-12-30T09:00:07Z,California's wildfire hell: how 2020 became the state's worst ever fire season,https://www.theguardian.com/us-news/2020/dec/30/california-wildfires-north-complex-record,article,wildfire,data/news/2020_12_30_88.txt
2020-12-17T11:13:25Z,"Biden to get Covid vaccine in days, but mega storm threatens rollout | First Thing",https://www.theguardian.com/us-news/2020/dec/17/first-thing-joe-biden-get-covid-vaccine-days-winter-storm-rollout,article,storm,data/news/2020_12_17_89.txt
2021-01-07T13:03:18Z,America shaken after pro-Trump mob storms US Capitol building,https://www.theguardian.com/us-news/2021/jan/06/trump-mob-capitol-clash-police-washington,article,storm,data/news/2021_01_07_90.txt
2021-01-07T02:15:11Z,'Anarchy in the USA': what the papers say about the storming of the US Capitol,https://www.theguardian.com/us-news/2021/jan/07/anarchy-in-the-usa-what-the-papers-say-about-the-storming-of-the-us-capitol,article,storm,data/news/2021_01_07_91.txt
2021-01-31T18:10:35Z,‘That hurricane is coming’: expert warns US to brace for virulent Covid strain,https://www.theguardian.com/us-news/2021/jan/31/us-covid-uk-variant-strain-spread,article,hurricane,data/news/2021_01_31_92.txt
2021-01-07T03:05:11Z,US Capitol stormed: what we know so far,https://www.theguardian.com/us-news/2021/jan/07/us-capitol-stormed-what-we-know-so-far,article,storm,data/news/2021_01_07_93.txt
2021-01-07T19:19:11Z,World leaders react with horror to 'disgraceful' storming of US Capitol,https://www.theguardian.com/us-news/2021/jan/06/trump-blows-up-us-democracy-the-world-watches-on-in-horror,article,storm,data/news/2021_01_07_94.txt
2021-01-07T18:52:27Z,Woman shot and killed in storming of US Capitol named as Ashli Babbitt,https://www.theguardian.com/us-news/2021/jan/07/ashli-babbitt-woman-shot-and-killed-in-storming-of-us-capitol-named,article,storm,data/news/2021_01_07_95.txt
2021-01-14T02:24:47Z,Revealed: walkie-talkie app Zello hosted far-right groups who stormed Capitol,https://www.theguardian.com/us-news/2021/jan/13/zello-app-us-capitol-attack-far-right,article,storm,data/news/2021_01_14_96.txt
2021-01-07T22:27:19Z,Congress certifies Joe Biden as next president hours after storming of Capitol,https://www.theguardian.com/us-news/2021/jan/06/congress-certify-election-biden-republicans-object,article,storm,data/news/2021_01_07_97.txt
2021-01-07T17:35:13Z,"Baked Alaska, the QAnon Shaman … who led the storming of the Capitol?",https://www.theguardian.com/us-news/2021/jan/07/baked-alaska-the-qanon-shaman-who-led-the-storming-of-the-capitol,article,storm,data/news/2021_01_07_98.txt
2021-01-07T14:46:01Z,How a mob of Trump supporters stormed the Capitol – visual guide,https://www.theguardian.com/us-news/2021/jan/07/how-a-mob-of-trump-supporters-stormed-the-capitol-visual-guide,article,storm,data/news/2021_01_07_99.txt
2021-01-07T17:11:39Z,Group of pro-Trump rioters who stormed Capitol expected in court,https://www.theguardian.com/us-news/2021/jan/07/trump-rioters-stormed-capitol-court-charges,article,storm,data/news/2021_01_07_100.txt
2021-01-18T18:00:20Z,Texas woman who stormed Capitol says she was following Trump's orders,https://www.theguardian.com/us-news/2021/jan/18/texas-woman-capitol-attack-donald-trump,article,storm,data/news/2021_01_18_101.txt
2021-02-04T06:00:27Z,California hit by flooding after storm brings heavy rain,https://www.theguardian.com/us-news/2021/feb/04/california-hit-by-flooding-after-storm-brings-heavy-rain,article,storm,data/news/2021_02_04_102.txt
2021-02-17T06:50:57Z,US conservatives falsely blame renewables for Texas storm outages ,https://www.theguardian.com/us-news/2021/feb/17/conservatives-falsely-blame-renewables-for-texas-storm-outages,article,storm,data/news/2021_02_17_103.txt
2021-02-18T06:00:26Z,Weatherwatch: deadly winter storm sweeps Texas,https://www.theguardian.com/us-news/2021/feb/18/weatherwatch-deadly-winter-storm-sweeps-texas,article,storm,data/news/2021_02_18_104.txt
2021-02-17T09:00:15Z,Winter storm amplifies power grid inequalities for disadvantaged Texans,https://www.theguardian.com/us-news/2021/feb/17/texas-winter-storm-power-outages,article,storm,data/news/2021_02_17_105.txt
2021-02-26T11:00:14Z,Texas facilities released 3.5m pounds of extra pollutants during winter storm,https://www.theguardian.com/us-news/2021/feb/26/texas-emissions-pollutants-winter-storm,article,storm,data/news/2021_02_26_106.txt
2021-02-11T11:00:12Z,California's rainfall is at historic lows. That spells trouble for wildfires and farms,https://www.theguardian.com/us-news/2021/feb/11/california-dry-weather-drought-wildfire-agriculture,article,wildfire,data/news/2021_02_11_107.txt
2021-02-17T13:53:10Z,Kamala Harris promises federal relief for Texas victims of winter storms,https://www.theguardian.com/us-news/2021/feb/17/kamala-harris-covid-vaccine-all-americans-july,article,storm,data/news/2021_02_17_108.txt
2021-02-11T08:00:05Z,"'If white people were still here, this wouldn’t happen': the majority-Black town flooded with sewage",https://www.theguardian.com/us-news/2021/feb/11/centreville-illinois-flooding-sewage-overflow,article,flood,data/news/2021_02_11_109.txt
2021-02-06T10:00:38Z,Seditionaries: FBI net closes on Maga mob that stormed the Capitol,https://www.theguardian.com/us-news/2021/feb/06/us-capitol-insurrection-fbi-investigation,article,storm,data/news/2021_02_06_110.txt
2021-03-26T15:03:11Z,Multiple tornadoes tear across US south-east causing deaths and wreckage,https://www.theguardian.com/us-news/2021/mar/26/tornadoes-us-south-east-alabama-deaths,article,tornado,data/news/2021_03_26_111.txt
2021-03-06T10:00:30Z,"California’s wildfire smoke could be more harmful than vehicle emissions, study says",https://www.theguardian.com/us-news/2021/mar/06/california-wildfire-smoke-harmful-pollution-study,article,wildfire,data/news/2021_03_06_112.txt
2021-03-04T07:00:39Z,‘There’s no excuse for this’: thousands in Mississippi city still without water weeks after storms,https://www.theguardian.com/environment/2021/mar/04/mississippi-city-without-water-weeks-after-storms,article,storm,data/news/2021_03_04_113.txt
2021-03-03T17:53:38Z,Scramble on to replace Neera Tanden after nomination met perfect storm,https://www.theguardian.com/us-news/2021/mar/03/neera-tanden-analysis-biden-cabinet-nomination,article,storm,data/news/2021_03_03_114.txt
2021-03-09T08:00:50Z,Undocumented Texans are reeling from last month’s storm – and they’re cut off from federal aid,https://www.theguardian.com/us-news/2021/mar/09/texas-storm-undocumented-federal-aid,article,storm,data/news/2021_03_09_115.txt
2021-03-10T16:07:06Z,Hawaii governor declares emergency after floods and landslides,https://www.theguardian.com/us-news/2021/mar/10/hawaii-landslides-emergency-declaration-weather-rain-floods,article,flood,data/news/2021_03_10_116.txt
2021-04-23T02:34:05Z,Gender reveal party using 80 pounds of explosives sets off earthquake reports,https://www.theguardian.com/us-news/2021/apr/23/gender-reveal-party-using-80-pounds-of-explosives-sets-off-earthquake-reports,article,earthquake,data/news/2021_04_23_117.txt
2021-04-18T09:00:05Z,She survived Hurricane Sandy. Then climate gentrification hit,https://www.theguardian.com/us-news/2021/apr/18/hurricane-sandy-new-york-far-rockaway-climate-gentrification-hit,article,hurricane,data/news/2021_04_18_118.txt
2021-04-06T10:00:03Z,California is on the brink of drought – again. Is it ready?,https://www.theguardian.com/us-news/2021/apr/06/california-is-on-the-brink-of-drought-again-is-it-ready,article,drought,data/news/2021_04_06_119.txt
2021-04-20T10:00:37Z,He survived California’s deadliest wildfire. But not his encounter with police,https://www.theguardian.com/us-news/2021/apr/20/california-wildfire-homeless-paradise-camp-fire-stephen-vest,article,wildfire,data/news/2021_04_20_120.txt
2021-04-13T10:00:07Z,Wisconsin poised for devastating wildfire season as hundreds of blazes rage,https://www.theguardian.com/us-news/2021/apr/13/wisconsin-wildfires-season,article,wildfire,data/news/2021_04_13_121.txt
2021-04-29T10:00:04Z,From dust bowl to California drought: a climate scientist on the lessons we still haven’t learned,https://www.theguardian.com/us-news/2021/apr/29/california-drought-climate-dust-bowl,article,drought,data/news/2021_04_29_122.txt
2021-05-04T16:32:05Z,US south braced for more severe weather after tornadoes and hailstorms,https://www.theguardian.com/us-news/2021/may/04/us-south-severe-weather-tornadoes-hailstorms,article,tornado,data/news/2021_05_04_123.txt
2021-05-29T19:07:43Z,Tennessee hat shop in storm over ‘not vaccinated’ Star of David badges,https://www.theguardian.com/us-news/2021/may/29/tennessee-hat-shop-not-vaccinated-badges-star-of-david,article,storm,data/news/2021_05_29_124.txt
2021-06-04T20:34:08Z,Utah governor urges residents to pray for rain as drought bites,https://www.theguardian.com/us-news/2021/jun/04/utah-governor-pray-for-rain-drought,article,drought,data/news/2021_06_04_125.txt
2021-06-08T19:31:24Z,"‘Incredibly scary’: Arizona wildfires scorch more than 138,000 acres",https://www.theguardian.com/us-news/2021/jun/08/arizona-wildfires-latest-telegraph-mescal,article,wildfire,data/news/2021_06_08_126.txt
2021-06-08T14:28:07Z,Legal storm clouds gather over Donald Trump’s future,https://www.theguardian.com/us-news/2021/jun/08/trump-legal-threat-investigations-courts,article,storm,data/news/2021_06_08_127.txt
2021-06-22T17:59:39Z,Wildfires burn across US west as lightning sets off blaze near Arizona city,https://www.theguardian.com/us-news/2021/jun/22/wildfires-us-west-arizona-california,article,wildfire,data/news/2021_06_22_128.txt
2021-06-15T10:00:41Z,California’s drought may have helped solve the mystery of a 1965 plane crash,https://www.theguardian.com/us-news/2021/jun/15/folsom-lake-plane-crash-california-drought,article,drought,data/news/2021_06_15_129.txt
2021-06-11T10:00:13Z,California to transport 17m salmon to the sea by truck as drought bites,https://www.theguardian.com/us-news/2021/jun/11/california-to-transport-17m-salmon-to-the-sea-by-truck-as-drought-bites,article,drought,data/news/2021_06_11_130.txt
2021-06-01T20:30:29Z,‘Our society is totally nuts’: Fauci emails lift lid on life in eye of the Covid storm,https://www.theguardian.com/us-news/2021/jun/01/anthony-fauci-emails-covid-coronavirus,article,storm,data/news/2021_06_01_131.txt
2021-07-09T12:03:15Z,"Hail, tornadoes and flooded New York subways as stormy weather hits east coast",https://www.theguardian.com/us-news/2021/jul/08/tropical-storm-elsa-new-york-flooding-rain,article,flood,data/news/2021_07_09_132.txt
2021-07-16T16:28:13Z,Flagstaff declares state of emergency as Arizona hit by devastating floods,https://www.theguardian.com/us-news/2021/jul/16/arizona-floods-flagstaff-state-of-emergency,article,flood,data/news/2021_07_16_133.txt
2021-07-18T16:36:13Z,US surgeon general: Covid misinformation ‘spreading like wildfire’ on social media,https://www.theguardian.com/us-news/2021/jul/18/us-surgeon-general-covid-misinformation-spreading-like-wildfire-social-media,article,wildfire,data/news/2021_07_18_134.txt
2021-07-09T15:28:05Z,New York City warned ‘climate change is here’ as storm floods streets and subway,https://www.theguardian.com/us-news/2021/jul/09/new-york-city-storm-flooding-climate-change,article,storm,data/news/2021_07_09_135.txt
2021-07-12T10:21:30Z,Wildfires burn as heatwave grips US west coast  | First Thing,https://www.theguardian.com/us-news/2021/jul/12/first-thing-wildfires-burn-as-heatwave-grips-us-west-coast,article,wildfire,data/news/2021_07_12_136.txt
2021-07-21T18:46:09Z,California couple whose gender-reveal party sparked a wildfire charged with 30 crimes,https://www.theguardian.com/us-news/2021/jul/21/couple-gender-reveal-party-wildfire-charged,article,wildfire,data/news/2021_07_21_137.txt
2021-07-21T13:03:12Z,New York air quality among worst in world as haze from western wildfires shrouds city,https://www.theguardian.com/us-news/2021/jul/21/new-york-air-quality-plunges-smoke-west-coast-wildfires,article,wildfire,data/news/2021_07_21_138.txt
2021-08-17T12:36:10Z,Tropical Storm Fred lashes Florida and spawns tornadoes in Georgia,https://www.theguardian.com/us-news/2021/aug/16/tropical-storm-fred-florida-panhandle-landfall,article,storm,data/news/2021_08_17_139.txt
2021-08-04T10:00:22Z,‘A perfect storm’: Hawaii firefighters confront Big Island’s largest wildfire in history,https://www.theguardian.com/us-news/2021/aug/04/hawaii-wildfire-big-island-climate-change-drought,article,storm,data/news/2021_08_04_140.txt
2021-08-28T00:46:43Z,Hurricane Ida barrels down on Louisiana amid warnings of ‘life-altering storm’,https://www.theguardian.com/us-news/2021/aug/27/tropical-storm-ida-hurricane-warnings-gulf-coast-us-weather,article,storm,data/news/2021_08_28_141.txt
2021-08-24T07:30:27Z,Q&A: did the climate crisis fuel Henri and the Tennessee flooding?,https://www.theguardian.com/us-news/2021/aug/24/tropical-storm-henri-tennessee-flooding-climate-crisis,article,flood,data/news/2021_08_24_142.txt
2021-08-31T07:52:55Z,Hurricane Ida: more than 1m without power as New Orleans assesses damage,https://www.theguardian.com/us-news/2021/aug/30/hurricane-ida-latest-new-orleans-louisiana-power-outages-death-toll,article,hurricane,data/news/2021_08_31_143.txt
2021-08-10T10:00:17Z," Heat, drought and fire: how climate dangers combine for a catastrophic ‘perfect storm’",https://www.theguardian.com/us-news/2021/aug/10/heat-drought-and-fire-how-climate-dangers-combine-for-a-catastrophic-perfect-storm,article,storm,data/news/2021_08_10_144.txt
2021-08-30T10:20:43Z,"Hurricane Ida batters New Orleans, killing one | First Thing",https://www.theguardian.com/us-news/2021/aug/30/first-thing-hurricane-ida-batters-new-orleans-killing-one,article,hurricane,data/news/2021_08_30_145.txt
2021-08-06T10:00:20Z,West Nile virus: another alarming side effect of US drought,https://www.theguardian.com/us-news/2021/aug/06/drought-west-nile-virus-human-health,article,drought,data/news/2021_08_06_146.txt
2021-08-22T09:00:31Z,"Hurricanes, floods, freezes: the Louisiana city battling Covid amid chaos",https://www.theguardian.com/us-news/2021/aug/22/lake-charles-louisiana-coronavirus-hurricane-damage,article,flood,data/news/2021_08_22_147.txt
2021-08-18T02:27:02Z,Surging wildfire tears through northern California town and threatens others,https://www.theguardian.com/us-news/2021/aug/17/california-wildfires-caldor-fire-dixie,article,wildfire,data/news/2021_08_18_148.txt
2021-08-21T10:00:01Z,‘I don’t believe anyone is safe’: drought rules spark accusations of racism in California outpost,https://www.theguardian.com/us-news/2021/aug/21/california-drought-hmong-americans-race-water,article,drought,data/news/2021_08_21_149.txt
2021-08-22T01:17:46Z,Hurricane Henri scuppers New York comeback concert,https://www.theguardian.com/us-news/2021/aug/21/new-york-city-concert-covid-cases-rise,article,hurricane,data/news/2021_08_22_150.txt
2021-08-31T20:52:36Z,Louisiana governor tells Hurricane Ida evacuees it’s too soon to return,https://www.theguardian.com/us-news/2021/aug/31/hurricane-ida-louisiana-evacuees-do-not-return,article,hurricane,data/news/2021_08_31_151.txt
2021-08-28T05:00:28Z,‘Our future might not look the same’: wildfires threaten way of life in California’s mountain towns,https://www.theguardian.com/us-news/2021/aug/27/wildfires-california-mountain-towns-climate-crisis,article,wildfire,data/news/2021_08_28_152.txt
2021-08-22T13:55:41Z,The show did not go on: storm thwarts Central Park concert celebrating city’s Covid comeback,https://www.theguardian.com/us-news/2021/aug/22/central-park-concert-new-york-city-cut-short,article,storm,data/news/2021_08_22_153.txt
2021-08-10T21:14:53Z,‘I still feel it isn’t real’: Gold Rush town residents reckon with wildfire devastation,https://www.theguardian.com/us-news/2021/aug/10/greenville-california-wildfire,article,wildfire,data/news/2021_08_10_154.txt
2021-08-23T23:34:32Z,‘It’s just unbelievable’: Tennessee surveys wreckage after floods kill 22,https://www.theguardian.com/us-news/2021/aug/23/tennessee-floods-flash-flooding-death-toll-damage,article,flood,data/news/2021_08_23_155.txt
2021-09-03T17:28:22Z,"‘Climate crisis is here’ says Biden in week of storms, floods and wildfires",https://www.theguardian.com/us-news/2021/sep/03/climate-crisis-joe-biden-floods-wildfires-storms,article,storm,data/news/2021_09_03_156.txt
2021-09-06T17:16:24Z,Biden to visit New York and New Jersey reeling from deadly storms,https://www.theguardian.com/us-news/2021/sep/06/biden-visit-new-york-new-jersey-hurricane-ida,article,storm,data/news/2021_09_06_157.txt
2021-09-02T14:50:27Z,14 dead in New York region amid ‘historic’ flooding caused by Ida remnants,https://www.theguardian.com/us-news/2021/sep/02/new-york-flooding-state-of-emergency-ny-city-flash-flood-nyc-hurricane-ida-remnants,article,flood,data/news/2021_09_02_158.txt
2021-09-01T07:20:16Z,Before and after Hurricane Ida – in pictures,https://www.theguardian.com/us-news/2021/sep/01/before-and-after-hurricane-ida-louisiana-in-pictures,article,hurricane,data/news/2021_09_01_159.txt
2021-09-03T11:53:18Z,"Remnants of Hurricane Ida hits north-east, killing more than 40 | First Thing",https://www.theguardian.com/us-news/2021/sep/03/first-thing-remnants-of-hurricane-ida-hits-north-eastern-us-killing-over-40,article,hurricane,data/news/2021_09_03_160.txt
2021-09-14T19:51:48Z,Ancient sequoia trees threatened by growing wildfire in California’s Sierra Nevada,https://www.theguardian.com/us-news/2021/sep/14/california-wildfire-sequoia-kings-canyon-latest,article,wildfire,data/news/2021_09_14_161.txt
2021-09-24T19:47:24Z,Fresh California wildfire prompts evacuations as forest blazes grow,https://www.theguardian.com/us-news/2021/sep/24/california-wildfires-fawn-fire-shasta-county-evacuations,article,wildfire,data/news/2021_09_24_162.txt
2021-09-06T10:00:17Z,‘I don’t have a choice’: Hurricane Ida leaves devastated Louisiana communities struggling with new reality,https://www.theguardian.com/us-news/2021/sep/06/i-dont-have-a-choice-hurricane-ida-leaves-devastated-louisiana-communities-struggling-with-new-reality,article,hurricane,data/news/2021_09_06_163.txt
2021-09-14T01:50:36Z,‘It’s a reality’: Biden calls for urgency in California as climate crisis fuels wildfires,https://www.theguardian.com/us-news/2021/sep/13/california-wildfires-biden-trip-climate-crisis-links-extreme-weather,article,wildfire,data/news/2021_09_14_164.txt
2021-09-14T10:01:42Z,Biden says wildfires highlight climate emergency | First Thing,https://www.theguardian.com/us-news/2021/sep/14/first-thing-biden-says-wildfires-highlight-climate-emergency,article,wildfire,data/news/2021_09_14_165.txt
2021-09-15T20:13:43Z,California wildfires close Sequoia national park and prompt evacuations,https://www.theguardian.com/us-news/2021/sep/15/california-wildfire-knp-complex-latest,article,wildfire,data/news/2021_09_15_166.txt
2021-09-09T06:00:51Z,He ‘put everything’ into his Louisiana home. Hurricane Ida destroyed it in one day,https://www.theguardian.com/us-news/2021/sep/09/hurricane-ida-louisiana-robert-taylor-home,article,hurricane,data/news/2021_09_09_167.txt
2021-09-01T05:00:21Z,Lake Tahoe ski resort uses snow-making machines to fight wildfire ,https://www.theguardian.com/us-news/2021/aug/31/lake-tahoe-ski-resort-uses-snow-making-machines-to-fight-wildfire,article,wildfire,data/news/2021_09_01_168.txt
2021-09-05T10:00:23Z,"How a Tahoe refuge saved owls, coyotes and raccoons from wildfire",https://www.theguardian.com/us-news/2021/sep/05/caldor-fire-animal-refuge-rescue-evacuation,article,wildfire,data/news/2021_09_05_169.txt
2021-09-03T00:44:05Z,"TikTokers flood Texas abortion whistleblower site with Shrek memes, fake reports and porn",https://www.theguardian.com/us-news/2021/sep/02/texas-abortion-law-tiktok-reddit-whistleblower,article,flood,data/news/2021_09_03_170.txt
2021-10-27T15:57:25Z,"‘Bomb cyclone’ slams US north-east and leaves over 600,000 without power",https://www.theguardian.com/us-news/2021/oct/27/bomb-cyclone-storm-nor-easter-us-north-east-power-outages-flooding,article,cyclone,data/news/2021_10_27_171.txt
2021-10-23T21:45:56Z,US west coast braces for ‘atmospheric river’ as huge storm brews,https://www.theguardian.com/us-news/2021/oct/23/california-storm-atmospheric-river-flooding,article,storm,data/news/2021_10_23_172.txt
2021-10-24T21:28:32Z,Powerful storm hits California amid warnings of ‘potentially historic rain’,https://www.theguardian.com/us-news/2021/oct/24/california-storm-atmospheric-river,article,storm,data/news/2021_10_24_173.txt
2021-10-26T13:29:50Z,Weather whiplash: California’s historic downpour interrupts historic drought ,https://www.theguardian.com/us-news/2021/oct/26/weather-whiplash-historic-downpour-interrupts-historic-drought,article,drought,data/news/2021_10_26_174.txt
2021-10-19T22:45:42Z,Activision Blizzard reportedly fires 20 employees following harassment claims,https://www.theguardian.com/us-news/2021/oct/19/activision-blizzard-reportedly-fires-employees-harassment-claims,article,blizzard,data/news/2021_10_19_175.txt
2021-10-11T15:11:40Z,Explosion? Earthquake? Meteor? New England mystified by loud boom,https://www.theguardian.com/us-news/2021/oct/11/explosion-earthquake-meteor-new-england-mystified-boom,article,earthquake,data/news/2021_10_11_176.txt
2021-10-13T13:00:21Z,Lake Tahoe water level hits four-year low as drought pummels tourist spot,https://www.theguardian.com/us-news/2021/oct/13/lake-tahoe-water-level-drought-climate-change,article,drought,data/news/2021_10_13_177.txt
2021-11-17T11:02:19Z,Fears death toll will rise as Pacific north-west storm wreaks havoc | First Thing,https://www.theguardian.com/us-news/2021/nov/17/first-thing-fears-death-toll-will-rise-after-pacific-north-west-storm,article,storm,data/news/2021_11_17_178.txt
2021-11-18T10:59:23Z,Troops deployed as flood devastates Pacific north-west | First Thing,https://www.theguardian.com/us-news/2021/nov/18/first-thing-troops-deployed-as-flooding-devastates-british-columbia,article,flood,data/news/2021_11_18_179.txt
2021-12-20T23:22:06Z,"Tornadoes and storms that hit US were a derecho, says National Weather Service",https://www.theguardian.com/us-news/2021/dec/20/us-tornadoes-storms-derecho-national-weather-service,article,derecho,data/news/2021_12_20_180.txt
2021-12-31T10:00:16Z,"Floods, fires, freezes: how 2021 made Joe Biden a climate crisis president",https://www.theguardian.com/us-news/2021/dec/31/joe-biden-climate-crisis-president,article,flood,data/news/2021_12_31_181.txt
2021-12-15T20:47:14Z,Biden pledges aid on Kentucky trip: ‘I’ve not seen this much damage from a tornado’,https://www.theguardian.com/us-news/2021/dec/15/biden-kentucky-pledges-federal-aid-tornadoes,article,tornado,data/news/2021_12_15_182.txt
2021-12-14T19:42:58Z,Heavy rain and snow pummel California after a season of historic wildfires,https://www.theguardian.com/us-news/2021/dec/14/california-weather-latest-snow-rain,article,wildfire,data/news/2021_12_14_183.txt
2021-12-16T18:48:46Z,‘Really abnormal’ storms and tornadoes tear through Great Plains and midwest,https://www.theguardian.com/us-news/2021/dec/16/great-plains-storms-tornadoes-tear-through-midwest,article,storm,data/news/2021_12_16_184.txt
2021-12-30T13:12:18Z,Record snowfall offers reprieve to dry California – but drought remains,https://www.theguardian.com/us-news/2021/dec/30/california-record-snowfall-drought,article,drought,data/news/2021_12_30_185.txt
2021-12-25T11:00:51Z,What the numbers tells us about a catastrophic year of wildfires,https://www.theguardian.com/us-news/2021/dec/25/what-the-numbers-tells-us-about-a-catastrophic-year-of-wildfires,article,wildfire,data/news/2021_12_25_186.txt
2021-12-02T23:58:03Z,Late-season wildfire rips through Montana farming town,https://www.theguardian.com/us-news/2021/dec/02/montana-wildfire-denton-damage-evacuation,article,wildfire,data/news/2021_12_02_187.txt
2021-12-12T21:29:38Z,‘Not knowing is worse’: tornado survivor at candle factory awaits news of missing boyfriend,https://www.theguardian.com/us-news/2021/dec/12/kentucky-tornado-survivor-candle-factory,article,tornado,data/news/2021_12_12_188.txt
2021-12-21T22:38:46Z,"Seconds before a 6.2 earthquake rattled California, phones got a vital warning",https://www.theguardian.com/us-news/2021/dec/21/california-earthquake-early-warning-system,article,earthquake,data/news/2021_12_21_189.txt
2021-12-31T10:21:32Z,Tell us: how have you been affected by Colorado wildfires?,https://www.theguardian.com/us-news/2021/dec/31/tell-us-how-have-you-been-affected-by-colorado-wildfires,article,wildfire,data/news/2021_12_31_190.txt
2021-12-13T10:56:25Z,Biden declares federal disaster after Kentucky tornadoes | First Thing,https://www.theguardian.com/us-news/2021/dec/13/first-thing-biden-declares-federal-disaster-after-kentucky-tornadoes,article,tornado,data/news/2021_12_13_191.txt
2021-12-13T13:57:06Z,Kentucky candle factory: questions arise over why staff worked during tornadoes,https://www.theguardian.com/us-news/2021/dec/13/kentucky-tornadoes-candle-factory-search-survivors,article,tornado,data/news/2021_12_13_192.txt
2021-12-13T12:31:07Z,Kentucky tornadoes: Hopes rise that death toll could be lower than feared,https://www.theguardian.com/us-news/2021/dec/13/kentucky-tornadoes-hopes-rise-that-candle-factory-death-toll-could-be-lower-than-feared,article,tornado,data/news/2021_12_13_193.txt
2021-12-12T19:54:17Z,Biden calls on EPA to investigate role of climate crisis in deadly tornadoes,https://www.theguardian.com/us-news/2021/dec/12/kentucky-tornadoes-biden-epa-climate-crisis-role,article,tornado,data/news/2021_12_12_194.txt
2021-12-12T22:37:57Z,Kentucky tornadoes: fears death toll from record twisters could exceed 100,https://www.theguardian.com/us-news/2021/dec/12/kentucky-tornadoes-death-toll,article,tornado,data/news/2021_12_12_195.txt
2021-12-14T22:41:31Z,"Kentucky candle factory bosses threatened to fire those who fled tornado, say workers ",https://www.theguardian.com/us-news/2021/dec/14/kentucky-tornado-candle-factory-workers-managers-refused-leave,article,tornado,data/news/2021_12_14_196.txt
2021-12-31T11:53:54Z,Colorado winter wildfires destroy hundreds of homes as thousands flee,https://www.theguardian.com/us-news/2021/dec/30/colorado-wildfires-evacuations-latest,article,wildfire,data/news/2021_12_31_197.txt
2021-12-16T11:00:02Z,‘Like a nightmare’: major rainstorm floods Santa Cruz homeless community,https://www.theguardian.com/us-news/2021/dec/16/california-santa-cruz-homeless-extreme-weather,article,flood,data/news/2021_12_16_198.txt
2021-12-14T11:04:51Z,More than 100 still unaccounted for after Kentucky tornadoes | First Thing,https://www.theguardian.com/us-news/2021/dec/14/first-thing-more-than-100-still-unaccounted-for-after-kentucky-tornadoes,article,tornado,data/news/2021_12_14_199.txt
2021-12-14T03:24:53Z,Kentucky tornadoes: governor says death toll expected to grow as crews sift through ruins,https://www.theguardian.com/us-news/2021/dec/13/kentucky-tornadoes-death-toll,article,tornado,data/news/2021_12_14_200.txt
2021-12-18T07:00:50Z,Mark Meadows was at the center of the storm on 6 January. But only Trump could call it off,https://www.theguardian.com/us-news/2021/dec/18/mark-meadows-center-6-january-donald-trump,article,storm,data/news/2021_12_18_201.txt
2022-01-01T08:00:43Z,‘We lost everything’: Colorado wildfire destroys hundreds of homes,https://www.theguardian.com/us-news/2022/jan/01/colorado-wildfires-destroy-hundreds-homes,article,wildfire,data/news/2022_01_01_202.txt
2022-01-17T14:18:25Z," Winter storm brings snow, strong winds and thunderstorms to US north-east",https://www.theguardian.com/us-news/2022/jan/17/us-weather-storm-snow-thunderstorm-wind-north-east,article,storm,data/news/2022_01_17_203.txt
2022-01-07T17:01:32Z,Storm blankets US north-east in snow as millions face ‘disruptive’ winter weather,https://www.theguardian.com/us-news/2022/jan/07/us-weather-snow-north-east-new-york-new-jersey,article,storm,data/news/2022_01_07_204.txt
2022-02-05T19:56:43Z,"More than 150,000 US homes without power after big freeze follows storm",https://www.theguardian.com/us-news/2022/feb/05/us-homes-storm-power-freeze,article,storm,data/news/2022_02_05_205.txt
2022-02-02T11:00:21Z,The Silicon Valley veterans who want to bring you wildfire info in real time,https://www.theguardian.com/us-news/2022/feb/02/watch-duty-app-warning-wildfires-california-silicon-valley,article,wildfire,data/news/2022_02_02_206.txt
2022-02-04T07:00:22Z,"As Texas faces another winter storm, can it prevent a ‘failure on all fronts’?",https://www.theguardian.com/us-news/2022/feb/03/texas-snow-storm-climate-crisis-greg-abbott,article,storm,data/news/2022_02_04_207.txt
2022-03-12T22:44:58Z,‘Bomb cyclone’ storm dumps snow across eastern US,https://www.theguardian.com/us-news/2022/mar/12/forecasters-warn-of-bomb-cyclone-expected-to-dump-snow-across-eastern-us,article,storm,data/news/2022_03_12_208.txt
2022-03-15T18:42:04Z,Proud Boys leader had plans to ‘storm’ government buildings on 6 January,https://www.theguardian.com/us-news/2022/mar/15/proud-boys-leader-enrique-tarrio-document-january-6,article,storm,data/news/2022_03_15_209.txt
2022-03-05T06:00:16Z,"Record growth, record heat, record drought: how will Las Vegas weather the climate crisis?",https://www.theguardian.com/us-news/2022/mar/04/las-vegas-population-growth-climate-crisis,article,drought,data/news/2022_03_05_210.txt
2022-04-19T05:00:18Z,Wildfire smoke in Pacific north-west erasing reductions in emissions – study,https://www.theguardian.com/us-news/2022/apr/18/wildfire-smoke-emissions-study-pacific-north-west,article,wildfire,data/news/2022_04_19_211.txt
2022-04-20T22:23:46Z,Donald Trump appears to storm out of Piers Morgan TV interview in advert,https://www.theguardian.com/us-news/2022/apr/20/donald-trump-appears-to-storm-out-of-piers-morgan-tv-interview-in-advert,article,storm,data/news/2022_04_20_212.txt
2022-04-21T11:19:29Z,Donald Trump denies storming out of Piers Morgan interview,https://www.theguardian.com/us-news/2022/apr/21/donald-trump-denies-storming-out-piers-morgan-interview,article,storm,data/news/2022_04_21_213.txt
2022-05-12T22:46:35Z,New Mexico wildfire rampages on as fresh blaze engulfs California mansions,https://www.theguardian.com/us-news/2022/may/12/new-mexico-wildfire-california,article,wildfire,data/news/2022_05_12_214.txt
2022-05-10T21:40:38Z,"Trump inquired if China could make hurricanes to harm US, ex-officials say",https://www.theguardian.com/us-news/2022/may/10/donald-trump-china-hurricanes,article,hurricane,data/news/2022_05_10_215.txt
2022-05-02T21:13:34Z,Thousands flee New Mexico wildfire as blaze breaches containment lines,https://www.theguardian.com/us-news/2022/may/02/new-mexico-wildfire-calf-canyon-thousands-flee,article,wildfire,data/news/2022_05_02_216.txt
2022-05-03T20:59:33Z,California’s new drought rules: will they be enough to halt the ‘alarming challenges’ ahead?,https://www.theguardian.com/us-news/2022/may/03/californias-new-drought-rules-will-they-be-enough-to-halt-the-alarming-challenges-ahead,article,drought,data/news/2022_05_03_217.txt
2022-06-16T20:07:33Z,Key US baby formula plant closes again as ‘torrential storms’ cause flooding,https://www.theguardian.com/us-news/2022/jun/16/us-baby-formula-plant-closes-again-flooding-abbott,article,storm,data/news/2022_06_16_218.txt
2022-06-13T19:47:12Z,Group of men storm Drag Queen Story Hour in California in possible hate crime,https://www.theguardian.com/us-news/2022/jun/13/drag-queen-event-stormed-men-believed-proud-boys-group-california,article,storm,data/news/2022_06_13_219.txt
2022-06-19T15:15:26Z,Yellowstone to partially reopen Wednesday after catastrophic flooding ,https://www.theguardian.com/us-news/2022/jun/19/yellowstone-reopen-partially-wednesday,article,flood,data/news/2022_06_19_220.txt
2022-06-18T19:50:21Z,"Gianforte was vacationing in Italy as Montana flooded, governor’s office says",https://www.theguardian.com/us-news/2022/jun/18/greg-gianforte-italy-montana-floods-yellowstone,article,flood,data/news/2022_06_18_221.txt
2022-06-16T15:34:05Z,Water supply in Montana’s biggest city imperiled by Yellowstone floods,https://www.theguardian.com/us-news/2022/jun/16/yellowstone-floods-water-supply-billings-montana,article,flood,data/news/2022_06_16_222.txt
2022-07-05T19:01:25Z,California: explosive wildfire more than doubles in size overnight,https://www.theguardian.com/us-news/2022/jul/05/california-wildfire-electra-fire,article,wildfire,data/news/2022_07_05_223.txt
2022-07-30T19:47:09Z, ‘We had to swim out’: Kentucky grapples with floods as search for survivors continues,https://www.theguardian.com/us-news/2022/jul/30/kentucky-rescue-victims-flooding,article,flood,data/news/2022_07_30_224.txt
2022-07-30T02:01:28Z,At least 16 people dead after flash flooding in Kentucky,https://www.theguardian.com/us-news/2022/jul/29/kentucky-flash-flooding-death-toll,article,flood,data/news/2022_07_30_225.txt
2022-07-05T21:57:46Z,Utah’s Great Salt Lake hits new historic low amid drought in western US,https://www.theguardian.com/us-news/2022/jul/05/utah-great-salt-lake-new-low-drought,article,drought,data/news/2022_07_05_226.txt
2022-07-14T19:21:53Z,Yosemite wildfire continues to grow as it pushes east into Sierra national forest,https://www.theguardian.com/us-news/2022/jul/14/yosemite-wildfire-sierra-national-forest-california,article,wildfire,data/news/2022_07_14_227.txt
2022-07-08T14:07:25Z,California wildfire forces partial closure of Yosemite national park,https://www.theguardian.com/us-news/2022/jul/08/california-wildfire-yosemite-national-park-partial-closure,article,wildfire,data/news/2022_07_08_228.txt
2022-07-13T08:00:18Z,"As drought shrivels Lake Powell, millions face power crisis",https://www.theguardian.com/us-news/2022/jul/13/lake-powell-drought-electricity,article,drought,data/news/2022_07_13_229.txt
2022-07-19T17:12:56Z,Over 100m Americans under heat warnings as wildfires rage in 12 states,https://www.theguardian.com/us-news/2022/jul/19/us-heat-warnings-wildfires-weather,article,wildfire,data/news/2022_07_19_230.txt
2022-07-30T14:50:05Z,Catastrophic flash flooding kills 25 in Kentucky and at least a dozen missing,https://www.theguardian.com/us-news/2022/jul/30/kentucky-flash-flooding-death-toll-missing,article,flood,data/news/2022_07_30_231.txt
2022-08-22T23:59:24Z,Torrential rains lash southern US as millions under flood warnings ,https://www.theguardian.com/us-news/2022/aug/22/south-west-us-flood-warnings-torrential-rains,article,flood,data/news/2022_08_22_232.txt
2022-08-24T00:40:12Z,Flash floods wreak havoc in US south-west – but are no salve for drought,https://www.theguardian.com/us-news/2022/aug/22/us-south-west-storm-drought-climate-crisis,article,drought,data/news/2022_08_24_233.txt
2022-08-11T08:00:37Z,"America’s summer of floods: climate crisis fueling barrage, scientists say",https://www.theguardian.com/us-news/2022/aug/11/america-summer-floods-rainfall-climate-crisis,article,flood,data/news/2022_08_11_234.txt
2022-08-01T22:26:51Z,Two bodies found in burned vehicle in path of raging California wildfire,https://www.theguardian.com/us-news/2022/aug/01/california-wildfire-mckinney-fire-bodies-found,article,wildfire,data/news/2022_08_01_235.txt
2022-08-10T18:50:40Z,"Record Death Valley flooding ‘a once-in-1,000-year event’",https://www.theguardian.com/us-news/2022/aug/10/death-valley-floods-climate-crisis,article,flood,data/news/2022_08_10_236.txt
2022-08-17T00:59:38Z,US issues western water cuts as drought leaves Colorado River near ‘tipping point’,https://www.theguardian.com/us-news/2022/aug/16/drastic-water-cuts-expected-as-megadrought-grips-western-us-states,article,drought,data/news/2022_08_17_237.txt
2022-08-02T18:07:13Z,Death toll rises to four in California’s biggest wildfire this year,https://www.theguardian.com/us-news/2022/aug/02/northern-california-wildfires,article,wildfire,data/news/2022_08_02_238.txt
2022-08-01T23:07:50Z,Kentucky death toll rises to 35 from devastating flooding as hundreds still missing,https://www.theguardian.com/us-news/2022/aug/01/kentucky-flooding-deaths-heavy-rain-monday,article,flood,data/news/2022_08_01_239.txt
2022-08-07T16:05:08Z,Yet more human remains found as drought shrinks Lake Mead reservoir,https://www.theguardian.com/us-news/2022/aug/07/lake-mead-human-remains-found-drought,article,drought,data/news/2022_08_07_240.txt
2022-08-13T10:00:39Z,She spent 50 years protecting people from wildfires. Then one took her life,https://www.theguardian.com/us-news/2022/aug/13/california-fire-lookout-died-mckinney-fire,article,wildfire,data/news/2022_08_13_241.txt
2022-09-19T19:48:24Z,Alaskans grapple with fallout from typhoon-related flooding,https://www.theguardian.com/us-news/2022/sep/19/alaska-flooding-typhoon-merbok-california-storm,article,flood,data/news/2022_09_19_242.txt
2022-09-17T05:00:36Z,Severe storm headed for Alaska could bring devastating levels of flooding,https://www.theguardian.com/us-news/2022/sep/16/storm-alaska-typhoon-merbok-flooding,article,storm,data/news/2022_09_17_243.txt
2022-09-25T20:38:50Z,Florida prepares for hurricane as tropical storm Ian grows over Caribbean,https://www.theguardian.com/us-news/2022/sep/24/florida-tropical-storm-ian-hurricane-possible,article,storm,data/news/2022_09_25_244.txt
2022-09-10T00:36:16Z,Tropical Storm Kay bears down on California with rain and 100mph winds ,https://www.theguardian.com/us-news/2022/sep/09/california-wildfires-fairview-fire-storm-flash-floods,article,storm,data/news/2022_09_10_245.txt
2022-09-30T06:23:08Z,Hurricane Ian: ‘catastrophic’ damage in Florida as storm heads to South Carolina,https://www.theguardian.com/us-news/2022/sep/29/florida-rescue-crews-search-residents-trapped-hurricane-ian-floods,article,storm,data/news/2022_09_30_246.txt
2022-09-28T12:17:59Z,Hurricane Ian upgraded to category 4 storm as it bears down on Florida,https://www.theguardian.com/us-news/2022/sep/27/hurricane-ian-florida-tampa-cuba,article,storm,data/news/2022_09_28_247.txt
2022-09-30T16:01:00Z,Ron DeSantis changes with the wind as Hurricane Ian prompts flip-flop on aid,https://www.theguardian.com/us-news/2022/sep/30/ron-desantis-hurricane-ian-florida-sandy,article,hurricane,data/news/2022_09_30_248.txt
2022-09-30T09:49:32Z,'Catastrophic’ damage in Florida as storm heads to South Carolina | First Thing,https://www.theguardian.com/us-news/2022/sep/30/first-thing-catastrophic-damage-in-florida-as-hurricane-ian-heads-to-south-carolina,article,storm,data/news/2022_09_30_249.txt
2022-09-27T20:59:37Z,"House January 6 committee postpones public hearing, citing Hurricane Ian",https://www.theguardian.com/us-news/2022/sep/27/jan-6-hearing-postponed-hurricane-ian,article,hurricane,data/news/2022_09_27_250.txt
2022-09-29T10:13:38Z,More than 2m without power as Florida hit by hurricane Ian | First Thing,https://www.theguardian.com/us-news/2022/sep/29/first-thing-more-than-2m-without-power-as-florida-hit-by-hurricane-ian,article,hurricane,data/news/2022_09_29_251.txt
2022-09-28T09:39:04Z,Cuba left without power as Hurricane Ian heads to Florida | First Thing,https://www.theguardian.com/us-news/2022/sep/28/hurricane-ian-cuba-power-florida-electricity-grid,article,hurricane,data/news/2022_09_28_252.txt
2022-09-28T17:58:20Z,‘We’re natural fighters’: Cubans brave sweeping power cuts in Hurricane Ian aftermath,https://www.theguardian.com/us-news/2022/sep/28/cuba-hurricane-ian-blackout-electricity,article,hurricane,data/news/2022_09_28_253.txt
2022-09-03T17:41:20Z,Fast-moving California wildfire poses threat to rural communities,https://www.theguardian.com/us-news/2022/sep/03/california-wildfire-mill-fire,article,wildfire,data/news/2022_09_03_254.txt
2022-09-29T12:00:35Z,How the climate crisis is driving stronger storms further inland,https://www.theguardian.com/us-news/2022/sep/29/climate-crisis-global-heating-storms-hurricane-ian-florida,article,storm,data/news/2022_09_29_255.txt
2022-09-29T07:44:29Z,Hurricane Ian: more than 2m without power as Florida hit with ‘catastrophic’ wind and rain,https://www.theguardian.com/us-news/2022/sep/28/hurricane-ian-millions-florida-path-deadly-cyclone,article,hurricane,data/news/2022_09_29_256.txt
2022-09-29T00:46:05Z,Teams search for 20 people whose boat sank off Florida as Hurricane Ian loomed,https://www.theguardian.com/us-news/2022/sep/28/florida-boat-sinks-rescue-hurricane-ian,article,hurricane,data/news/2022_09_29_257.txt
2022-09-07T15:43:35Z,‘The death is too much’: New York’s Little Pakistan gathers aid for flood victims,https://www.theguardian.com/us-news/2022/sep/07/pakistan-flood-victims-new-york-donation,article,flood,data/news/2022_09_07_258.txt
2022-09-20T10:26:09Z,Major earthquake shakes Mexico on anniversary of two previous tremors | First Thing,https://www.theguardian.com/us-news/2022/sep/20/first-thing-earthquake-shakes-mexico-on-anniversary-of-two-past-tremors,article,earthquake,data/news/2022_09_20_259.txt
2022-09-07T10:00:03Z,California’s week of heat and wildfires foretell a punishing autumn,https://www.theguardian.com/us-news/2022/sep/07/california-wildfires-heatwave-whats-ahead,article,wildfire,data/news/2022_09_07_260.txt
2022-10-02T16:25:18Z,Hurricane Ian: Americans urged to weigh risks of rebuilding in vulnerable areas,https://www.theguardian.com/us-news/2022/oct/02/hurricane-ian-risks-rebuilding-vulnerable-areas,article,hurricane,data/news/2022_10_02_261.txt
2022-10-01T01:20:17Z,Hurricane Ian moves into South Carolina after rampage in Florida,https://www.theguardian.com/us-news/2022/sep/30/hurricane-ian-south-carolina-charleston-florida-death-toll,article,hurricane,data/news/2022_10_01_262.txt
2022-10-29T17:53:12Z,"New York still vulnerable 10 years after Hurricane Sandy, protesters warn",https://www.theguardian.com/us-news/2022/oct/29/new-york-hurricane-sandy-climate-protest,article,hurricane,data/news/2022_10_29_263.txt
2022-10-01T20:06:33Z,Hurricane Ian: Florida and Carolinas comb wreckage to assess deadly toll,https://www.theguardian.com/us-news/2022/oct/01/hurricane-ian-south-carolina-florida-storm,article,hurricane,data/news/2022_10_01_264.txt
2022-10-03T20:10:50Z,"Flooding, outages, confusion: Florida reels as Hurricane Ian death toll rises",https://www.theguardian.com/us-news/2022/oct/03/hurricane-ian-death-toll-florida,article,flood,data/news/2022_10_03_265.txt
2022-10-06T18:24:54Z,Hurricane Ian: residents return to battered homes as death toll rises,https://www.theguardian.com/us-news/2022/oct/06/hurricane-ian-florida-ron-desantis-residents-return-sanibel-captiva-pine-island,article,hurricane,data/news/2022_10_06_266.txt
2022-10-03T09:59:17Z,Hurricane Ian death tolls climbs amid criticism over response | First Thing ,https://www.theguardian.com/us-news/2022/oct/03/hurricane-ian-florida-death-toll-update,article,hurricane,data/news/2022_10_03_267.txt
2022-10-05T20:43:04Z,"Hurricane Ian ‘ends discussion’ on climate crisis, Biden says on Florida visit",https://www.theguardian.com/us-news/2022/oct/05/biden-hurricane-ian-florida-ron-desantis,article,hurricane,data/news/2022_10_05_268.txt
2022-10-05T07:00:03Z,Elderly bear brunt of Hurricane Ian as Sunshine state retirement turns sour,https://www.theguardian.com/us-news/2022/oct/05/hurricane-ian-elderly-seniors-florida,article,hurricane,data/news/2022_10_05_269.txt
2022-10-17T23:12:39Z,"Wildfires in US west fueling extreme weather in other states, study finds",https://www.theguardian.com/us-news/2022/oct/17/wildfires-us-west-extreme-weather-central-states,article,wildfire,data/news/2022_10_17_270.txt
2022-10-05T16:55:44Z,Hurricane Ian: woman celebrating 40th birthday in Florida among victims,https://www.theguardian.com/us-news/2022/oct/05/hurricane-ian-woman-birthday-victim,article,hurricane,data/news/2022_10_05_271.txt
2022-10-04T20:31:51Z,Hurricane Ian death toll rises as Biden prepares to tour worst-hit areas,https://www.theguardian.com/us-news/2022/oct/04/hurricane-ian-death-toll-florida-biden,article,hurricane,data/news/2022_10_04_272.txt
2022-10-18T23:13:20Z,US will give $2m to Cuba in emergency relief funding for Hurricane Ian victims,https://www.theguardian.com/us-news/2022/oct/18/us-cuba-emergency-relief-funding-hurricane-ian-victims,article,hurricane,data/news/2022_10_18_273.txt
2022-10-07T06:00:50Z,Will Hurricane Ian force Ron DeSantis to confront climate reality?,https://www.theguardian.com/us-news/2022/oct/07/ron-desantis-hurricane-ian-florida,article,hurricane,data/news/2022_10_07_274.txt
2022-10-04T21:56:52Z,California’s three-year drought continues with no relief in sight,https://www.theguardian.com/us-news/2022/oct/04/california-record-drought-climate-crisis-la-nina,article,drought,data/news/2022_10_04_275.txt
2022-10-21T01:36:53Z,Seattle and Portland mired in poor air quality as wildfires smoke up sky,https://www.theguardian.com/us-news/2022/oct/20/seattle-portland-air-quality-wildfire-smoke,article,wildfire,data/news/2022_10_21_276.txt
2022-10-31T20:04:54Z,AOC vows to champion LGBTQ+ rights after hecklers storm New York event,https://www.theguardian.com/us-news/2022/oct/24/aoc-lgbtq-rights-dancing-champion-aoc-has-got-to-go,article,storm,data/news/2022_10_31_277.txt
2022-11-09T22:57:56Z,Florida buckles down for direct hit from rare November hurricane,https://www.theguardian.com/us-news/2022/nov/09/storm-nicole-florida-rare-november-hurricane-warning,article,hurricane,data/news/2022_11_09_278.txt
2022-11-09T13:22:29Z,Late-season hurricane expected to make landfall in eastern Florida ,https://www.theguardian.com/us-news/2022/nov/09/florida-hurricane-tropical-storm-nicole-landfall-latest,article,hurricane,data/news/2022_11_09_279.txt
2022-11-14T09:00:34Z,‘I never doubted it’: why film-maker Michael Moore forecast ‘blue tsunami’ in midterms,https://www.theguardian.com/us-news/2022/nov/14/us-midterms-film-maker-michael-moore-blue-tsunami,article,tsunami,data/news/2022_11_14_280.txt
2022-12-24T20:27:06Z,Huge ‘bomb cyclone’ storm hits US with life-threatening cold as holidays begin,https://www.theguardian.com/us-news/2022/dec/24/huge-winter-storm-bomb-cyclone-us-life-threatening-cold-holidays,article,storm,data/news/2022_12_24_281.txt
2022-12-21T01:10:39Z,‘Bomb cyclone’ storm could bring deadly winter weather to US,https://www.theguardian.com/us-news/2022/dec/20/us-weather-christmas-travel-severe-winter-storms,article,storm,data/news/2022_12_21_282.txt
2022-12-23T11:00:03Z,Weather whiplash: US west set to cook as east coast braces for bomb cyclone,https://www.theguardian.com/us-news/2022/dec/23/weather-whiplash-us-west-sunny-east-coast-bomb-cyclone,article,cyclone,data/news/2022_12_23_283.txt
2022-12-23T22:03:01Z,‘Once in a generation’ freeze for Christmas as bomb cyclone hits US,https://www.theguardian.com/us-news/2022/dec/23/us-weather-bomb-cyclone-us-christmas-latest,article,cyclone,data/news/2022_12_23_284.txt
2022-12-22T23:23:10Z,"Potential bomb cyclone is ‘serious stuff’, Biden warns as Arctic blast looms",https://www.theguardian.com/us-news/2022/dec/22/arctic-blast-us-weather-holiday-travel,article,cyclone,data/news/2022_12_22_285.txt
2022-12-15T11:01:01Z,"Blizzard warnings, tornadoes and two deaths as storm marches across US | First Thing",https://www.theguardian.com/us-news/2022/dec/15/first-thing-blizzard-warnings-tornadoes-and-two-deaths-as-storm-marches-across-us,article,storm,data/news/2022_12_15_286.txt
2022-12-25T16:21:18Z,‘Life-threatening hazard’: 28 dead in Arctic storm battering US,https://www.theguardian.com/us-news/2022/dec/25/christmas-arctic-storm-buffalo-new-york,article,storm,data/news/2022_12_25_287.txt
2022-12-28T17:00:38Z,Western US battles rain and flooding as ‘atmospheric river’ storm hits,https://www.theguardian.com/us-news/2022/dec/28/flooding-oregon-washington-california-pacific-northwest-storm-rain,article,storm,data/news/2022_12_28_288.txt
2022-12-29T21:25:25Z,Human toll of deadly US storm grows in ‘blizzard of the century’,https://www.theguardian.com/us-news/2022/dec/29/blizzard-century-deadly-us-storm-buffalo,article,storm,data/news/2022_12_29_289.txt
2022-12-28T01:21:02Z,New York winter storm death toll at 34 with more snow on the way,https://www.theguardian.com/us-news/2022/dec/27/new-york-snowstorm-death-toll-us-winter-storm-buffalo,article,storm,data/news/2022_12_28_290.txt
2022-12-26T22:12:43Z,At least 48 people dead in US winter storm as freezing conditions to continue,https://www.theguardian.com/us-news/2022/dec/26/us-storm-dozens-of-lives-lost-as-arctic-freeze-grips-nation,article,storm,data/news/2022_12_26_291.txt
2022-12-28T18:57:46Z,National guard check door-to-door in Buffalo after storm that killed 34,https://www.theguardian.com/us-news/2022/dec/28/buffalo-storm-national-guard-new-york,article,storm,data/news/2022_12_28_292.txt
2022-12-23T07:00:02Z,‘We got lucky’: inside California’s strangely quiet wildfire year,https://www.theguardian.com/us-news/2022/dec/23/california-2022-fire-season-anomaly-climate-crisis,article,wildfire,data/news/2022_12_23_293.txt
2022-12-18T16:30:42Z,Major winter storm expected to hit much of US before Christmas ,https://www.theguardian.com/us-news/2022/dec/18/us-major-winter-storm-expected-christmas,article,storm,data/news/2022_12_18_294.txt
2022-12-23T11:00:03Z,‘A storm is coming’: migrants stuck on US-Mexico border as temperatures plummet,https://www.theguardian.com/us-news/2022/dec/23/us-mexico-border-el-paso-title-42,article,storm,data/news/2022_12_23_295.txt
2022-12-21T17:56:31Z,Texans brace for freezing weather in hopes storm won’t be repeat of 2021,https://www.theguardian.com/us-news/2022/dec/21/texas-weather-winter-storm-freeze,article,storm,data/news/2022_12_21_296.txt
2023-01-06T00:14:04Z, Two dead as ‘bomb cyclone’ brings heavy winds and rain to California,https://www.theguardian.com/us-news/2023/jan/05/california-storm-weather-atmospheric-river,article,cyclone,data/news/2023_01_06_297.txt
2023-01-06T20:03:21Z,Back-to-back storms in California drop deluge of rain and snow with more ahead,https://www.theguardian.com/us-news/2023/jan/06/back-to-back-storms-drop-deluge-of-rain-and-snow-in-california-with-more-ahead,article,storm,data/news/2023_01_06_298.txt
2023-01-07T11:00:17Z,Bomb cyclones to atmospheric rivers: what’s causing the California deluge?,https://www.theguardian.com/us-news/2023/jan/07/california-storm-deluge-cause-bomb-cyclone-atmospheric-river,article,cyclone,data/news/2023_01_07_299.txt
2023-01-16T22:05:11Z,Town where Martin Luther King Jr made historic march reels from tornado,https://www.theguardian.com/us-news/2023/jan/16/selma-alabama-martin-luther-king-march-tornado,article,tornado,data/news/2023_01_16_300.txt
2023-01-11T19:02:02Z,Q&A: will the California storms ease the state’s drought?,https://www.theguardian.com/us-news/2023/jan/11/california-storms-drought-explainer-will-it-help,article,storm,data/news/2023_01_11_301.txt
2023-01-11T01:25:53Z,"Death toll in California storms hits 17 and ‘likely to grow’, says state’s governor",https://www.theguardian.com/us-news/2023/jan/10/california-storms-flooding-evacuations-latest,article,storm,data/news/2023_01_11_302.txt
2023-01-13T19:57:24Z,Deaths from US tornadoes rise to nine as crews search for trapped survivors,https://www.theguardian.com/us-news/2023/jan/13/tornadoes-georgia-alabama-south-death-toll,article,tornado,data/news/2023_01_13_303.txt
2023-01-19T11:00:07Z,Saved by a rainy day? Californians ‘harvest’ water during historic storms,https://www.theguardian.com/us-news/2023/jan/19/california-water-harvesting-historic-storms-drought,article,storm,data/news/2023_01_19_304.txt
2023-01-12T19:23:51Z,"Dramatic spike in rain has helped counter California’s extreme drought, data reveals",https://www.theguardian.com/us-news/2023/jan/12/dramatic-spike-rain-california-extreme-drought,article,drought,data/news/2023_01_12_305.txt
2023-01-27T11:00:49Z,Larger than usual snowpack in California gives hope of reprieve in drought,https://www.theguardian.com/us-news/2023/jan/27/california-storms-snowpack-drought-sierra-nevada-climate-crisis,article,drought,data/news/2023_01_27_306.txt
2023-01-02T11:00:14Z,Biden declares Arizona floods a federal disaster for Havasupai tribe,https://www.theguardian.com/us-news/2023/jan/02/biden-disaster-havasupai-tribe-arizona-flooding,article,flood,data/news/2023_01_02_307.txt
2023-01-09T10:50:06Z,Lula vows to punish Bolsonaro supporters who stormed congress | First Thing,https://www.theguardian.com/us-news/2023/jan/09/first-thing-lula-vows-to-punish-bolsonaro-supporters-who-stormed-congress,article,storm,data/news/2023_01_09_308.txt
2023-02-27T17:31:23Z,"US battered by tornadoes, wind and snow as more storms expected",https://www.theguardian.com/us-news/2023/feb/27/us-winter-storms,article,storm,data/news/2023_02_27_309.txt
2023-02-23T11:00:04Z,‘Help us fight’: California farmers ask for more aid after deadly storms,https://www.theguardian.com/us-news/2023/feb/23/california-farm-workers-disaster-relief,article,storm,data/news/2023_02_23_310.txt
2023-02-07T11:24:32Z,"First Thing: Turkey and Syria earthquake death toll ‘could pass 20,000’",https://www.theguardian.com/us-news/2023/feb/07/first-thing-turkey-syria-earthquake-death-toll,article,earthquake,data/news/2023_02_07_311.txt
2023-02-06T13:20:02Z,First Thing: 7.8-magnitude earthquake in Turkey and Syria kills hundreds,https://www.theguardian.com/us-news/2023/feb/06/first-thing-78-magnitude-earthquake-in-turkey-and-syria-kills-at-least-1500,article,earthquake,data/news/2023_02_06_312.txt
2023-03-31T13:17:38Z,"Spring storm from western US to bring blizzards, tornadoes and showers ",https://www.theguardian.com/us-news/2023/mar/31/us-weather-storm-great-lakes-texas,article,storm,data/news/2023_03_31_313.txt
2023-03-03T21:21:18Z,Midwest and north-east US brace for powerful storm and possible tornadoes,https://www.theguardian.com/us-news/2023/mar/03/us-weather-latest-storms-midwest-north-east,article,storm,data/news/2023_03_03_314.txt
2023-03-10T11:00:50Z,"Megafires, drought and heat killing conifer seedlings in US west – study",https://www.theguardian.com/us-news/2023/mar/10/us-west-megafire-drought-heat-killing-conifer-seedling-study,article,drought,data/news/2023_03_10_315.txt
2023-03-27T10:00:44Z,They grow America’s strawberries. A vicious flood made them climate migrants,https://www.theguardian.com/us-news/2023/mar/27/california-farm-workers-pajaro-california-flooding,article,flood,data/news/2023_03_27_316.txt
2023-03-09T22:41:23Z,California declares state of emergency as subtropical storm moves over state,https://www.theguardian.com/us-news/2023/mar/09/california-emergency-storm-weather-flooding,article,storm,data/news/2023_03_09_317.txt
2023-03-27T18:37:34Z,"Mississippi tornado recovery will likely take years, officials say",https://www.theguardian.com/us-news/2023/mar/27/mississippi-tornado-damage-rolling-fork,article,tornado,data/news/2023_03_27_318.txt
2023-03-22T01:39:50Z,One person killed and another injured in ‘remarkable’ California storm,https://www.theguardian.com/us-news/2023/mar/21/california-storms-atmospheric-rivers-spring,article,storm,data/news/2023_03_22_319.txt
2023-03-02T02:07:43Z,California pounded by snowfall as storms shutter national parks,https://www.theguardian.com/us-news/2023/mar/01/california-winter-storms-snow,article,storm,data/news/2023_03_02_320.txt
2023-03-16T18:32:43Z,California water restrictions eased as cliff sides crumble after storms,https://www.theguardian.com/us-news/2023/mar/16/california-atmospheric-river-drought-water-restrictions,article,storm,data/news/2023_03_16_321.txt
2023-03-29T16:56:35Z,"Powerful storm brings more wind, rain and snow to California",https://www.theguardian.com/us-news/2023/mar/29/powerful-storm-more-wind-rain-snow-california-damage,article,storm,data/news/2023_03_29_322.txt
2023-03-12T19:44:56Z,Another ‘atmospheric river’ threatens to hit California as state reels from storms,https://www.theguardian.com/us-news/2023/mar/12/california-suffers-power-losses-and-two-deaths-after-latest-storms,article,storm,data/news/2023_03_12_323.txt
2023-04-02T04:24:43Z,Monster storm system leaves at least 26 dead through US south and midwest,https://www.theguardian.com/us-news/2023/mar/31/arkansas-tornado-little-rock,article,storm,data/news/2023_04_02_324.txt
2023-04-05T20:41:37Z,Missouri tornado kills five people and causes widespread destruction,https://www.theguardian.com/us-news/2023/apr/05/deadly-tornado-missouri-michigan-illiinois,article,tornado,data/news/2023_04_05_325.txt
2023-04-20T16:00:36Z,"‘Tsunami of pilot retirements’ coming to US aviation industry, experts warn",https://www.theguardian.com/us-news/2023/apr/20/pilot-retirements-us-airline-industry,article,tsunami,data/news/2023_04_20_326.txt
2023-04-01T07:01:44Z,Drought or no drought? California left pondering after record winter deluge,https://www.theguardian.com/us-news/2023/apr/01/california-drought-status-winter-storms-weather,article,drought,data/news/2023_04_01_327.txt
2023-04-18T10:00:37Z,An immigrant farmer grew produce for restaurants. California floods ruined her crops,https://www.theguardian.com/us-news/2023/apr/18/california-immigrant-farmers-flooding,article,flood,data/news/2023_04_18_328.txt
2023-04-16T10:00:08Z,California’s ‘big melt’ has begun and could bring perilous flooding with it,https://www.theguardian.com/us-news/2023/apr/16/california-snowpack-big-melt-flooding-weather,article,flood,data/news/2023_04_16_329.txt
2023-04-10T10:00:17Z, ‘We all want to be home’: California town faces slow recovery after historic flood,https://www.theguardian.com/us-news/2023/apr/10/pajaro-california-historic-flood-rebuild,article,flood,data/news/2023_04_10_330.txt
2023-05-08T10:00:03Z,‘They’re sacrificing us’: a California town feels ignored months after flood,https://www.theguardian.com/us-news/2023/may/08/flood-ravaged-residents-ignored-planada-california,article,flood,data/news/2023_05_08_331.txt
2023-05-01T12:30:46Z,Virginia Beach declares state of emergency after tornado,https://www.theguardian.com/us-news/2023/may/01/virginia-beach-tornado-state-of-emergency,article,tornado,data/news/2023_05_01_332.txt
2023-05-26T19:58:08Z,US sailor’s death stemmed from ‘near perfect storm’ of Seal training failures,https://www.theguardian.com/us-news/2023/may/26/sailor-death-navy-seal-hell-week,article,storm,data/news/2023_05_26_333.txt
2023-05-27T15:18:40Z,Insurance giant halts sale of new home policies in California due to wildfires,https://www.theguardian.com/us-news/2023/may/27/state-farm-home-insurance-california-wildfires,article,wildfire,data/news/2023_05_27_334.txt
2023-05-02T12:49:01Z,At least six people killed in highway pile-up in Illinois during dust storm,https://www.theguardian.com/us-news/2023/may/01/illinois-dust-storm-crashes,article,storm,data/news/2023_05_02_335.txt
2023-06-28T13:50:25Z,Heatwave in south and wildfire smoke in north buffet US from both sides,https://www.theguardian.com/us-news/2023/jun/28/us-heatwave-wildfire-smoke-air-quality-extreme-weather,article,wildfire,data/news/2023_06_28_336.txt
2023-06-16T12:14:04Z,Three people killed and one missing after tornadoes strike Texas town,https://www.theguardian.com/us-news/2023/jun/15/tornadoes-perryton-north-texas-one-dead-75-injured,article,tornado,data/news/2023_06_16_337.txt
2023-06-11T11:00:50Z,‘A portion of paradise’: how the drought is bringing a lost US canyon back to life,https://www.theguardian.com/us-news/2023/jun/11/lake-powell-glen-canyon-drought-reservoir,article,drought,data/news/2023_06_11_338.txt
2023-06-15T16:23:47Z,US midwest braces for smoky skies as Canadian wildfires rage on,https://www.theguardian.com/us-news/2023/jun/15/wildfire-smoke-midwest-air-quality-minnesota-wisconsin-canada,article,wildfire,data/news/2023_06_15_339.txt
2023-06-03T17:00:36Z,The reckoning that wasn’t: how the largest US power firm avoided a trial for a deadly wildfire,https://www.theguardian.com/us-news/2023/jun/03/us-zogg-wildfire-power-company-avoided-trial,article,wildfire,data/news/2023_06_03_340.txt
2023-06-02T21:18:24Z,US air quality as far south as Virginia affected by Nova Scotia wildfires,https://www.theguardian.com/us-news/2023/jun/02/us-air-quality-virginia-maryland-nova-scotia-wildfires,article,wildfire,data/news/2023_06_02_341.txt
2023-06-07T09:42:42Z,"Kyiv predicts 42,000 at risk from dam flooding | First Thing",https://www.theguardian.com/us-news/2023/jun/07/first-thing-ukraine-risk-dam-flooding,article,flood,data/news/2023_06_07_342.txt
2023-06-08T18:00:37Z,New York’s essential workers bear the brunt of poor air quality from wildfires,https://www.theguardian.com/us-news/2023/jun/08/essential-workers-air-quality-smoke-hazard-delivery-drivers-wildfires-new-york,article,wildfire,data/news/2023_06_08_343.txt
2023-07-13T19:00:23Z,‘Definitely unprecedented’: Vermont wildlife also affected by historic flooding,https://www.theguardian.com/us-news/2023/jul/13/vermont-wildlife-historic-flooding,article,flood,data/news/2023_07_13_344.txt
2023-07-12T14:15:06Z, ‘Everything got wrecked’: Vermont city begins cleanup after devastating flood,https://www.theguardian.com/us-news/2023/jul/12/montpelier-vermont-flood-rain-damage,article,flood,data/news/2023_07_12_345.txt
2023-07-12T13:07:23Z,Americans warned not to swim or drive in hazardous flood waters,https://www.theguardian.com/us-news/2023/jul/12/vermont-flood-warning-water-swim-drive-massachusetts,article,flood,data/news/2023_07_12_346.txt
2023-07-31T19:09:29Z,Huge wildfire explodes in southern California and spreads into Nevada,https://www.theguardian.com/us-news/2023/jul/31/california-wildfire-mojave-york-fire,article,wildfire,data/news/2023_07_31_347.txt
2023-07-17T15:31:30Z,Millions on alert as wildfire smoke from Canada to spread to US,https://www.theguardian.com/us-news/2023/jul/17/wildfire-smoke-canada-us-air-quality,article,wildfire,data/news/2023_07_17_348.txt
2023-07-17T13:57:32Z,Pennsylvania flash flood: five people killed and two children missing,https://www.theguardian.com/us-news/2023/jul/17/pennsylvania-flash-flood-buck-county-missing-people,article,flood,data/news/2023_07_17_349.txt
2023-07-18T10:36:47Z,Greece battles to contain wildfires as temperature in Italy forecast to hit 46C | First Thing,https://www.theguardian.com/us-news/2023/jul/18/first-thing-greece-battles-wildfires-as-temperature-in-italy-forecast-to-hit-46c,article,wildfire,data/news/2023_07_18_350.txt
2023-07-11T18:47:10Z,Vermont capital cut off by flood waters as dam threatens to overflow,https://www.theguardian.com/us-news/2023/jul/11/vermont-flooding-dam-montpelier,article,flood,data/news/2023_07_11_351.txt
2023-07-13T02:01:02Z,Tornadoes halt Chicago air traffic as residents urged to seek shelter,https://www.theguardian.com/us-news/2023/jul/12/chicago-tornadoes-storms-airport-traffic-ohare-midway,article,tornado,data/news/2023_07_13_352.txt
2023-07-21T20:00:58Z,‘A bad perfect storm’: the US cities where temperatures have sizzled for 70 days,https://www.theguardian.com/us-news/2023/jul/21/us-heatwaves-longer-south-west,article,storm,data/news/2023_07_21_353.txt
2023-08-31T23:02:28Z,Hurricane Idalia leaves trail of floods and wreckage in south-eastern US,https://www.theguardian.com/us-news/2023/aug/31/hurricane-idalia-florida-north-south-carolina-georgia,article,flood,data/news/2023_08_31_354.txt
2023-08-31T01:52:42Z,Hurricane Idalia batters south-eastern US causing storm surges and power outages,https://www.theguardian.com/us-news/2023/aug/30/hurricane-idalia-florida-landfall,article,storm,data/news/2023_08_31_355.txt
2023-08-21T11:53:31Z,Tropical Storm Hilary reaches southern California | First Thing,https://www.theguardian.com/us-news/2023/aug/21/first-thing-tropical-storm-hilary-reaches-southern-california,article,storm,data/news/2023_08_21_356.txt
2023-08-22T00:54:39Z,Weakening Storm Hilary leaves floods and mud behind in California,https://www.theguardian.com/us-news/2023/aug/21/california-flooding-rain-storm-hilary,article,storm,data/news/2023_08_22_357.txt
2023-08-21T20:42:05Z,What role did the climate crisis play in Storm Hilary – and could there be more like it? ,https://www.theguardian.com/us-news/2023/aug/21/california-hilary-storm-climate-crisis-explainer,article,storm,data/news/2023_08_21_358.txt
2023-08-29T16:48:45Z,Hurricane Idalia closes in on Florida with warnings of 125mph winds,https://www.theguardian.com/us-news/2023/aug/29/hurricane-idalia-florida-gulf-coast,article,hurricane,data/news/2023_08_29_359.txt
2023-08-31T12:37:06Z,Hurricane Idalia could become 2023’s costliest climate disaster for the US,https://www.theguardian.com/us-news/2023/aug/31/hurricane-idalia-cost-update-category-3-florida-georgia,article,hurricane,data/news/2023_08_31_360.txt
2023-08-21T19:05:44Z,Ted Cruz duped by fake image of shark on flooded LA highway ,https://www.theguardian.com/us-news/2023/aug/21/storm-hilary-ted-cruz-shared-fake-shark-picture-los-angeles,article,flood,data/news/2023_08_21_361.txt
2023-08-08T16:12:21Z,Two dead and hundreds of thousands without power as storm hits eastern US,https://www.theguardian.com/us-news/2023/aug/08/two-dead-storm-alabama-south-carolina,article,storm,data/news/2023_08_08_362.txt
2023-08-10T23:43:18Z,‘It looks like a war zone’: Lahaina residents tell of wildfire ‘nightmare’,https://www.theguardian.com/us-news/2023/aug/10/hawaii-lahaina-maui-wildfire-survivors,article,wildfire,data/news/2023_08_10_363.txt
2023-08-30T23:28:07Z,What is a storm surge and what is the threat from Hurricane Idalia?,https://www.theguardian.com/world/2023/aug/30/idalia-storm-surge-threat-explainer,article,storm,data/news/2023_08_30_364.txt
2023-08-12T17:23:59Z,Hawaii congresswoman says state underestimated lethality of wildfires,https://www.theguardian.com/us-news/2023/aug/12/hawaii-congresswomanstate-underestimated-lethality-wildfires,article,wildfire,data/news/2023_08_12_365.txt
2023-08-10T11:03:38Z,First Thing: dozens die in unprecedented Hawaii wildfires,https://www.theguardian.com/us-news/2023/aug/10/first-thing-dozens-die-in-unprecedented-hawaii-wildfires,article,wildfire,data/news/2023_08_10_366.txt
2023-08-08T09:54:02Z,First Thing: Storms in US north-east wreak havoc and leave two dead ,https://www.theguardian.com/us-news/2023/aug/08/first-thing-storms-in-us-north-east-wreak-havoc-and-leave-two-dead,article,storm,data/news/2023_08_08_367.txt
2023-08-25T23:51:24Z,Louisiana residents told to ‘get out now’ in face of sweeping wildfire,https://www.theguardian.com/us-news/2023/aug/25/louisiana-wildfire-tiger-island-fire-evacuation,article,wildfire,data/news/2023_08_25_368.txt
2023-08-10T23:48:22Z,Hawaii wildfires: how did the deadly Maui fire start and what caused it?,https://www.theguardian.com/us-news/2023/aug/09/hawaii-wildfires-maui-explainer,article,wildfire,data/news/2023_08_10_369.txt
2023-08-16T18:00:54Z,"Tropical storms killing more Americans as climate crisis deepens, study finds",https://www.theguardian.com/us-news/2023/aug/16/atlantic-storms-deadlier-people-of-color-excess-deaths,article,storm,data/news/2023_08_16_370.txt
2023-08-30T09:52:56Z,Idalia to hit Florida as ‘extremely dangerous’ category 4 hurricane | First Thing,https://www.theguardian.com/us-news/2023/aug/30/first-thing-idalia-hit-florida-extremely-dangerous-category-4-hurricane,article,hurricane,data/news/2023_08_30_371.txt
2023-08-25T16:08:23Z,Hawaii officials release list of 388 people missing after Maui wildfires,https://www.theguardian.com/us-news/2023/aug/25/hawaii-fires-missing-people-maui,article,wildfire,data/news/2023_08_25_372.txt
2023-08-13T20:55:40Z,Hawaii wildfires: deadliest US blaze in a century kills at least 93 people,https://www.theguardian.com/us-news/2023/aug/13/hawaii-wildfires-at-least-89-confirmed-killed-after-deadliest-us-blaze-in-100-years,article,wildfire,data/news/2023_08_13_373.txt
2023-08-11T00:24:06Z,‘Like a bomb went off’: Maui wildfires decimate historic town of Lahaina,https://www.theguardian.com/us-news/2023/aug/10/lahaina-maui-wildfire-damage,article,wildfire,data/news/2023_08_11_374.txt
2023-08-11T09:26:51Z,Death toll from Hawaii wildfires increases to 55 as search for survivors continues,https://www.theguardian.com/us-news/2023/aug/10/hawaii-fire-kills-people-lahaina-town-maui,article,wildfire,data/news/2023_08_11_375.txt
2023-08-15T02:13:57Z,Maui wildfires: Hawaii governor says at least 99 dead amid ‘incredible’ destruction,https://www.theguardian.com/us-news/2023/aug/14/hawaii-fires-lahaina-maui-death-toll-missing,article,wildfire,data/news/2023_08_15_376.txt
2023-08-10T21:41:52Z,‘Heartbeat of Lahaina Town’: wildfire chars beloved 150-year-old banyan tree,https://www.theguardian.com/us-news/2023/aug/10/lahaina-banyan-tree-burned-hawaii-wildfire,article,wildfire,data/news/2023_08_10_377.txt
2023-08-22T20:26:30Z,Thousands lose power as Texas braces for deluge from Tropical Storm Harold,https://www.theguardian.com/us-news/2023/aug/22/texas-tropical-storm-harold-rain-flood-warning,article,storm,data/news/2023_08_22_378.txt
2023-08-02T19:21:13Z,California’s largest wildfire of the year threatens fragile desert ecosystem,https://www.theguardian.com/us-news/2023/aug/02/california-york-fire-joshua-tree,article,wildfire,data/news/2023_08_02_379.txt
2023-08-17T10:00:14Z,Maui wildfires expose rift over island’s tourism: ‘We’re more vulnerable than anyone admits’,https://www.theguardian.com/us-news/2023/aug/17/maui-wildfires-expose-rift,article,wildfire,data/news/2023_08_17_380.txt
2023-08-18T11:00:48Z,‘Coral are going to die’: Maui wildfires take toxic toll on marine ecology,https://www.theguardian.com/us-news/2023/aug/18/hawaii-fires-environmental-harm-coral-reefs-grasses,article,wildfire,data/news/2023_08_18_381.txt
2023-08-14T11:00:56Z,Hawaii wildfires kill at least 93 people | First Thing,https://www.theguardian.com/us-news/2023/aug/14/first-thing-hawaii-wildfires-lahaina-kansas,article,wildfire,data/news/2023_08_14_382.txt
2023-09-02T19:57:19Z,Biden tours Florida hurricane damage: ‘nobody can deny impacts of climate crisis’,https://www.theguardian.com/us-news/2023/sep/02/joe-biden-visits-hurricane-florida-desantis,article,hurricane,data/news/2023_09_02_383.txt
2023-09-01T13:56:35Z,States count cost of Hurricane Idalia as experts say it could have been far worse,https://www.theguardian.com/us-news/2023/sep/01/hurricane-idalia-damage-florida-biden,article,hurricane,data/news/2023_09_01_384.txt
2023-09-08T11:00:38Z,DeSantis struggles to shake Hurricane Idalia’s dark clouds after snub to Biden,https://www.theguardian.com/us-news/2023/sep/08/ron-desantis-campaign-struggles-hurricane-idalia-biden-snub,article,hurricane,data/news/2023_09_08_385.txt
2023-09-29T21:34:40Z,New York declares state of emergency amid heavy rainfall and flash flooding,https://www.theguardian.com/us-news/2023/sep/29/new-york-flash-flooding-rain-weather-state-emergency-mta,article,flood,data/news/2023_09_29_386.txt
2023-09-02T15:09:55Z,DeSantis snubs Biden as president tours Hurricane Idalia damage in Florida,https://www.theguardian.com/us-news/2023/sep/02/ron-desantis-snubs-joe-biden-hurricane-idalia,article,hurricane,data/news/2023_09_02_387.txt
2023-09-07T10:00:24Z,‘Occupied by the US’: wildfires renew Native Hawaiian call for sovereignty,https://www.theguardian.com/us-news/2023/sep/07/native-hawaiian-sovereignty-maui-wildfires,article,wildfire,data/news/2023_09_07_388.txt
2023-09-14T09:32:25Z,First Thing: Appeals for body bags amid fears of epidemic after Libya floods,https://www.theguardian.com/us-news/2023/sep/14/first-thing-appeals-for-body-bags-amid-fears-of-epidemic-after-libya-floods,article,flood,data/news/2023_09_14_389.txt
2023-10-16T16:44:44Z,What you need to know about the loophole hiding the extent of US wildfire pollution,https://www.theguardian.com/us-news/2023/oct/16/epa-rule-responsible-for-wildfire-smoke-not-reported-americans-health,article,wildfire,data/news/2023_10_16_390.txt
2023-10-06T11:00:40Z,"Dead lawns, dry wells: Texas drought persists after summer heat dome",https://www.theguardian.com/us-news/2023/oct/06/texas-drought-heat-dome,article,drought,data/news/2023_10_06_391.txt
2023-10-11T11:52:49Z,‘A sacrifice zone’: East Palestine’s wastewater is flooding into this Ohio community,https://www.theguardian.com/us-news/2023/oct/11/a-sacrifice-zone-east-palestines-wastewater-is-flooding-into-this-ohio-community,article,flood,data/news/2023_10_11_392.txt
2023-10-02T16:18:55Z,New York City faces lower air quality from Canada wildfires,https://www.theguardian.com/us-news/2023/oct/02/new-york-city-air-quality-smoke-canada-wildfires,article,wildfire,data/news/2023_10_02_393.txt
2023-11-08T15:35:40Z,Vibrations of Texas’s fourth-strongest earthquake felt hundreds of miles away,https://www.theguardian.com/us-news/2023/nov/08/texas-earthquake-new-mexico,article,earthquake,data/news/2023_11_08_394.txt
2023-11-13T16:02:37Z,Man who stormed US Capitol in face paint files paperwork for congressional run,https://www.theguardian.com/us-news/2023/nov/13/jacob-chansley-run-congress-arizona-january-6-riot,article,storm,data/news/2023_11_13_395.txt
2023-11-20T23:16:44Z,"Rain, snow and severe storms may disrupt Thanksgiving travel plans in US",https://www.theguardian.com/us-news/2023/nov/20/thanksgiving-traffic-weather-rain-storm-travel-delay,article,storm,data/news/2023_11_20_396.txt
2023-11-10T14:36:13Z,Digested week: Ivanka Trump provides the calm after the storm,https://www.theguardian.com/us-news/2023/nov/10/digested-week-ivanka-trump-provides-the-calm-after-the-storm,article,storm,data/news/2023_11_10_397.txt
2023-11-08T11:20:43Z,First Thing: Families flee past tanks as Israel begins to storm Gaza City,https://www.theguardian.com/us-news/2023/nov/08/first-thing-families-flee-past-tanks-as-israel-begins-to-storm-gaza-city,article,storm,data/news/2023_11_08_398.txt
2023-11-05T16:00:12Z,"A town re-emerges from the ashes of a devastating wildfire. But five years on, is Paradise for all?",https://www.theguardian.com/us-news/2023/nov/05/california-camp-fire-rebuilding-paradise-housing,article,wildfire,data/news/2023_11_05_399.txt
2023-12-26T19:26:36Z,Blizzard conditions hit US northern plains and upper midwest,https://www.theguardian.com/us-news/2023/dec/26/blizzard-midwest-snow-travel-weather-warning,article,blizzard,data/news/2023_12_26_400.txt
2023-12-19T17:31:30Z,‘Gut punch’ US north-eastern storm leaves at least six people dead ,https://www.theguardian.com/us-news/2023/dec/19/northeast-monday-storm-death-flooding,article,storm,data/news/2023_12_19_401.txt
2023-12-20T14:00:15Z,The Maui wildfire exacerbated a housing crisis. Can tiny homes and ADUs offer a solution?,https://www.theguardian.com/us-news/2023/dec/20/maui-wildfire-housing-crisis-solutions-tiny-homes-adu,article,wildfire,data/news/2023_12_20_402.txt
